Order_ID,Order_Date,Customer_ID,Product,Category,Region,Sales_Channel,Sales_Rep,Units_Sold,Unit_Price,Discount,Revenue,Cost,Profit,Profit_Margin,Payment_Method,Customer_Rating,Returned,Month
ORD100462,2025-01-01,CUST10344,Mouse,Accessories,South,Online,Rep_19,2,1141,0.02,2236.36,1855.06,381.3,17.05,Debit Card,3.5,No,2025-01
ORD103002,2025-01-01,CUST10516,Printer,Office,North,Online,Rep_12,2,13221,0.2,21153.6,18856.63,2296.97,10.86,Debit Card,3.9,No,2025-01
ORD100787,2025-01-01,CUST10216,Keyboard,Accessories,North,Retail Store,Rep_04,5,2920,0.2,11680.0,11709.09,-29.09,-0.25,Credit Card,5.0,No,2025-01
ORD103855,2025-01-01,CUST10601,Mouse,Accessories,North,Retail Store,Rep_11,3,878,0.1,2370.6,1985.46,385.14,16.25,Debit Card,3.2,No,2025-01
ORD101947,2025-01-01,CUST10132,Monitor,Accessories,North,Online,Rep_11,7,27591,0.02,189274.26,126201.65,63072.61,33.32,Net Banking,4.9,No,2025-01
ORD103237,2025-01-01,CUST10552,Smartphone,Mobile,East,Online,Rep_16,7,48222,0.08,310549.68,292858.89,17690.79,5.7,Credit Card,4.1,No,2025-01
ORD103085,2025-01-01,CUST10110,Headphones,Audio,Central,Online,Rep_16,1,3274,0.08,3012.08,2188.71,823.37,27.34,Credit Card,3.7,No,2025-01
ORD100054,2025-01-02,CUST10615,Webcam,Accessories,East,Partner,Rep_04,1,6445,0.1,5800.5,4932.6,867.9,14.96,Credit Card,3.2,No,2025-01
ORD104790,2025-01-02,CUST10433,Tablet,Mobile,North,Online,Rep_15,6,16383,0.15,83553.3,69674.41,13878.89,16.61,Cash,4.2,Yes,2025-01
ORD102518,2025-01-02,CUST10109,Monitor,Accessories,North,Retail Store,Rep_03,5,18146,0.08,83471.6,75028.63,8442.97,10.11,Net Banking,3.9,No,2025-01
ORD100781,2025-01-02,CUST10519,Mouse,Accessories,East,Retail Store,Rep_01,8,1488,0.15,10118.4,8962.8,1155.6,11.42,Credit Card,3.6,No,2025-01
ORD100735,2025-01-02,CUST10365,Tablet,Mobile,North,Online,Rep_01,8,33325,0.05,253270.0,218345.06,34924.94,13.79,UPI,3.8,No,2025-01
ORD101070,2025-01-02,CUST10565,Smartphone,Mobile,South,Online,Rep_09,5,46315,0.05,219996.25,174960.23,45036.02,20.47,Credit Card,3.9,No,2025-01
ORD102388,2025-01-02,CUST10620,Mouse,Accessories,Central,Online,Rep_10,3,1840,0.1,4968.0,3849.07,1118.93,22.52,UPI,3.2,No,2025-01
ORD102448,2025-01-02,CUST10512,Smartphone,Mobile,North,Retail Store,Rep_09,3,34946,0.1,94354.2,74835.69,19518.51,20.69,UPI,3.5,Yes,2025-01
ORD100618,2025-01-03,CUST10515,Smartphone,Mobile,South,Online,Rep_10,3,30606,0.0,91818.0,59700.06,32117.94,34.98,Credit Card,3.6,No,2025-01
ORD102081,2025-01-03,CUST10078,Laptop,Computers,West,Retail Store,Rep_20,3,60507,0.2,145216.8,117307.11,27909.69,19.22,UPI,4.9,No,2025-01
ORD104974,2025-01-03,CUST10532,Headphones,Audio,South,Partner,Rep_19,2,8271,0.2,13233.6,11519.1,1714.5,12.96,Debit Card,3.5,No,2025-01
ORD102033,2025-01-03,CUST10454,Monitor,Accessories,Central,Online,Rep_02,5,24060,0.08,110676.0,95936.35,14739.65,13.32,Credit Card,4.2,No,2025-01
ORD104666,2025-01-03,CUST10454,Headphones,Audio,South,Online,Rep_20,5,4743,0.08,21817.8,18478.61,3339.19,15.3,Credit Card,4.1,Yes,2025-01
ORD103039,2025-01-03,CUST10743,Laptop,Computers,West,Retail Store,Rep_09,6,72360,0.2,347328.0,340172.83,7155.17,2.06,Credit Card,4.3,No,2025-01
ORD104470,2025-01-03,CUST10510,Webcam,Accessories,East,Retail Store,Rep_16,3,3104,0.2,7449.6,6287.6,1162.0,15.6,Debit Card,3.5,No,2025-01
ORD104091,2025-01-03,CUST10622,Headphones,Audio,South,Partner,Rep_09,2,7089,0.05,13469.1,10191.91,3277.19,24.33,Debit Card,4.6,Yes,2025-01
ORD104962,2025-01-03,CUST10151,Smartphone,Mobile,East,Online,Rep_16,5,61284,0.2,245136.0,191415.97,53720.03,21.91,Debit Card,4.7,No,2025-01
ORD104415,2025-01-03,CUST10422,Monitor,Accessories,North,Retail Store,Rep_05,6,14473,0.08,79890.96,70403.23,9487.73,11.88,Cash,3.1,No,2025-01
ORD102044,2025-01-04,CUST10691,Smartphone,Mobile,West,Online,Rep_13,6,47531,0.05,270926.7,196886.42,74040.28,27.33,UPI,3.4,No,2025-01
ORD104722,2025-01-04,CUST10272,Laptop,Computers,East,Online,Rep_05,5,95605,0.0,478025.0,403968.82,74056.18,15.49,Net Banking,3.4,No,2025-01
ORD104533,2025-01-04,CUST10222,Smartphone,Mobile,South,Online,Rep_16,5,39990,0.2,159960.0,170017.65,-10057.65,-6.29,Credit Card,3.3,No,2025-01
ORD103045,2025-01-04,CUST10499,Headphones,Audio,South,Partner,Rep_06,3,8839,0.05,25191.15,23176.23,2014.92,8.0,UPI,2.3,No,2025-01
ORD100445,2025-01-04,CUST10144,Printer,Office,South,Online,Rep_20,3,27949,0.0,83847.0,65013.03,18833.97,22.46,Debit Card,4.6,No,2025-01
ORD100223,2025-01-04,CUST10089,Laptop,Computers,North,Partner,Rep_10,8,96852,0.0,774816.0,561940.66,212875.34,27.47,Credit Card,4.1,Yes,2025-01
ORD102708,2025-01-04,CUST10748,Smartphone,Mobile,West,Retail Store,Rep_19,2,29852,0.08,54927.68,44295.4,10632.28,19.36,UPI,3.8,No,2025-01
ORD100501,2025-01-04,CUST10386,Mouse,Accessories,Central,Partner,Rep_06,2,1057,0.0,2114.0,1371.33,742.67,35.13,Credit Card,3.0,No,2025-01
ORD104577,2025-01-05,CUST10531,Monitor,Accessories,West,Online,Rep_08,7,16394,0.02,112462.84,80005.64,32457.2,28.86,UPI,3.6,No,2025-01
ORD103608,2025-01-05,CUST10679,Smartphone,Mobile,East,Retail Store,Rep_18,1,33661,0.15,28611.85,26338.36,2273.49,7.95,UPI,4.0,No,2025-01
ORD104317,2025-01-05,CUST10195,Headphones,Audio,North,Online,Rep_12,7,1719,0.1,10829.7,10165.77,663.93,6.13,Credit Card,3.9,No,2025-01
ORD100141,2025-01-05,CUST10698,Smartwatch,Wearables,West,Online,Rep_01,1,20486,0.05,19461.7,14143.93,5317.77,27.32,Net Banking,3.4,No,2025-01
ORD103485,2025-01-05,CUST10041,Keyboard,Accessories,South,Online,Rep_09,7,1548,0.05,10294.2,8208.75,2085.45,20.26,UPI,3.8,No,2025-01
ORD101372,2025-01-06,CUST10203,Smartphone,Mobile,South,Online,Rep_12,5,18575,0.02,91017.5,62504.52,28512.98,31.33,Credit Card,4.1,No,2025-01
ORD103988,2025-01-06,CUST10341,Monitor,Accessories,Central,Partner,Rep_14,2,17997,0.05,34194.3,29475.1,4719.2,13.8,UPI,4.2,No,2025-01
ORD104688,2025-01-06,CUST10554,Laptop,Computers,South,Online,Rep_12,8,47806,0.05,363325.6,317064.76,46260.84,12.73,Cash,4.1,No,2025-01
ORD102364,2025-01-06,CUST10567,Monitor,Accessories,North,Retail Store,Rep_20,2,23214,0.05,45499.44,29526.73,15972.71,35.11,Debit Card,5.0,No,2025-01
ORD104991,2025-01-06,CUST10017,Smartwatch,Wearables,East,Online,Rep_01,5,3715,0.0,18575.0,11796.32,6778.68,36.49,Credit Card,3.9,No,2025-01
ORD104757,2025-01-06,CUST10522,Laptop,Computers,South,Retail Store,Rep_11,2,98227,0.05,186631.3,126269.13,60362.17,32.34,UPI,4.5,No,2025-01
ORD100730,2025-01-06,CUST10158,Smartphone,Mobile,South,Online,Rep_08,2,64343,0.05,122251.7,94854.34,27397.36,22.41,Credit Card,4.1,No,2025-01
ORD101673,2025-01-06,CUST10115,Webcam,Accessories,West,Online,Rep_08,3,8750,0.0,26250.0,21748.51,4501.49,17.15,Net Banking,3.8,No,2025-01
ORD103738,2025-01-07,CUST10364,Headphones,Audio,East,Retail Store,Rep_20,2,7077,0.05,13446.3,9334.65,4111.65,30.58,Credit Card,4.2,No,2025-01
ORD101836,2025-01-07,CUST10702,Mouse,Accessories,East,Online,Rep_17,5,2023,0.15,8597.75,6996.34,1601.41,18.63,Credit Card,3.6,No,2025-01
ORD100776,2025-01-07,CUST10218,Smartphone,Mobile,East,Retail Store,Rep_11,8,34748,0.15,236286.4,224105.94,12180.46,5.15,UPI,4.0,No,2025-01
ORD100301,2025-01-07,CUST10699,Laptop,Computers,East,Partner,Rep_01,4,64399,0.1,231836.4,213497.24,18339.16,7.91,Net Banking,4.9,No,2025-01
ORD101452,2025-01-07,CUST10329,Mouse,Accessories,East,Partner,Rep_04,5,1451,0.1,6529.5,5968.19,561.31,8.6,Debit Card,3.5,No,2025-01
ORD102528,2025-01-07,CUST10740,Smartwatch,Wearables,West,Online,Rep_20,2,18265,0.05,34703.5,30075.91,4627.59,13.33,Debit Card,4.0,No,2025-01
ORD102809,2025-01-07,CUST10394,Monitor,Accessories,Central,Retail Store,Rep_12,3,25866,0.1,69838.2,54486.26,15351.94,21.98,Net Banking,4.0,No,2025-01
ORD101324,2025-01-07,CUST10194,Smartphone,Mobile,South,Online,Rep_12,3,63273,0.15,161346.15,139681.91,21664.24,13.43,Credit Card,3.0,No,2025-01
ORD101312,2025-01-07,CUST10081,Webcam,Accessories,North,Partner,Rep_03,4,3034,0.05,11529.2,10412.4,1116.8,9.69,Net Banking,3.4,No,2025-01
ORD101158,2025-01-07,CUST10399,Webcam,Accessories,North,Partner,Rep_20,8,8281,0.08,60948.16,56977.11,3971.05,6.52,Debit Card,3.6,No,2025-01
ORD104035,2025-01-07,CUST10244,Smartphone,Mobile,North,Retail Store,Rep_02,1,32011,0.05,30410.45,21862.29,8548.16,28.11,UPI,4.0,No,2025-01
ORD102738,2025-01-08,CUST10441,Keyboard,Accessories,Central,Retail Store,Rep_18,5,2315,0.15,9838.75,8858.07,980.68,9.97,UPI,4.2,No,2025-01
ORD100061,2025-01-08,CUST10277,Tablet,Mobile,South,Online,Rep_14,4,51599,0.02,202268.08,173992.3,28275.78,13.98,Credit Card,3.9,No,2025-01
ORD103363,2025-01-08,CUST10330,Mouse,Accessories,West,Online,Rep_09,1,1873,0.05,1779.35,1467.48,311.87,17.53,UPI,3.3,No,2025-01
ORD104572,2025-01-08,CUST10230,Mouse,Accessories,North,Online,Rep_05,2,2462,0.05,4677.8,4328.08,349.72,7.48,Net Banking,2.7,No,2025-01
ORD103720,2025-01-08,CUST10111,Smartphone,Mobile,South,Online,Rep_07,8,57427,0.1,413474.4,393919.45,19554.95,4.73,Net Banking,3.4,No,2025-01
ORD103158,2025-01-08,CUST10439,Laptop,Computers,South,Retail Store,Rep_20,4,61296,0.02,240280.32,161068.17,79212.15,32.97,UPI,4.0,No,2025-01
ORD104878,2025-01-08,CUST10706,Mouse,Accessories,North,Online,Rep_12,4,1825,0.1,6570.0,4665.93,1904.07,28.98,Credit Card,4.4,No,2025-01
ORD101397,2025-01-08,CUST10341,Monitor,Accessories,Central,Online,Rep_14,4,19970,0.05,75886.0,68133.23,7752.77,10.22,Credit Card,3.1,No,2025-01
ORD103600,2025-01-08,CUST10269,Mouse,Accessories,West,Online,Rep_01,2,1177,0.05,2236.3,1587.2,649.1,29.03,UPI,4.8,No,2025-01
ORD103641,2025-01-08,CUST10022,Smartphone,Mobile,Central,Partner,Rep_03,8,63572,0.0,508576.0,366319.63,142256.37,27.97,Credit Card,4.5,No,2025-01
ORD103614,2025-01-08,CUST10409,Printer,Office,Central,Online,Rep_20,8,7108,0.05,54020.8,36430.87,17589.93,32.56,Debit Card,3.3,No,2025-01
ORD101875,2025-01-09,CUST10623,Headphones,Audio,North,Partner,Rep_10,4,8341,0.15,28359.4,26588.79,1770.61,6.24,Net Banking,3.4,No,2025-01
ORD100017,2025-01-09,CUST10576,Tablet,Mobile,South,Online,Rep_06,1,48256,0.2,38604.8,34356.82,4247.98,11.0,Credit Card,4.3,No,2025-01
ORD104873,2025-01-09,CUST10006,Smartphone,Mobile,West,Online,Rep_02,2,42406,0.1,76330.8,61744.9,14585.9,19.11,Net Banking,3.7,No,2025-01
ORD102735,2025-01-09,CUST10238,Smartwatch,Wearables,North,Online,Rep_20,5,7059,0.1,31765.5,25037.85,6727.65,21.18,Credit Card,4.7,No,2025-01
ORD100848,2025-01-09,CUST10259,Smartwatch,Wearables,South,Retail Store,Rep_10,6,13145,0.15,67039.5,60411.19,6628.31,9.89,UPI,4.4,No,2025-01
ORD102871,2025-01-09,CUST10228,Webcam,Accessories,North,Online,Rep_05,5,4804,0.05,22819.0,17067.74,5751.26,25.2,Credit Card,3.6,No,2025-01
ORD102149,2025-01-09,CUST10621,Monitor,Accessories,East,Online,Rep_12,7,12058,0.0,84406.0,67465.41,16940.59,20.07,UPI,3.9,No,2025-01
ORD101411,2025-01-09,CUST10631,Smartphone,Mobile,Central,Partner,Rep_15,5,63140,0.08,290444.0,263555.6,26888.4,9.26,Debit Card,3.8,No,2025-01
ORD104528,2025-01-10,CUST10539,Webcam,Accessories,South,Retail Store,Rep_13,5,8117,0.1,36526.5,33971.24,2555.26,7.0,Cash,3.8,No,2025-01
ORD104852,2025-01-10,CUST10612,Tablet,Mobile,South,Retail Store,Rep_20,1,51441,0.05,48868.95,36683.25,12185.7,24.94,Net Banking,4.1,No,2025-01
ORD102126,2025-01-10,CUST10107,Mouse,Accessories,Central,Partner,Rep_04,6,853,0.1,4606.2,4040.99,565.21,12.27,Credit Card,3.6,No,2025-01
ORD102724,2025-01-10,CUST10273,Monitor,Accessories,East,Retail Store,Rep_08,2,11240,0.05,21356.0,17631.36,3724.64,17.44,UPI,3.9,No,2025-01
ORD102381,2025-01-10,CUST10152,Printer,Office,South,Online,Rep_06,7,8860,0.05,58919.0,51264.39,7654.61,12.99,UPI,4.6,Yes,2025-01
ORD103377,2025-01-10,CUST10423,Headphones,Audio,South,Online,Rep_15,1,10296,0.08,9472.32,6409.42,3062.9,32.34,Debit Card,3.5,No,2025-01
ORD100651,2025-01-10,CUST10003,Laptop,Computers,North,Online,Rep_04,8,76672,0.05,582707.2,383697.35,199009.85,34.15,Credit Card,4.7,No,2025-01
ORD101657,2025-01-10,CUST10472,Keyboard,Accessories,Central,Online,Rep_16,1,2444,0.05,2321.8,2138.0,183.8,7.92,Credit Card,4.5,Yes,2025-01
ORD104988,2025-01-10,CUST10531,Mouse,Accessories,Central,Retail Store,Rep_04,4,1337,0.0,5348.0,4108.91,1239.09,23.17,Net Banking,3.9,No,2025-01
ORD100176,2025-01-11,CUST10687,Smartphone,Mobile,South,Retail Store,Rep_19,4,12389,0.02,48564.88,41627.93,6936.95,14.28,UPI,2.9,No,2025-01
ORD102715,2025-01-11,CUST10462,Laptop,Computers,South,Retail Store,Rep_07,1,109364,0.0,109364.0,90806.5,18557.5,16.97,Credit Card,4.7,No,2025-01
ORD103613,2025-01-11,CUST10184,Tablet,Mobile,Central,Partner,Rep_18,1,17839,0.15,15163.15,13093.88,2069.27,13.65,Net Banking,2.8,No,2025-01
ORD104214,2025-01-11,CUST10573,Smartphone,Mobile,South,Partner,Rep_02,7,31782,0.1,200226.6,189741.34,10485.26,5.24,UPI,5.0,No,2025-01
ORD104464,2025-01-11,CUST10171,Smartphone,Mobile,West,Retail Store,Rep_13,1,18156,0.08,16703.52,13846.73,2856.79,17.1,Net Banking,3.7,No,2025-01
ORD101431,2025-01-11,CUST10094,Monitor,Accessories,South,Partner,Rep_14,7,26289,0.02,180342.54,127458.41,52884.13,29.32,Credit Card,4.0,No,2025-01
ORD102229,2025-01-11,CUST10626,Tablet,Mobile,West,Retail Store,Rep_09,1,48463,0.15,41193.55,41635.91,-442.36,-1.07,Credit Card,4.1,No,2025-01
ORD102172,2025-01-11,CUST10296,Laptop,Computers,West,Online,Rep_02,3,62006,0.15,158115.3,154868.29,3247.01,2.05,Debit Card,4.3,No,2025-01
ORD101612,2025-01-11,CUST10269,Mouse,Accessories,South,Online,Rep_18,2,993,0.05,1886.7,1509.41,377.29,20.0,Net Banking,3.8,No,2025-01
ORD103658,2025-01-12,CUST10057,Keyboard,Accessories,South,Online,Rep_14,2,1075,0.05,2042.5,1400.96,641.54,31.41,Net Banking,4.4,No,2025-01
ORD100836,2025-01-12,CUST10191,Monitor,Accessories,North,Retail Store,Rep_20,1,28529,0.08,26246.68,20130.33,6116.35,23.3,Debit Card,3.8,No,2025-01
ORD104765,2025-01-12,CUST10527,Keyboard,Accessories,West,Retail Store,Rep_05,1,3294,0.05,3129.3,2298.7,830.6,26.54,UPI,4.2,No,2025-01
ORD103402,2025-01-12,CUST10410,Laptop,Computers,East,Partner,Rep_14,4,54899,0.15,186656.6,137557.4,49099.2,26.3,Debit Card,3.8,No,2025-01
ORD101263,2025-01-12,CUST10362,Tablet,Mobile,West,Retail Store,Rep_16,6,16770,0.05,95589.0,87211.09,8377.91,8.76,Credit Card,4.7,No,2025-01
ORD101428,2025-01-12,CUST10671,Smartwatch,Wearables,West,Partner,Rep_05,5,14866,0.02,72843.4,64100.87,8742.53,12.0,Debit Card,3.5,No,2025-01
ORD104215,2025-01-12,CUST10356,Mouse,Accessories,West,Retail Store,Rep_12,5,1191,0.2,4764.0,4335.24,428.76,9.0,UPI,4.0,No,2025-01
ORD100046,2025-01-12,CUST10126,Mouse,Accessories,West,Retail Store,Rep_04,7,1010,0.02,6928.6,5865.09,1063.51,15.35,Credit Card,3.5,No,2025-01
ORD103235,2025-01-12,CUST10410,Monitor,Accessories,West,Partner,Rep_12,3,13481,0.15,34376.55,25437.3,8939.25,26.0,Net Banking,3.6,Yes,2025-01
ORD103219,2025-01-12,CUST10098,Headphones,Audio,West,Retail Store,Rep_09,7,5258,0.1,33125.4,30157.34,2968.06,8.96,Cash,5.0,No,2025-01
ORD101614,2025-01-12,CUST10567,Tablet,Mobile,East,Online,Rep_04,7,16565,0.1,104359.5,101276.69,3082.81,2.95,UPI,3.7,No,2025-01
ORD102663,2025-01-12,CUST10603,Smartphone,Mobile,East,Retail Store,Rep_08,7,52344,0.0,366408.0,290955.77,75452.23,20.59,Net Banking,4.5,No,2025-01
ORD101707,2025-01-12,CUST10197,Mouse,Accessories,South,Partner,Rep_01,2,1211,0.2,1937.6,1915.95,21.65,1.12,Credit Card,4.5,No,2025-01
ORD102479,2025-01-12,CUST10009,Smartphone,Mobile,East,Online,Rep_08,8,43246,0.0,345968.0,225565.71,120402.29,34.8,UPI,4.5,No,2025-01
ORD104078,2025-01-13,CUST10258,Smartphone,Mobile,East,Online,Rep_14,8,46687,0.05,354821.2,299046.37,55774.83,15.72,Cash,4.9,No,2025-01
ORD102370,2025-01-13,CUST10402,Headphones,Audio,West,Online,Rep_08,5,1874,0.0,9370.0,7417.78,1952.22,20.83,Credit Card,4.5,No,2025-01
ORD103944,2025-01-13,CUST10573,Monitor,Accessories,East,Online,Rep_14,5,19620,0.15,83385.0,80251.25,3133.75,3.76,UPI,4.5,No,2025-01
ORD103952,2025-01-13,CUST10614,Printer,Office,West,Online,Rep_08,8,23716,0.1,170755.2,154940.57,15814.63,9.26,Credit Card,3.5,No,2025-01
ORD104142,2025-01-13,CUST10519,Smartphone,Mobile,South,Retail Store,Rep_13,4,12824,0.05,48731.2,34995.77,13735.43,28.19,UPI,3.3,No,2025-01
ORD102315,2025-01-13,CUST10204,Smartwatch,Wearables,West,Retail Store,Rep_20,3,7018,0.0,21054.0,17533.37,3520.63,16.72,Debit Card,2.9,No,2025-01
ORD104691,2025-01-13,CUST10712,Tablet,Mobile,East,Online,Rep_14,8,45259,0.0,362072.0,255107.63,106964.37,29.54,Credit Card,3.4,No,2025-01
ORD103849,2025-01-13,CUST10429,Headphones,Audio,West,Partner,Rep_06,1,7508,0.15,6381.8,6243.54,138.26,2.17,Cash,4.1,No,2025-01
ORD104961,2025-01-13,CUST10440,Keyboard,Accessories,South,Retail Store,Rep_09,8,2048,0.0,16384.0,14004.76,2379.24,14.52,Cash,4.0,No,2025-01
ORD102150,2025-01-13,CUST10159,Printer,Office,East,Retail Store,Rep_16,3,11004,0.0,33012.0,25175.55,7836.45,23.74,UPI,4.6,No,2025-01
ORD104480,2025-01-13,CUST10325,Keyboard,Accessories,South,Online,Rep_20,7,3607,0.15,21461.65,21608.46,-146.81,-0.68,UPI,4.1,No,2025-01
ORD100542,2025-01-13,CUST10572,Mouse,Accessories,Central,Partner,Rep_04,2,657,0.08,1208.88,957.62,251.26,20.78,UPI,4.3,No,2025-01
ORD100145,2025-01-13,CUST10309,Smartphone,Mobile,South,Retail Store,Rep_06,7,52735,0.0,369145.0,277186.28,91958.72,24.91,Credit Card,4.1,No,2025-01
ORD101086,2025-01-13,CUST10047,Monitor,Accessories,South,Online,Rep_12,7,22810,0.0,159670.0,111076.72,48593.28,30.43,Debit Card,4.0,No,2025-01
ORD100709,2025-01-14,CUST10541,Smartphone,Mobile,Central,Online,Rep_09,1,40844,0.0,40844.0,35210.46,5633.54,13.79,Credit Card,4.0,No,2025-01
ORD104967,2025-01-14,CUST10251,Smartwatch,Wearables,West,Retail Store,Rep_10,1,7577,0.05,7198.15,5972.22,1225.93,17.03,UPI,4.7,No,2025-01
ORD103590,2025-01-14,CUST10231,Smartphone,Mobile,West,Online,Rep_19,6,17627,0.2,84609.6,85539.37,-929.77,-1.1,UPI,4.3,No,2025-01
ORD100030,2025-01-14,CUST10145,Laptop,Computers,South,Online,Rep_12,4,103723,0.2,331913.6,309402.26,22511.34,6.78,Debit Card,3.9,No,2025-01
ORD102194,2025-01-14,CUST10392,Keyboard,Accessories,North,Online,Rep_03,2,3483,0.1,6269.4,4737.23,1532.17,24.44,UPI,4.2,Yes,2025-01
ORD102180,2025-01-14,CUST10458,Keyboard,Accessories,East,Retail Store,Rep_02,3,3993,0.05,11380.05,10453.04,927.01,8.15,UPI,4.1,No,2025-01
ORD104024,2025-01-14,CUST10748,Printer,Office,South,Partner,Rep_15,3,25825,0.0,77475.0,49717.44,27757.56,35.83,Net Banking,3.0,No,2025-01
ORD103748,2025-01-14,CUST10387,Monitor,Accessories,East,Retail Store,Rep_14,3,12533,0.15,31959.15,25593.77,6365.38,19.92,Net Banking,3.7,No,2025-01
ORD101883,2025-01-14,CUST10571,Mouse,Accessories,Central,Online,Rep_20,1,1644,0.2,1315.2,1316.82,-1.62,-0.12,UPI,4.4,No,2025-01
ORD100401,2025-01-14,CUST10204,Laptop,Computers,West,Online,Rep_02,8,107662,0.05,818231.2,542649.25,275581.95,33.68,Credit Card,3.3,Yes,2025-01
ORD101241,2025-01-15,CUST10296,Webcam,Accessories,Central,Online,Rep_06,4,6450,0.0,25800.0,16267.98,9532.02,36.95,Debit Card,4.3,No,2025-01
ORD103669,2025-01-15,CUST10729,Laptop,Computers,South,Partner,Rep_02,5,68477,0.15,291027.25,240408.44,50618.81,17.39,Cash,3.0,No,2025-01
ORD102231,2025-01-15,CUST10140,Headphones,Audio,North,Retail Store,Rep_11,4,5948,0.1,21412.8,15143.29,6269.51,29.28,UPI,3.3,No,2025-01
ORD103784,2025-01-15,CUST10070,Printer,Office,West,Online,Rep_08,2,27707,0.08,50980.88,45713.88,5267.0,10.33,UPI,3.4,No,2025-01
ORD102841,2025-01-15,CUST10337,Monitor,Accessories,West,Partner,Rep_20,1,11709,0.08,10772.28,7630.4,3141.88,29.17,Credit Card,3.6,No,2025-01
ORD104504,2025-01-15,CUST10057,Laptop,Computers,East,Online,Rep_18,7,59439,0.02,407751.54,289758.68,117992.86,28.94,UPI,4.2,No,2025-01
ORD102083,2025-01-16,CUST10559,Monitor,Accessories,East,Retail Store,Rep_05,5,25151,0.08,115694.6,108205.12,7489.48,6.47,UPI,3.7,No,2025-01
ORD101103,2025-01-16,CUST10560,Webcam,Accessories,West,Partner,Rep_19,5,6341,0.0,31705.0,20958.35,10746.65,33.9,UPI,3.5,No,2025-01
ORD101637,2025-01-16,CUST10515,Monitor,Accessories,South,Online,Rep_20,4,28125,0.15,95625.0,73315.51,22309.49,23.33,Credit Card,4.1,No,2025-01
ORD104291,2025-01-16,CUST10254,Keyboard,Accessories,West,Retail Store,Rep_01,4,2608,0.15,8867.2,8635.9,231.3,2.61,Credit Card,4.0,No,2025-01
ORD100591,2025-01-16,CUST10232,Smartphone,Mobile,North,Retail Store,Rep_18,7,45368,0.05,301697.2,235146.68,66550.52,22.06,Debit Card,3.6,No,2025-01
ORD104752,2025-01-16,CUST10301,Monitor,Accessories,East,Online,Rep_16,4,25879,0.08,95234.72,71788.86,23445.86,24.62,Net Banking,3.9,No,2025-01
ORD100157,2025-01-16,CUST10571,Mouse,Accessories,West,Retail Store,Rep_20,2,1137,0.05,2160.3,1864.48,295.82,13.69,Cash,3.4,No,2025-01
ORD101160,2025-01-16,CUST10550,Laptop,Computers,East,Online,Rep_03,5,94918,0.08,436622.8,339512.78,97110.02,22.24,Debit Card,4.2,No,2025-01
ORD104518,2025-01-16,CUST10293,Webcam,Accessories,East,Retail Store,Rep_11,2,5950,0.02,11662.0,7753.79,3908.21,33.51,UPI,4.4,No,2025-01
ORD100758,2025-01-16,CUST10050,Keyboard,Accessories,West,Online,Rep_14,2,803,0.1,1445.4,1247.45,197.95,13.7,Debit Card,3.5,No,2025-01
ORD104667,2025-01-16,CUST10644,Laptop,Computers,West,Online,Rep_13,2,95118,0.02,186431.28,133922.68,52508.6,28.17,Debit Card,5.0,No,2025-01
ORD104109,2025-01-16,CUST10565,Webcam,Accessories,West,Online,Rep_16,5,8710,0.02,42679.0,28570.09,14108.91,33.06,Debit Card,4.5,No,2025-01
ORD104702,2025-01-16,CUST10052,Laptop,Computers,West,Retail Store,Rep_04,3,85981,0.2,206354.4,176589.66,29764.74,14.42,UPI,3.5,No,2025-01
ORD104727,2025-01-16,CUST10158,Webcam,Accessories,North,Online,Rep_08,2,7069,0.08,13006.96,8770.81,4236.15,32.57,Credit Card,5.0,No,2025-01
ORD102783,2025-01-17,CUST10657,Smartwatch,Wearables,Central,Retail Store,Rep_15,1,17286,0.2,13828.8,10728.65,3100.15,22.42,Credit Card,3.5,No,2025-01
ORD100474,2025-01-17,CUST10526,Webcam,Accessories,West,Partner,Rep_20,6,7266,0.1,39236.4,32666.12,6570.28,16.75,Net Banking,2.7,No,2025-01
ORD102236,2025-01-17,CUST10665,Keyboard,Accessories,West,Retail Store,Rep_11,4,1801,0.15,6123.4,5465.17,658.23,10.75,Credit Card,4.4,No,2025-01
ORD104358,2025-01-17,CUST10347,Mouse,Accessories,South,Retail Store,Rep_05,6,2084,0.08,11503.68,8893.17,2610.51,22.69,Credit Card,2.8,No,2025-01
ORD104232,2025-01-17,CUST10139,Keyboard,Accessories,West,Online,Rep_15,1,3953,0.02,3873.94,2561.42,1312.52,33.88,Debit Card,3.2,No,2025-01
ORD102492,2025-01-17,CUST10296,Smartphone,Mobile,Central,Retail Store,Rep_09,2,30131,0.0,60262.0,37880.81,22381.19,37.14,Debit Card,4.6,No,2025-01
ORD104912,2025-01-17,CUST10289,Keyboard,Accessories,South,Online,Rep_20,1,1107,0.15,940.95,699.08,241.87,25.7,Credit Card,3.4,Yes,2025-01
ORD103051,2025-01-17,CUST10556,Smartphone,Mobile,West,Retail Store,Rep_13,1,23578,0.05,22399.1,17980.61,4418.49,19.73,Credit Card,4.0,No,2025-01
ORD101045,2025-01-17,CUST10577,Webcam,Accessories,North,Retail Store,Rep_12,8,1904,0.08,14013.44,12568.09,1445.35,10.31,Net Banking,3.4,No,2025-01
ORD100384,2025-01-17,CUST10629,Webcam,Accessories,South,Retail Store,Rep_12,2,1755,0.1,3159.0,2704.61,454.39,14.38,Net Banking,4.8,No,2025-01
ORD101146,2025-01-17,CUST10102,Webcam,Accessories,West,Online,Rep_10,4,6420,0.08,23625.6,20160.66,3464.94,14.67,Credit Card,3.7,Yes,2025-01
ORD102975,2025-01-18,CUST10038,Tablet,Mobile,North,Partner,Rep_09,4,40083,0.0,160332.0,114119.76,46212.24,28.82,Credit Card,3.4,No,2025-01
ORD100094,2025-01-18,CUST10202,Keyboard,Accessories,West,Partner,Rep_07,8,1050,0.05,7980.0,6444.08,1535.92,19.25,Credit Card,3.9,No,2025-01
ORD103387,2025-01-18,CUST10041,Smartphone,Mobile,Central,Online,Rep_16,2,46711,0.05,88750.9,76376.53,12374.37,13.94,UPI,3.1,No,2025-01
ORD102923,2025-01-18,CUST10685,Printer,Office,South,Online,Rep_11,5,23683,0.08,108941.8,91200.05,17741.75,16.29,Debit Card,3.9,No,2025-01
ORD103657,2025-01-18,CUST10483,Tablet,Mobile,Central,Retail Store,Rep_12,5,38015,0.0,190075.0,160186.31,29888.69,15.72,Debit Card,4.8,Yes,2025-01
ORD100957,2025-01-18,CUST10272,Keyboard,Accessories,Central,Partner,Rep_06,4,2722,0.05,10343.6,8379.6,1964.0,18.99,Credit Card,4.2,No,2025-01
ORD100298,2025-01-19,CUST10170,Smartphone,Mobile,East,Retail Store,Rep_09,7,30202,0.08,194500.88,183561.47,10939.41,5.62,Cash,4.5,No,2025-01
ORD100387,2025-01-19,CUST10626,Smartphone,Mobile,West,Retail Store,Rep_04,6,16746,0.1,90428.4,67144.4,23284.0,25.75,Net Banking,4.2,No,2025-01
ORD100354,2025-01-19,CUST10229,Smartphone,Mobile,East,Online,Rep_17,7,46888,0.1,295394.4,225133.97,70260.43,23.79,Credit Card,4.0,No,2025-01
ORD103469,2025-01-19,CUST10380,Printer,Office,South,Online,Rep_16,8,12546,0.08,92338.56,84998.65,7339.91,7.95,Credit Card,3.2,No,2025-01
ORD103579,2025-01-19,CUST10092,Headphones,Audio,West,Partner,Rep_17,7,10216,0.05,67936.4,62148.48,5787.92,8.52,UPI,3.7,No,2025-01
ORD102030,2025-01-19,CUST10175,Mouse,Accessories,South,Online,Rep_14,8,2345,0.08,17259.2,14761.61,2497.59,14.47,UPI,4.6,No,2025-01
ORD103999,2025-01-19,CUST10263,Keyboard,Accessories,North,Online,Rep_04,4,2546,0.05,9674.8,6345.14,3329.66,34.42,Credit Card,4.2,No,2025-01
ORD103295,2025-01-19,CUST10343,Smartwatch,Wearables,Central,Partner,Rep_02,7,7001,0.1,44106.3,41118.11,2988.19,6.77,Credit Card,3.7,No,2025-01
ORD100004,2025-01-19,CUST10409,Keyboard,Accessories,South,Retail Store,Rep_15,8,1660,0.1,11952.0,11075.03,876.97,7.34,Cash,3.7,No,2025-01
ORD102721,2025-01-19,CUST10337,Webcam,Accessories,North,Online,Rep_02,5,8691,0.15,36936.75,37350.81,-414.06,-1.12,Debit Card,3.6,No,2025-01
ORD102884,2025-01-19,CUST10192,Laptop,Computers,East,Retail Store,Rep_20,2,74223,0.1,133601.4,102750.03,30851.37,23.09,Debit Card,3.6,No,2025-01
ORD103348,2025-01-19,CUST10688,Smartphone,Mobile,South,Partner,Rep_10,4,63559,0.02,249151.28,223035.42,26115.86,10.48,Net Banking,3.8,Yes,2025-01
ORD100045,2025-01-19,CUST10166,Smartphone,Mobile,North,Retail Store,Rep_02,3,33720,0.05,96102.0,79444.36,16657.64,17.33,UPI,3.9,No,2025-01
ORD104662,2025-01-20,CUST10251,Mouse,Accessories,South,Retail Store,Rep_12,3,420,0.08,1159.2,799.96,359.24,30.99,Credit Card,3.6,No,2025-01
ORD101930,2025-01-20,CUST10085,Laptop,Computers,East,Retail Store,Rep_14,2,89305,0.15,151818.5,148371.41,3447.09,2.27,UPI,4.6,No,2025-01
ORD100070,2025-01-20,CUST10039,Smartwatch,Wearables,East,Retail Store,Rep_03,7,16134,0.0,112938.0,73917.88,39020.12,34.55,Credit Card,4.0,No,2025-01
ORD102107,2025-01-20,CUST10230,Printer,Office,Central,Online,Rep_04,8,15307,0.02,120006.88,84327.84,35679.04,29.73,Debit Card,3.7,No,2025-01
ORD101076,2025-01-20,CUST10326,Monitor,Accessories,North,Retail Store,Rep_15,2,28194,0.05,53568.6,46580.26,6988.34,13.05,Net Banking,3.8,No,2025-01
ORD102017,2025-01-20,CUST10441,Tablet,Mobile,Central,Retail Store,Rep_13,8,52759,0.05,400968.4,262570.82,138397.58,34.52,UPI,3.8,No,2025-01
ORD102689,2025-01-20,CUST10188,Monitor,Accessories,East,Retail Store,Rep_11,1,19965,0.02,19565.7,15103.55,4462.15,22.81,UPI,3.9,No,2025-01
ORD101510,2025-01-20,CUST10392,Headphones,Audio,West,Retail Store,Rep_13,4,3840,0.08,14131.2,11141.68,2989.52,21.16,Credit Card,3.8,No,2025-01
ORD104414,2025-01-20,CUST10634,Mouse,Accessories,South,Retail Store,Rep_01,7,1016,0.08,6543.04,5804.2,738.84,11.29,Credit Card,5.0,No,2025-01
ORD104011,2025-01-20,CUST10052,Laptop,Computers,South,Online,Rep_17,6,50388,0.08,278141.76,194808.11,83333.65,29.96,UPI,3.1,No,2025-01
ORD104023,2025-01-20,CUST10497,Mouse,Accessories,West,Retail Store,Rep_09,3,1994,0.05,5682.9,4316.72,1366.18,24.04,Debit Card,3.5,No,2025-01
ORD103896,2025-01-20,CUST10641,Printer,Office,South,Partner,Rep_05,4,12933,0.0,51732.0,41574.82,10157.18,19.63,Credit Card,3.3,No,2025-01
ORD104124,2025-01-21,CUST10661,Webcam,Accessories,West,Retail Store,Rep_04,8,6539,0.0,52312.0,33750.66,18561.34,35.48,UPI,5.0,Yes,2025-01
ORD104950,2025-01-21,CUST10521,Printer,Office,South,Retail Store,Rep_02,5,14439,0.02,70751.1,55397.37,15353.73,21.7,Credit Card,3.2,Yes,2025-01
ORD103248,2025-01-21,CUST10368,Monitor,Accessories,Central,Online,Rep_02,1,22687,0.05,21552.65,15399.45,6153.2,28.55,UPI,3.5,No,2025-01
ORD102674,2025-01-21,CUST10006,Smartphone,Mobile,East,Online,Rep_11,5,54411,0.08,250290.6,190437.53,59853.07,23.91,Credit Card,4.8,No,2025-01
ORD101239,2025-01-21,CUST10247,Smartwatch,Wearables,South,Retail Store,Rep_12,1,9277,0.1,8349.3,5967.94,2381.36,28.52,Credit Card,3.8,No,2025-01
ORD100810,2025-01-21,CUST10509,Smartphone,Mobile,Central,Retail Store,Rep_10,4,12479,0.05,47420.2,34647.23,12772.97,26.94,Debit Card,3.4,No,2025-01
ORD104710,2025-01-21,CUST10201,Mouse,Accessories,East,Partner,Rep_20,2,1850,0.05,3515.0,3232.28,282.72,8.04,Net Banking,5.0,No,2025-01
ORD101163,2025-01-21,CUST10340,Tablet,Mobile,East,Online,Rep_16,2,53088,0.05,100867.2,84301.32,16565.88,16.42,Debit Card,3.1,No,2025-01
ORD104934,2025-01-21,CUST10159,Monitor,Accessories,North,Online,Rep_02,7,20002,0.0,140014.0,120355.83,19658.17,14.04,UPI,4.2,No,2025-01
ORD100627,2025-01-21,CUST10650,Monitor,Accessories,East,Retail Store,Rep_06,4,19300,0.15,65620.0,57351.18,8268.82,12.6,Credit Card,4.3,No,2025-01
ORD103198,2025-01-21,CUST10438,Webcam,Accessories,West,Online,Rep_06,2,6580,0.05,12502.0,10297.16,2204.84,17.64,UPI,4.0,No,2025-01
ORD104167,2025-01-22,CUST10219,Smartphone,Mobile,North,Online,Rep_13,3,36525,0.05,104096.25,94552.15,9544.1,9.17,UPI,4.5,No,2025-01
ORD102887,2025-01-22,CUST10296,Monitor,Accessories,West,Retail Store,Rep_20,3,19719,0.0,59157.0,48398.66,10758.34,18.19,Credit Card,4.5,Yes,2025-01
ORD103569,2025-01-22,CUST10030,Headphones,Audio,Central,Retail Store,Rep_11,1,6799,0.1,6119.1,5416.92,702.18,11.48,Credit Card,4.8,No,2025-01
ORD101445,2025-01-22,CUST10076,Webcam,Accessories,South,Online,Rep_20,8,5370,0.02,42100.8,28266.59,13834.21,32.86,UPI,4.2,No,2025-01
ORD102939,2025-01-22,CUST10608,Smartwatch,Wearables,West,Partner,Rep_09,8,6853,0.02,53727.52,45521.33,8206.19,15.27,Credit Card,4.6,No,2025-01
ORD101730,2025-01-22,CUST10419,Mouse,Accessories,South,Retail Store,Rep_03,7,594,0.05,4158.0,3605.84,552.16,13.28,Credit Card,4.4,No,2025-01
ORD101357,2025-01-22,CUST10389,Webcam,Accessories,South,Partner,Rep_12,1,4013,0.08,3691.96,3240.86,451.1,12.22,Credit Card,4.5,No,2025-01
ORD102788,2025-01-23,CUST10697,Smartphone,Mobile,South,Online,Rep_13,7,31743,0.0,222201.0,176192.22,46008.78,20.71,Debit Card,4.5,No,2025-01
ORD101477,2025-01-23,CUST10523,Printer,Office,South,Online,Rep_19,2,9973,0.08,18350.32,16565.76,1784.56,9.72,Credit Card,4.6,No,2025-01
ORD102145,2025-01-23,CUST10330,Monitor,Accessories,West,Retail Store,Rep_14,3,23788,0.05,67795.8,59853.95,7941.85,11.71,Debit Card,4.2,No,2025-01
ORD101987,2025-01-23,CUST10160,Headphones,Audio,South,Retail Store,Rep_13,2,8014,0.08,14745.76,13023.15,1722.61,11.68,UPI,3.8,No,2025-01
ORD101722,2025-01-23,CUST10584,Smartphone,Mobile,West,Online,Rep_12,1,16994,0.08,15634.48,11316.44,4318.04,27.62,Net Banking,4.2,No,2025-01
ORD102570,2025-01-23,CUST10260,Smartwatch,Wearables,West,Online,Rep_17,6,19643,0.1,106072.2,77295.31,28776.89,27.13,Credit Card,3.9,No,2025-01
ORD102361,2025-01-23,CUST10158,Laptop,Computers,South,Retail Store,Rep_11,5,107268,0.05,509523.0,383155.46,126367.54,24.8,Credit Card,3.9,No,2025-01
ORD102547,2025-01-23,CUST10119,Laptop,Computers,West,Partner,Rep_11,4,59135,0.0,236540.0,172036.98,64503.02,27.27,UPI,4.8,No,2025-01
ORD101564,2025-01-23,CUST10388,Smartphone,Mobile,North,Partner,Rep_16,4,54626,0.0,218504.0,189180.62,29323.38,13.42,Net Banking,3.7,No,2025-01
ORD101189,2025-01-24,CUST10398,Tablet,Mobile,South,Online,Rep_10,7,54737,0.08,352506.28,257580.57,94925.71,26.93,UPI,4.1,No,2025-01
ORD102902,2025-01-24,CUST10576,Headphones,Audio,South,Online,Rep_11,4,2449,0.08,9012.32,8221.83,790.49,8.77,Net Banking,3.3,No,2025-01
ORD101010,2025-01-24,CUST10632,Monitor,Accessories,East,Online,Rep_07,5,14413,0.1,64858.5,52550.32,12308.18,18.98,Debit Card,2.9,No,2025-01
ORD103542,2025-01-24,CUST10411,Printer,Office,South,Online,Rep_03,6,13996,0.02,82296.48,66796.47,15500.01,18.83,UPI,2.5,No,2025-01
ORD102970,2025-01-24,CUST10314,Monitor,Accessories,Central,Online,Rep_14,3,29274,0.05,83430.9,55320.25,28110.65,33.69,Net Banking,3.1,No,2025-01
ORD104408,2025-01-24,CUST10290,Smartphone,Mobile,West,Online,Rep_02,6,55731,0.08,307635.12,262154.98,45480.14,14.78,Cash,3.3,No,2025-01
ORD101789,2025-01-24,CUST10006,Laptop,Computers,North,Retail Store,Rep_11,1,73352,0.05,69684.4,62619.22,7065.18,10.14,Credit Card,4.0,No,2025-01
ORD103668,2025-01-24,CUST10728,Smartphone,Mobile,West,Online,Rep_13,3,15995,0.05,45585.75,32725.53,12860.22,28.21,Cash,5.0,No,2025-01
ORD101283,2025-01-24,CUST10511,Keyboard,Accessories,East,Online,Rep_17,7,2087,0.2,11687.2,9468.42,2218.78,18.98,Credit Card,4.1,No,2025-01
ORD104615,2025-01-25,CUST10407,Smartphone,Mobile,East,Online,Rep_13,3,35778,0.08,98747.28,77907.08,20840.2,21.1,Cash,2.7,No,2025-01
ORD104146,2025-01-25,CUST10058,Mouse,Accessories,Central,Online,Rep_08,2,2134,0.1,3841.2,3294.47,546.73,14.23,Net Banking,3.1,No,2025-01
ORD102752,2025-01-25,CUST10461,Mouse,Accessories,West,Retail Store,Rep_05,2,1174,0.05,2230.6,1891.51,339.09,15.2,Cash,4.0,No,2025-01
ORD102426,2025-01-25,CUST10060,Webcam,Accessories,West,Online,Rep_09,2,6703,0.08,12333.52,11106.93,1226.59,9.95,UPI,3.7,No,2025-01
ORD103233,2025-01-25,CUST10616,Smartphone,Mobile,North,Retail Store,Rep_09,7,54385,0.1,342625.5,293522.85,49102.65,14.33,Net Banking,4.4,No,2025-01
ORD100349,2025-01-25,CUST10592,Tablet,Mobile,Central,Retail Store,Rep_10,8,29758,0.02,233302.72,148702.92,84599.8,36.26,UPI,3.6,No,2025-01
ORD100101,2025-01-25,CUST10096,Laptop,Computers,East,Retail Store,Rep_14,6,94173,0.08,519834.96,426555.91,93279.05,17.94,Net Banking,4.3,No,2025-01
ORD102995,2025-01-25,CUST10375,Smartphone,Mobile,North,Retail Store,Rep_06,1,49310,0.02,48323.8,35900.88,12422.92,25.71,Cash,3.8,Yes,2025-01
ORD103725,2025-01-25,CUST10093,Tablet,Mobile,West,Retail Store,Rep_14,2,31010,0.1,55818.0,39650.54,16167.46,28.96,UPI,3.7,No,2025-01
ORD101192,2025-01-25,CUST10514,Keyboard,Accessories,South,Retail Store,Rep_14,4,3128,0.05,11886.4,10630.2,1256.2,10.57,Credit Card,4.8,No,2025-01
ORD104676,2025-01-25,CUST10068,Webcam,Accessories,Central,Retail Store,Rep_15,3,8666,0.0,25998.0,22602.75,3395.25,13.06,UPI,5.0,No,2025-01
ORD103603,2025-01-26,CUST10571,Smartphone,Mobile,South,Retail Store,Rep_01,1,40671,0.15,34570.35,25502.46,9067.89,26.23,Credit Card,3.5,No,2025-01
ORD103048,2025-01-26,CUST10560,Tablet,Mobile,West,Online,Rep_06,4,17569,0.15,59734.6,44984.74,14749.86,24.69,Cash,4.4,No,2025-01
ORD103883,2025-01-26,CUST10637,Smartwatch,Wearables,West,Online,Rep_08,8,7215,0.05,54834.0,37232.11,17601.89,32.1,UPI,3.5,No,2025-01
ORD101812,2025-01-26,CUST10415,Headphones,Audio,South,Partner,Rep_05,4,11160,0.0,44640.0,32938.29,11701.71,26.21,UPI,4.8,No,2025-01
ORD104276,2025-01-26,CUST10657,Keyboard,Accessories,South,Retail Store,Rep_19,2,2718,0.0,5436.0,3987.63,1448.37,26.64,Net Banking,3.4,No,2025-01
ORD101082,2025-01-26,CUST10130,Laptop,Computers,East,Retail Store,Rep_15,8,76903,0.08,566006.08,389058.04,176948.04,31.26,Net Banking,4.1,No,2025-01
ORD104280,2025-01-26,CUST10631,Monitor,Accessories,South,Retail Store,Rep_03,2,10597,0.1,19074.6,16570.23,2504.37,13.13,Credit Card,4.8,No,2025-01
ORD100177,2025-01-26,CUST10619,Mouse,Accessories,Central,Partner,Rep_02,1,1643,0.05,1560.85,1417.91,142.94,9.16,Debit Card,4.6,Yes,2025-01
ORD100665,2025-01-26,CUST10718,Laptop,Computers,North,Retail Store,Rep_17,4,76624,0.08,281976.32,249402.57,32573.75,11.55,UPI,3.8,No,2025-01
ORD100939,2025-01-26,CUST10468,Smartphone,Mobile,West,Online,Rep_10,7,47898,0.05,318521.7,262018.65,56503.05,17.74,Credit Card,3.7,No,2025-01
ORD103224,2025-01-26,CUST10475,Laptop,Computers,West,Retail Store,Rep_05,3,108405,0.15,276432.75,259716.66,16716.09,6.05,Credit Card,4.3,No,2025-01
ORD101178,2025-01-26,CUST10010,Laptop,Computers,West,Online,Rep_11,7,87440,0.05,581476.0,535140.49,46335.51,7.97,UPI,4.5,No,2025-01
ORD100914,2025-01-26,CUST10198,Monitor,Accessories,West,Online,Rep_20,4,15474,0.1,55706.4,53448.11,2258.29,4.05,Credit Card,3.3,No,2025-01
ORD103718,2025-01-26,CUST10619,Laptop,Computers,South,Online,Rep_15,8,105279,0.05,800120.4,697853.97,102266.43,12.78,Credit Card,3.6,No,2025-01
ORD104261,2025-01-26,CUST10065,Smartphone,Mobile,West,Online,Rep_08,2,51608,0.2,82572.8,81983.64,589.16,0.71,Credit Card,3.7,No,2025-01
ORD104054,2025-01-27,CUST10212,Keyboard,Accessories,South,Partner,Rep_13,2,2452,0.08,4511.68,4305.54,206.14,4.57,Debit Card,3.3,No,2025-01
ORD104370,2025-01-27,CUST10234,Smartphone,Mobile,East,Partner,Rep_01,3,43825,0.1,118327.5,114322.93,4004.57,3.38,Net Banking,5.0,No,2025-01
ORD103753,2025-01-27,CUST10488,Tablet,Mobile,East,Online,Rep_14,6,51755,0.05,295003.5,266325.43,28678.07,9.72,Net Banking,4.0,No,2025-01
ORD104860,2025-01-27,CUST10219,Webcam,Accessories,North,Online,Rep_17,4,8159,0.0,32636.0,24955.02,7680.98,23.54,Credit Card,4.6,No,2025-01
ORD100940,2025-01-27,CUST10561,Keyboard,Accessories,West,Retail Store,Rep_17,7,3967,0.0,27769.0,17548.42,10220.58,36.81,Credit Card,4.0,No,2025-01
ORD104554,2025-01-27,CUST10143,Webcam,Accessories,East,Online,Rep_18,2,7524,0.2,12038.4,11856.25,182.15,1.51,UPI,4.4,No,2025-01
ORD102878,2025-01-27,CUST10620,Smartphone,Mobile,West,Partner,Rep_19,8,56531,0.1,407023.2,313896.78,93126.42,22.88,Credit Card,3.1,No,2025-01
ORD104883,2025-01-27,CUST10508,Printer,Office,South,Online,Rep_08,1,18613,0.05,17682.35,14135.32,3547.03,20.06,Debit Card,4.2,No,2025-01
ORD100427,2025-01-27,CUST10191,Monitor,Accessories,Central,Online,Rep_15,2,13355,0.1,24039.0,21642.27,2396.73,9.97,Net Banking,3.8,No,2025-01
ORD103815,2025-01-27,CUST10622,Smartphone,Mobile,South,Partner,Rep_15,5,63107,0.05,299758.25,224056.16,75702.09,25.25,UPI,4.1,No,2025-01
ORD100239,2025-01-28,CUST10082,Mouse,Accessories,West,Retail Store,Rep_10,1,2031,0.05,1990.38,1549.21,441.17,22.17,UPI,2.8,No,2025-01
ORD104092,2025-01-28,CUST10400,Tablet,Mobile,Central,Partner,Rep_15,3,41457,0.1,111933.9,100576.72,11357.18,10.15,UPI,3.1,No,2025-01
ORD102235,2025-01-28,CUST10474,Mouse,Accessories,North,Online,Rep_11,5,817,0.15,3472.25,3113.39,358.86,10.34,UPI,4.1,No,2025-01
ORD103901,2025-01-28,CUST10038,Monitor,Accessories,East,Online,Rep_08,5,10734,0.05,50986.5,37793.84,13192.66,25.87,Cash,4.8,No,2025-01
ORD100785,2025-01-28,CUST10311,Smartphone,Mobile,Central,Online,Rep_17,6,17387,0.08,95976.24,70153.23,25823.01,26.91,UPI,4.3,No,2025-01
ORD102566,2025-01-28,CUST10636,Tablet,Mobile,South,Online,Rep_02,2,52787,0.0,105574.0,69783.89,35790.11,33.9,UPI,4.2,No,2025-01
ORD101887,2025-01-28,CUST10207,Laptop,Computers,North,Online,Rep_19,2,101758,0.2,162812.8,164748.92,-1936.12,-1.19,Debit Card,3.3,No,2025-01
ORD104778,2025-01-29,CUST10599,Tablet,Mobile,West,Partner,Rep_02,1,49599,0.0,49599.0,33069.51,16529.49,33.33,UPI,4.8,No,2025-01
ORD101636,2025-01-29,CUST10442,Smartphone,Mobile,Central,Online,Rep_03,3,56814,0.08,156806.64,125413.75,31392.89,20.02,Debit Card,4.5,No,2025-01
ORD102780,2025-01-29,CUST10314,Smartphone,Mobile,South,Partner,Rep_20,1,17332,0.15,14732.2,12235.19,2497.01,16.95,Credit Card,4.4,Yes,2025-01
ORD101003,2025-01-29,CUST10468,Webcam,Accessories,Central,Partner,Rep_02,2,1756,0.02,3441.76,3066.88,374.88,10.89,UPI,3.9,No,2025-01
ORD100620,2025-01-29,CUST10130,Headphones,Audio,Central,Online,Rep_12,6,1251,0.02,7355.88,5310.23,2045.65,27.81,Cash,4.2,No,2025-01
ORD103202,2025-01-29,CUST10010,Monitor,Accessories,South,Online,Rep_04,5,26227,0.05,124578.25,82791.83,41786.42,33.54,Credit Card,4.4,No,2025-01
ORD103462,2025-01-29,CUST10471,Smartphone,Mobile,Central,Partner,Rep_19,6,48693,0.0,292158.0,183327.72,108830.28,37.25,Cash,4.1,No,2025-01
ORD104920,2025-01-29,CUST10284,Tablet,Mobile,South,Online,Rep_15,7,22045,0.05,146599.25,102676.07,43923.18,29.96,Credit Card,3.3,No,2025-01
ORD100885,2025-01-29,CUST10574,Printer,Office,Central,Online,Rep_15,5,8531,0.0,42655.0,36868.41,5786.59,13.57,Credit Card,2.6,No,2025-01
ORD100849,2025-01-29,CUST10613,Monitor,Accessories,South,Online,Rep_05,5,19989,0.1,89950.5,76370.24,13580.26,15.1,Credit Card,3.6,No,2025-01
ORD101017,2025-01-29,CUST10260,Smartphone,Mobile,East,Partner,Rep_19,1,35999,0.05,34199.05,25966.18,8232.87,24.07,Debit Card,4.7,Yes,2025-01
ORD103816,2025-01-29,CUST10632,Keyboard,Accessories,South,Partner,Rep_01,5,3196,0.0,15980.0,12234.84,3745.16,23.44,UPI,4.3,No,2025-01
ORD103109,2025-01-29,CUST10129,Keyboard,Accessories,Central,Retail Store,Rep_01,2,1155,0.2,1848.0,1547.32,300.68,16.27,UPI,4.5,No,2025-01
ORD104720,2025-01-30,CUST10694,Smartwatch,Wearables,South,Retail Store,Rep_14,7,24311,0.1,153159.3,123914.11,29245.19,19.09,UPI,4.7,No,2025-01
ORD100322,2025-01-30,CUST10657,Headphones,Audio,West,Online,Rep_10,3,6260,0.1,16902.0,16461.62,440.38,2.61,UPI,4.0,No,2025-01
ORD103800,2025-01-30,CUST10057,Keyboard,Accessories,Central,Online,Rep_18,3,2393,0.15,6102.15,5556.4,545.75,8.94,UPI,4.6,No,2025-01
ORD102280,2025-01-30,CUST10720,Laptop,Computers,West,Retail Store,Rep_03,3,89962,0.08,248295.12,186734.49,61560.63,24.79,Credit Card,3.2,No,2025-01
ORD104709,2025-01-31,CUST10275,Printer,Office,South,Partner,Rep_12,3,23985,0.05,68357.25,58215.37,10141.88,14.84,Credit Card,4.0,No,2025-01
ORD102022,2025-01-31,CUST10501,Keyboard,Accessories,Central,Online,Rep_09,8,2412,0.05,18331.2,13740.6,4590.6,25.04,Net Banking,3.8,No,2025-01
ORD103528,2025-01-31,CUST10704,Headphones,Audio,East,Online,Rep_11,3,3118,0.0,9354.0,7515.37,1838.63,19.66,Net Banking,3.6,No,2025-01
ORD101481,2025-01-31,CUST10106,Printer,Office,West,Online,Rep_07,1,23770,0.02,23294.6,18709.51,4585.09,19.68,Debit Card,4.5,No,2025-01
ORD101064,2025-01-31,CUST10381,Monitor,Accessories,West,Online,Rep_19,7,22286,0.15,132601.7,119245.48,13356.22,10.07,Credit Card,3.5,No,2025-01
ORD102250,2025-01-31,CUST10489,Smartphone,Mobile,Central,Online,Rep_04,6,58151,0.15,296570.1,240333.85,56236.25,18.96,Credit Card,4.3,No,2025-01
ORD102712,2025-01-31,CUST10476,Keyboard,Accessories,North,Partner,Rep_01,2,3700,0.08,6808.0,4815.27,1992.73,29.27,Debit Card,3.8,No,2025-01
ORD102621,2025-01-31,CUST10403,Headphones,Audio,Central,Online,Rep_16,6,9861,0.05,56207.7,47548.81,8658.89,15.41,UPI,3.5,No,2025-01
ORD100900,2025-01-31,CUST10106,Laptop,Computers,North,Partner,Rep_01,5,103459,0.08,475911.4,384386.64,91524.76,19.23,Debit Card,4.1,No,2025-01
ORD102982,2025-01-31,CUST10032,Smartphone,Mobile,South,Partner,Rep_19,7,42900,0.08,276276.0,190042.43,86233.57,31.21,UPI,2.5,No,2025-01
ORD100694,2025-01-31,CUST10493,Smartphone,Mobile,East,Online,Rep_10,5,32645,0.1,146902.5,120696.97,26205.53,17.84,Credit Card,2.5,No,2025-01
ORD103616,2025-02-01,CUST10436,Laptop,Computers,Central,Online,Rep_11,7,101022,0.05,671796.3,489912.93,181883.37,27.07,UPI,5.0,Yes,2025-02
ORD102481,2025-02-01,CUST10558,Smartphone,Mobile,West,Retail Store,Rep_17,5,62730,0.1,282285.0,234390.94,47894.06,16.97,UPI,3.6,No,2025-02
ORD100841,2025-02-01,CUST10369,Laptop,Computers,Central,Online,Rep_19,4,50675,0.02,198646.0,148933.72,49712.28,25.03,UPI,3.5,No,2025-02
ORD103234,2025-02-01,CUST10152,Laptop,Computers,North,Online,Rep_02,6,50509,0.05,287901.3,226898.93,61002.37,21.19,Credit Card,4.9,No,2025-02
ORD100880,2025-02-01,CUST10703,Smartphone,Mobile,Central,Online,Rep_12,7,38162,0.05,253777.3,228556.01,25221.29,9.94,UPI,4.1,No,2025-02
ORD104075,2025-02-01,CUST10243,Mouse,Accessories,South,Online,Rep_16,1,1355,0.02,1327.9,1066.66,261.24,19.67,Cash,2.9,No,2025-02
ORD102959,2025-02-02,CUST10514,Smartphone,Mobile,North,Online,Rep_09,2,53259,0.1,95866.2,76057.61,19808.59,20.66,Debit Card,5.0,No,2025-02
ORD102773,2025-02-02,CUST10496,Printer,Office,Central,Online,Rep_19,8,14785,0.05,112366.0,94396.94,17969.06,15.99,Net Banking,3.0,No,2025-02
ORD102108,2025-02-02,CUST10041,Webcam,Accessories,North,Partner,Rep_14,5,6308,0.0,31540.0,25191.9,6348.1,20.13,UPI,3.7,No,2025-02
ORD102741,2025-02-02,CUST10451,Tablet,Mobile,West,Online,Rep_14,3,30964,0.05,88247.4,72549.34,15698.06,17.79,UPI,4.3,No,2025-02
ORD104281,2025-02-03,CUST10625,Smartphone,Mobile,East,Online,Rep_02,7,45328,0.05,301431.2,275443.97,25987.23,8.62,Cash,4.9,Yes,2025-02
ORD101560,2025-02-03,CUST10274,Webcam,Accessories,West,Retail Store,Rep_13,4,5272,0.08,19400.96,18231.75,1169.21,6.03,Credit Card,4.6,No,2025-02
ORD103343,2025-02-03,CUST10712,Mouse,Accessories,South,Retail Store,Rep_14,8,1063,0.05,8078.8,6132.66,1946.14,24.09,UPI,3.2,No,2025-02
ORD104425,2025-02-03,CUST10020,Tablet,Mobile,North,Partner,Rep_08,2,40281,0.02,78950.76,49959.48,28991.28,36.72,Debit Card,4.9,No,2025-02
ORD103397,2025-02-03,CUST10467,Printer,Office,West,Partner,Rep_20,3,14295,0.1,38596.5,35702.67,2893.83,7.5,UPI,4.3,No,2025-02
ORD104026,2025-02-03,CUST10059,Printer,Office,Central,Retail Store,Rep_02,4,19051,0.1,68583.6,54692.84,13890.76,20.25,UPI,4.8,No,2025-02
ORD100987,2025-02-03,CUST10468,Mouse,Accessories,North,Online,Rep_05,6,1466,0.0,8796.0,7029.32,1766.68,20.09,Credit Card,4.7,No,2025-02
ORD104796,2025-02-04,CUST10745,Tablet,Mobile,Central,Online,Rep_11,2,29006,0.02,56851.76,46973.24,9878.52,17.38,UPI,2.7,No,2025-02
ORD104918,2025-02-04,CUST10124,Tablet,Mobile,West,Online,Rep_09,4,22442,0.05,85279.6,55672.61,29606.99,34.72,Debit Card,3.6,No,2025-02
ORD103869,2025-02-04,CUST10478,Mouse,Accessories,West,Partner,Rep_09,1,1423,0.05,1351.85,892.7,459.15,33.96,Debit Card,3.8,No,2025-02
ORD104482,2025-02-04,CUST10725,Monitor,Accessories,South,Retail Store,Rep_07,2,25737,0.08,47356.08,41961.61,5394.47,11.39,Cash,4.1,No,2025-02
ORD103230,2025-02-04,CUST10389,Smartphone,Mobile,North,Partner,Rep_03,5,21182,0.05,100614.5,82167.09,18447.41,18.33,Credit Card,2.5,No,2025-02
ORD101615,2025-02-04,CUST10648,Tablet,Mobile,North,Partner,Rep_06,8,51472,0.05,391187.2,281349.77,109837.43,28.08,Credit Card,3.9,No,2025-02
ORD104936,2025-02-05,CUST10499,Tablet,Mobile,East,Retail Store,Rep_20,8,54128,0.0,433024.0,354491.6,78532.4,18.14,Net Banking,3.5,No,2025-02
ORD100792,2025-02-05,CUST10626,Keyboard,Accessories,West,Online,Rep_13,5,3075,0.15,13068.75,10989.11,2079.64,15.91,Net Banking,4.6,No,2025-02
ORD103098,2025-02-05,CUST10439,Laptop,Computers,South,Online,Rep_04,7,78007,0.05,518746.55,363165.89,155580.66,29.99,UPI,4.7,No,2025-02
ORD104530,2025-02-05,CUST10556,Smartphone,Mobile,South,Online,Rep_20,8,51308,0.08,377626.88,281620.89,96005.99,25.42,Net Banking,5.0,No,2025-02
ORD104076,2025-02-06,CUST10207,Keyboard,Accessories,West,Online,Rep_12,8,2090,0.05,15884.0,14528.17,1355.83,8.54,UPI,3.1,Yes,2025-02
ORD102711,2025-02-06,CUST10282,Headphones,Audio,South,Partner,Rep_05,1,6014,0.08,5532.88,4789.72,743.16,13.43,Debit Card,4.3,No,2025-02
ORD101196,2025-02-06,CUST10734,Webcam,Accessories,North,Online,Rep_13,1,2860,0.05,2717.0,2192.77,524.23,19.29,Debit Card,3.8,No,2025-02
ORD101856,2025-02-06,CUST10196,Smartphone,Mobile,East,Online,Rep_15,1,32083,0.0,32083.0,26326.0,5757.0,17.94,Net Banking,4.4,Yes,2025-02
ORD100288,2025-02-06,CUST10501,Keyboard,Accessories,West,Retail Store,Rep_16,4,3666,0.05,13930.8,9533.5,4397.3,31.57,Credit Card,4.7,No,2025-02
ORD103479,2025-02-06,CUST10531,Monitor,Accessories,East,Online,Rep_01,7,19083,0.05,126901.95,94777.43,32124.52,25.31,Debit Card,3.3,No,2025-02
ORD100435,2025-02-07,CUST10483,Laptop,Computers,South,Online,Rep_11,6,45583,0.1,246148.2,240676.26,5471.94,2.22,Debit Card,4.1,No,2025-02
ORD102425,2025-02-07,CUST10073,Smartphone,Mobile,Central,Online,Rep_09,5,56827,0.05,269928.25,248204.4,21723.85,8.05,Credit Card,3.8,No,2025-02
ORD103081,2025-02-07,CUST10602,Headphones,Audio,West,Online,Rep_14,4,7780,0.2,24896.0,20649.43,4246.57,17.06,Net Banking,4.1,No,2025-02
ORD101079,2025-02-07,CUST10121,Smartphone,Mobile,South,Retail Store,Rep_12,4,12263,0.05,46599.4,40744.76,5854.64,12.56,Debit Card,4.1,No,2025-02
ORD101400,2025-02-07,CUST10178,Headphones,Audio,South,Online,Rep_06,6,6037,0.0,36222.0,24554.65,11667.35,32.21,UPI,4.2,No,2025-02
ORD102761,2025-02-07,CUST10585,Smartphone,Mobile,North,Retail Store,Rep_09,4,51659,0.0,206636.0,138704.54,67931.46,32.87,UPI,3.3,No,2025-02
ORD103304,2025-02-08,CUST10189,Tablet,Mobile,South,Partner,Rep_16,7,53923,0.15,320841.85,313503.28,7338.57,2.29,Debit Card,4.1,No,2025-02
ORD102647,2025-02-08,CUST10396,Smartwatch,Wearables,West,Retail Store,Rep_04,5,4386,0.08,20175.6,14227.69,5947.91,29.48,Debit Card,4.2,No,2025-02
ORD101553,2025-02-08,CUST10680,Printer,Office,Central,Retail Store,Rep_02,4,27131,0.05,103097.8,71565.07,31532.73,30.59,Credit Card,2.6,No,2025-02
ORD100812,2025-02-08,CUST10428,Printer,Office,South,Online,Rep_20,8,20566,0.1,148075.2,132854.87,15220.33,10.28,Credit Card,3.0,No,2025-02
ORD103704,2025-02-08,CUST10562,Printer,Office,West,Partner,Rep_06,8,8858,0.08,65194.88,53130.88,12064.0,18.5,Net Banking,4.0,No,2025-02
ORD102781,2025-02-08,CUST10431,Laptop,Computers,West,Partner,Rep_05,4,71263,0.1,256546.8,218503.08,38043.72,14.83,Net Banking,3.1,No,2025-02
ORD100774,2025-02-08,CUST10168,Monitor,Accessories,East,Online,Rep_11,4,21046,0.05,79974.8,56940.22,23034.58,28.8,Credit Card,3.5,No,2025-02
ORD100092,2025-02-08,CUST10461,Headphones,Audio,South,Partner,Rep_13,7,10499,0.15,62469.05,56029.01,6440.04,10.31,Credit Card,4.9,No,2025-02
ORD100617,2025-02-08,CUST10010,Laptop,Computers,South,Online,Rep_06,1,64558,0.0,64558.0,47799.19,16758.81,25.96,UPI,3.6,No,2025-02
ORD101344,2025-02-08,CUST10569,Headphones,Audio,South,Retail Store,Rep_12,2,5744,0.15,9764.8,7405.53,2359.27,24.16,Debit Card,3.9,Yes,2025-02
ORD104397,2025-02-09,CUST10585,Tablet,Mobile,North,Online,Rep_19,5,30433,0.1,136948.5,119417.08,17531.42,12.8,Net Banking,3.7,No,2025-02
ORD103512,2025-02-09,CUST10694,Laptop,Computers,South,Retail Store,Rep_08,4,81927,0.05,311322.6,283312.94,28009.66,9.0,Debit Card,3.5,No,2025-02
ORD104159,2025-02-09,CUST10268,Smartwatch,Wearables,North,Retail Store,Rep_03,8,5009,0.08,36866.24,30559.41,6306.83,17.11,Credit Card,2.6,No,2025-02
ORD104169,2025-02-09,CUST10278,Tablet,Mobile,South,Online,Rep_11,4,20797,0.08,76532.96,58085.48,18447.48,24.1,UPI,3.3,No,2025-02
ORD102949,2025-02-09,CUST10563,Tablet,Mobile,East,Retail Store,Rep_14,2,33125,0.0,66250.0,51567.24,14682.76,22.16,UPI,3.9,No,2025-02
ORD100171,2025-02-09,CUST10173,Mouse,Accessories,West,Online,Rep_14,7,2267,0.05,15075.55,13293.88,1781.67,11.82,Net Banking,3.9,No,2025-02
ORD100549,2025-02-09,CUST10692,Keyboard,Accessories,West,Online,Rep_15,2,2481,0.05,4713.9,3457.51,1256.39,26.65,UPI,3.4,No,2025-02
ORD103037,2025-02-10,CUST10068,Monitor,Accessories,East,Online,Rep_14,7,21014,0.15,125033.3,123693.74,1339.56,1.07,Debit Card,4.5,No,2025-02
ORD102597,2025-02-10,CUST10648,Smartphone,Mobile,Central,Retail Store,Rep_08,7,43244,0.08,278491.36,251988.17,26503.19,9.52,Debit Card,5.0,No,2025-02
ORD102807,2025-02-10,CUST10222,Headphones,Audio,South,Partner,Rep_20,4,11674,0.2,37356.8,36851.62,505.18,1.35,UPI,4.5,No,2025-02
ORD102143,2025-02-10,CUST10033,Headphones,Audio,Central,Partner,Rep_14,2,3679,0.05,6990.1,5655.13,1334.97,19.1,Net Banking,3.3,No,2025-02
ORD101340,2025-02-10,CUST10030,Laptop,Computers,South,Partner,Rep_11,2,76651,0.02,150235.96,130440.23,19795.73,13.18,Cash,4.2,No,2025-02
ORD102662,2025-02-11,CUST10483,Webcam,Accessories,East,Online,Rep_02,3,6738,0.02,19809.72,15285.6,4524.12,22.84,Net Banking,3.9,No,2025-02
ORD101291,2025-02-11,CUST10443,Monitor,Accessories,South,Online,Rep_03,7,8861,0.2,49621.6,45805.78,3815.82,7.69,UPI,3.9,No,2025-02
ORD100721,2025-02-11,CUST10373,Smartwatch,Wearables,South,Retail Store,Rep_09,5,10760,0.05,51110.0,41468.27,9641.73,18.86,Net Banking,4.4,No,2025-02
ORD100130,2025-02-11,CUST10487,Keyboard,Accessories,East,Retail Store,Rep_02,1,4049,0.05,3846.55,2564.51,1282.04,33.33,Credit Card,4.7,No,2025-02
ORD100308,2025-02-11,CUST10091,Tablet,Mobile,South,Partner,Rep_17,6,19937,0.05,113640.9,87959.46,25681.44,22.6,UPI,4.5,No,2025-02
ORD103259,2025-02-11,CUST10472,Monitor,Accessories,North,Online,Rep_06,4,9871,0.08,36325.28,28159.54,8165.74,22.48,Net Banking,3.6,No,2025-02
ORD103292,2025-02-11,CUST10050,Webcam,Accessories,North,Online,Rep_05,1,3639,0.02,3566.22,2888.76,677.46,19.0,UPI,4.2,No,2025-02
ORD100381,2025-02-11,CUST10511,Smartphone,Mobile,South,Online,Rep_07,2,17097,0.05,32484.3,28006.02,4478.28,13.79,UPI,4.3,Yes,2025-02
ORD104254,2025-02-11,CUST10416,Monitor,Accessories,South,Online,Rep_17,8,8594,0.1,61876.8,43807.34,18069.46,29.2,Credit Card,2.9,No,2025-02
ORD104624,2025-02-11,CUST10747,Mouse,Accessories,East,Online,Rep_12,2,1250,0.1,2250.0,2136.55,113.45,5.04,Net Banking,2.9,No,2025-02
ORD101864,2025-02-11,CUST10377,Keyboard,Accessories,South,Online,Rep_18,2,856,0.08,1575.04,1264.02,311.02,19.75,Net Banking,4.2,No,2025-02
ORD101803,2025-02-11,CUST10719,Tablet,Mobile,South,Partner,Rep_10,8,53413,0.0,427304.0,371257.22,56046.78,13.12,UPI,3.4,No,2025-02
ORD100207,2025-02-11,CUST10226,Laptop,Computers,West,Online,Rep_10,1,71132,0.02,69709.36,47047.38,22661.98,32.51,Net Banking,4.5,No,2025-02
ORD104400,2025-02-11,CUST10079,Smartphone,Mobile,East,Partner,Rep_08,6,63295,0.05,360781.5,254215.71,106565.79,29.54,Net Banking,3.8,No,2025-02
ORD100639,2025-02-12,CUST10400,Smartphone,Mobile,East,Online,Rep_05,2,56845,0.0,113690.0,75120.74,38569.26,33.92,UPI,4.5,No,2025-02
ORD103761,2025-02-12,CUST10186,Smartphone,Mobile,Central,Retail Store,Rep_12,2,23008,0.02,45095.68,38530.26,6565.42,14.56,Cash,5.0,No,2025-02
ORD103950,2025-02-12,CUST10654,Smartphone,Mobile,Central,Online,Rep_20,1,30382,0.15,25824.7,22998.54,2826.16,10.94,Debit Card,5.0,No,2025-02
ORD101941,2025-02-12,CUST10264,Laptop,Computers,Central,Retail Store,Rep_06,8,100019,0.0,800152.0,588447.07,211704.93,26.46,UPI,3.5,No,2025-02
ORD104629,2025-02-12,CUST10406,Mouse,Accessories,West,Partner,Rep_06,8,2048,0.1,14745.6,10572.61,4172.99,28.3,Net Banking,3.8,No,2025-02
ORD101768,2025-02-12,CUST10513,Monitor,Accessories,West,Online,Rep_19,6,8633,0.05,49208.1,40708.82,8499.28,17.27,UPI,3.8,No,2025-02
ORD102079,2025-02-12,CUST10701,Smartwatch,Wearables,South,Retail Store,Rep_12,2,7306,0.05,13881.4,11441.02,2440.38,17.58,Credit Card,4.4,Yes,2025-02
ORD103860,2025-02-13,CUST10476,Printer,Office,South,Online,Rep_02,1,17053,0.1,15347.7,11041.34,4306.36,28.06,Cash,3.4,Yes,2025-02
ORD103859,2025-02-13,CUST10099,Monitor,Accessories,Central,Partner,Rep_05,2,25940,0.1,46692.0,43651.99,3040.01,6.51,Net Banking,3.3,No,2025-02
ORD104534,2025-02-13,CUST10228,Tablet,Mobile,South,Partner,Rep_06,7,36213,0.08,233211.72,209260.87,23950.85,10.27,UPI,4.4,No,2025-02
ORD102976,2025-02-13,CUST10620,Laptop,Computers,South,Retail Store,Rep_14,2,67755,0.02,132799.8,93513.3,39286.5,29.58,Debit Card,4.2,No,2025-02
ORD103625,2025-02-13,CUST10426,Smartphone,Mobile,South,Online,Rep_15,6,50862,0.08,280758.24,252743.36,28014.88,9.98,Debit Card,3.6,No,2025-02
ORD102610,2025-02-13,CUST10230,Laptop,Computers,North,Online,Rep_09,1,92078,0.05,87474.1,73096.04,14378.06,16.44,Debit Card,5.0,No,2025-02
ORD103934,2025-02-13,CUST10113,Smartphone,Mobile,East,Retail Store,Rep_10,2,54447,0.05,103449.3,79510.62,23938.68,23.14,Credit Card,3.2,No,2025-02
ORD102331,2025-02-13,CUST10030,Smartphone,Mobile,Central,Retail Store,Rep_01,8,41278,0.0,330224.0,269356.48,60867.52,18.43,Debit Card,3.5,Yes,2025-02
ORD101569,2025-02-13,CUST10214,Mouse,Accessories,Central,Partner,Rep_16,7,2262,0.2,12667.2,12712.19,-44.99,-0.36,Debit Card,3.2,No,2025-02
ORD100279,2025-02-13,CUST10214,Headphones,Audio,West,Partner,Rep_11,2,11967,0.15,20343.9,15018.47,5325.43,26.18,UPI,4.1,No,2025-02
ORD104942,2025-02-13,CUST10666,Monitor,Accessories,East,Online,Rep_16,7,24626,0.1,155143.8,131357.36,23786.44,15.33,UPI,3.8,No,2025-02
ORD103565,2025-02-14,CUST10657,Monitor,Accessories,North,Partner,Rep_10,7,29825,0.15,177458.75,154467.38,22991.37,12.96,UPI,4.8,No,2025-02
ORD104880,2025-02-14,CUST10711,Printer,Office,Central,Partner,Rep_14,5,8551,0.02,41899.9,29806.79,12093.11,28.86,Debit Card,4.4,Yes,2025-02
ORD103789,2025-02-14,CUST10657,Smartphone,Mobile,Central,Retail Store,Rep_16,8,12552,0.15,85353.6,66157.22,19196.38,22.49,Net Banking,4.1,No,2025-02
ORD100292,2025-02-14,CUST10366,Laptop,Computers,North,Online,Rep_05,7,108871,0.02,746855.06,498715.5,248139.56,33.22,Credit Card,4.3,No,2025-02
ORD104047,2025-02-14,CUST10275,Tablet,Mobile,West,Online,Rep_15,1,17973,0.08,16535.16,12488.47,4046.69,24.47,Credit Card,4.0,No,2025-02
ORD100484,2025-02-14,CUST10229,Mouse,Accessories,West,Retail Store,Rep_18,6,1314,0.15,6701.4,6865.22,-163.82,-2.44,UPI,3.7,No,2025-02
ORD101574,2025-02-14,CUST10254,Webcam,Accessories,South,Online,Rep_01,1,1943,0.15,1651.55,1542.52,109.03,6.6,Debit Card,5.0,No,2025-02
ORD102457,2025-02-15,CUST10594,Monitor,Accessories,West,Online,Rep_04,2,16977,0.05,32256.3,22148.0,10108.3,31.34,Debit Card,4.3,No,2025-02
ORD100747,2025-02-15,CUST10641,Tablet,Mobile,North,Partner,Rep_11,2,18065,0.15,30710.5,23525.58,7184.92,23.4,UPI,3.1,No,2025-02
ORD104088,2025-02-15,CUST10637,Mouse,Accessories,South,Online,Rep_13,5,1449,0.1,6520.5,5447.83,1072.67,16.45,UPI,3.2,No,2025-02
ORD103880,2025-02-15,CUST10463,Smartphone,Mobile,North,Retail Store,Rep_01,7,61900,0.08,398636.0,361292.53,37343.47,9.37,Cash,3.7,No,2025-02
ORD104986,2025-02-15,CUST10550,Smartphone,Mobile,South,Partner,Rep_17,8,33576,0.05,255177.6,185446.19,69731.41,27.33,UPI,4.0,No,2025-02
ORD101683,2025-02-15,CUST10584,Mouse,Accessories,Central,Partner,Rep_06,1,1650,0.02,1617.0,1421.75,195.25,12.07,Cash,3.9,No,2025-02
ORD104083,2025-02-15,CUST10700,Mouse,Accessories,South,Partner,Rep_10,7,473,0.05,3145.45,2790.5,354.95,11.28,Credit Card,3.8,No,2025-02
ORD102376,2025-02-15,CUST10108,Smartphone,Mobile,Central,Online,Rep_02,2,16194,0.1,29149.2,24972.79,4176.41,14.33,Net Banking,4.4,No,2025-02
ORD101548,2025-02-15,CUST10438,Keyboard,Accessories,East,Partner,Rep_06,1,1428,0.08,1313.76,919.73,394.03,29.99,UPI,4.8,No,2025-02
ORD104288,2025-02-15,CUST10269,Keyboard,Accessories,Central,Partner,Rep_20,3,4159,0.05,11853.15,8689.93,3163.22,26.69,UPI,3.3,No,2025-02
ORD100629,2025-02-15,CUST10555,Laptop,Computers,South,Online,Rep_10,3,68752,0.15,175317.6,157049.85,18267.75,10.42,Net Banking,3.9,No,2025-02
ORD102825,2025-02-16,CUST10120,Tablet,Mobile,South,Online,Rep_09,1,50011,0.05,47510.45,34385.87,13124.58,27.62,Debit Card,4.1,No,2025-02
ORD100422,2025-02-16,CUST10633,Headphones,Audio,South,Online,Rep_19,1,8858,0.05,8415.1,7436.4,978.7,11.63,Net Banking,3.3,No,2025-02
ORD102541,2025-02-16,CUST10106,Mouse,Accessories,South,Retail Store,Rep_02,1,2083,0.05,1978.85,1557.87,420.98,21.27,Credit Card,3.9,No,2025-02
ORD103981,2025-02-16,CUST10339,Printer,Office,South,Partner,Rep_07,4,22268,0.02,87290.56,66305.41,20985.15,24.04,Credit Card,3.9,No,2025-02
ORD101988,2025-02-16,CUST10658,Monitor,Accessories,North,Online,Rep_08,8,16314,0.0,130512.0,85713.16,44798.84,34.33,UPI,3.5,No,2025-02
ORD102369,2025-02-16,CUST10367,Tablet,Mobile,West,Partner,Rep_07,6,20956,0.02,123221.28,79641.89,43579.39,35.37,Cash,3.2,No,2025-02
ORD104817,2025-02-16,CUST10539,Webcam,Accessories,South,Online,Rep_10,3,7103,0.05,20243.55,14705.54,5538.01,27.36,Credit Card,3.9,No,2025-02
ORD100901,2025-02-16,CUST10504,Smartphone,Mobile,East,Online,Rep_01,2,25657,0.08,47208.88,33160.96,14047.92,29.76,Credit Card,3.8,No,2025-02
ORD100672,2025-02-16,CUST10399,Webcam,Accessories,Central,Retail Store,Rep_02,3,2523,0.1,6812.1,5379.22,1432.88,21.03,Credit Card,4.6,No,2025-02
ORD104431,2025-02-16,CUST10398,Mouse,Accessories,North,Retail Store,Rep_06,4,2226,0.02,8725.92,7548.18,1177.74,13.5,UPI,3.9,No,2025-02
ORD102045,2025-02-16,CUST10175,Webcam,Accessories,West,Retail Store,Rep_14,6,8128,0.15,41452.8,40529.69,923.11,2.23,UPI,4.0,No,2025-02
ORD101488,2025-02-16,CUST10168,Mouse,Accessories,Central,Retail Store,Rep_16,4,1661,0.05,6311.8,4859.15,1452.65,23.01,Credit Card,3.2,No,2025-02
ORD101281,2025-02-16,CUST10380,Mouse,Accessories,East,Retail Store,Rep_07,8,2428,0.15,16510.4,14456.78,2053.62,12.44,Credit Card,4.5,No,2025-02
ORD103809,2025-02-16,CUST10161,Laptop,Computers,South,Partner,Rep_05,3,49980,0.15,127449.0,123458.21,3990.79,3.13,Net Banking,4.9,Yes,2025-02
ORD104773,2025-02-17,CUST10325,Smartphone,Mobile,South,Online,Rep_08,2,62105,0.08,114273.2,98546.53,15726.67,13.76,Credit Card,3.6,No,2025-02
ORD102434,2025-02-17,CUST10027,Smartphone,Mobile,South,Online,Rep_15,6,57190,0.15,291669.0,250715.77,40953.23,14.04,Debit Card,4.2,No,2025-02
ORD102889,2025-02-17,CUST10731,Printer,Office,North,Online,Rep_10,4,14031,0.2,44899.2,35078.1,9821.1,21.87,UPI,3.9,No,2025-02
ORD104527,2025-02-17,CUST10210,Headphones,Audio,East,Online,Rep_13,7,3589,0.05,23866.85,19995.16,3871.69,16.22,Credit Card,3.5,No,2025-02
ORD101834,2025-02-17,CUST10477,Headphones,Audio,South,Online,Rep_03,2,10676,0.08,19643.84,13798.26,5845.58,29.76,Credit Card,4.9,No,2025-02
ORD100656,2025-02-18,CUST10304,Smartphone,Mobile,South,Partner,Rep_20,3,41014,0.1,110737.8,86348.99,24388.81,22.02,Credit Card,5.0,No,2025-02
ORD100577,2025-02-18,CUST10355,Smartphone,Mobile,South,Online,Rep_04,4,41362,0.05,157175.6,143299.13,13876.47,8.83,Debit Card,3.7,No,2025-02
ORD104632,2025-02-18,CUST10372,Tablet,Mobile,North,Retail Store,Rep_13,8,33932,0.2,217164.8,184472.14,32692.66,15.05,Debit Card,3.7,No,2025-02
ORD102444,2025-02-18,CUST10425,Printer,Office,South,Online,Rep_02,2,13591,0.05,25822.9,23137.4,2685.5,10.4,Debit Card,2.5,No,2025-02
ORD102127,2025-02-18,CUST10378,Mouse,Accessories,Central,Retail Store,Rep_18,8,1506,0.08,11084.16,9504.35,1579.81,14.25,Cash,3.4,No,2025-02
ORD101602,2025-02-18,CUST10288,Tablet,Mobile,North,Partner,Rep_06,7,31041,0.0,217287.0,145025.02,72261.98,33.26,UPI,3.9,No,2025-02
ORD100323,2025-02-18,CUST10342,Mouse,Accessories,East,Retail Store,Rep_13,6,563,0.05,3209.1,2235.79,973.31,30.33,Net Banking,3.2,No,2025-02
ORD100777,2025-02-18,CUST10056,Smartphone,Mobile,East,Online,Rep_02,5,59275,0.1,266737.5,214544.86,52192.64,19.57,Net Banking,4.3,No,2025-02
ORD103251,2025-02-18,CUST10294,Keyboard,Accessories,North,Retail Store,Rep_06,5,3681,0.08,16932.6,14888.75,2043.85,12.07,Credit Card,4.7,Yes,2025-02
ORD104514,2025-02-19,CUST10642,Mouse,Accessories,East,Partner,Rep_10,4,2160,0.2,6912.0,6180.8,731.2,10.58,Credit Card,3.4,Yes,2025-02
ORD100962,2025-02-19,CUST10548,Mouse,Accessories,Central,Partner,Rep_17,6,1528,0.05,8709.6,7174.81,1534.79,17.62,Cash,4.8,No,2025-02
ORD105000,2025-02-19,CUST10113,Keyboard,Accessories,South,Online,Rep_14,1,3516,0.1,3164.4,2347.28,817.12,25.82,Cash,2.7,No,2025-02
ORD103607,2025-02-20,CUST10133,Printer,Office,West,Online,Rep_17,6,7605,0.1,41067.0,35946.84,5120.16,12.47,Credit Card,4.6,No,2025-02
ORD102318,2025-02-20,CUST10164,Monitor,Accessories,North,Retail Store,Rep_04,7,29522,0.0,206654.0,132812.6,73841.4,35.73,Credit Card,3.5,No,2025-02
ORD100985,2025-02-20,CUST10248,Headphones,Audio,South,Partner,Rep_13,8,6327,0.0,50616.0,38660.45,11955.55,23.62,Cash,3.7,No,2025-02
ORD104249,2025-02-20,CUST10046,Keyboard,Accessories,Central,Retail Store,Rep_17,2,3241,0.05,6157.9,4052.87,2105.03,34.18,UPI,4.0,No,2025-02
ORD100641,2025-02-20,CUST10099,Laptop,Computers,West,Retail Store,Rep_09,1,104426,0.1,93983.4,74361.88,19621.52,20.88,Net Banking,5.0,No,2025-02
ORD101733,2025-02-20,CUST10685,Keyboard,Accessories,West,Online,Rep_18,5,4366,0.05,20738.5,14894.4,5844.1,28.18,UPI,3.8,No,2025-02
ORD104608,2025-02-20,CUST10508,Smartphone,Mobile,East,Online,Rep_04,1,19424,0.05,18452.8,15721.91,2730.89,14.8,Debit Card,4.3,No,2025-02
ORD102567,2025-02-20,CUST10142,Smartphone,Mobile,South,Partner,Rep_03,4,48245,0.15,164033.0,142392.06,21640.94,13.19,Net Banking,4.1,No,2025-02
ORD102155,2025-02-20,CUST10262,Laptop,Computers,Central,Online,Rep_13,5,101791,0.05,483507.25,447768.86,35738.39,7.39,Cash,4.2,No,2025-02
ORD103096,2025-02-20,CUST10209,Mouse,Accessories,South,Retail Store,Rep_10,1,657,0.0,657.0,558.12,98.88,15.05,Credit Card,3.3,No,2025-02
ORD100001,2025-02-20,CUST10300,Tablet,Mobile,West,Online,Rep_05,2,15138,0.02,29670.48,26087.37,3583.11,12.08,Debit Card,3.8,No,2025-02
ORD100262,2025-02-20,CUST10582,Smartwatch,Wearables,Central,Retail Store,Rep_14,5,3672,0.05,17442.0,12854.9,4587.1,26.3,UPI,3.9,No,2025-02
ORD100083,2025-02-20,CUST10566,Tablet,Mobile,South,Online,Rep_03,4,32557,0.05,123716.6,90143.8,33572.8,27.14,UPI,3.5,No,2025-02
ORD103739,2025-02-21,CUST10527,Headphones,Audio,North,Partner,Rep_11,1,11889,0.05,11294.55,10252.8,1041.75,9.22,UPI,5.0,No,2025-02
ORD100874,2025-02-21,CUST10741,Monitor,Accessories,South,Online,Rep_16,7,19258,0.05,128065.7,95745.07,32320.63,25.24,UPI,3.6,No,2025-02
ORD101664,2025-02-21,CUST10686,Monitor,Accessories,South,Retail Store,Rep_15,1,29335,0.1,26401.5,19412.62,6988.88,26.47,Debit Card,3.4,No,2025-02
ORD104980,2025-02-21,CUST10702,Laptop,Computers,East,Online,Rep_03,1,67997,0.05,64597.15,44919.52,19677.63,30.46,Cash,4.6,No,2025-02
ORD103757,2025-02-21,CUST10745,Smartphone,Mobile,North,Online,Rep_18,2,20704,0.08,38095.36,33370.25,4725.11,12.4,UPI,3.4,No,2025-02
ORD100983,2025-02-21,CUST10242,Laptop,Computers,South,Partner,Rep_10,8,104500,0.1,752400.0,583690.38,168709.62,22.42,Credit Card,4.5,No,2025-02
ORD100505,2025-02-21,CUST10655,Mouse,Accessories,West,Partner,Rep_11,7,1674,0.08,10780.56,8035.51,2745.05,25.46,Credit Card,4.8,No,2025-02
ORD102151,2025-02-21,CUST10539,Tablet,Mobile,East,Partner,Rep_06,6,31699,0.02,186390.12,157034.97,29355.15,15.75,Net Banking,4.0,No,2025-02
ORD102558,2025-02-21,CUST10285,Tablet,Mobile,West,Retail Store,Rep_07,1,23647,0.05,22464.65,17225.84,5238.81,23.32,Net Banking,5.0,No,2025-02
ORD103995,2025-02-21,CUST10548,Monitor,Accessories,South,Online,Rep_01,3,11945,0.15,30459.75,30268.73,191.02,0.63,Credit Card,3.8,Yes,2025-02
ORD101496,2025-02-21,CUST10190,Mouse,Accessories,South,Retail Store,Rep_19,2,518,0.08,953.12,661.78,291.34,30.57,Cash,3.2,No,2025-02
ORD100578,2025-02-21,CUST10124,Smartwatch,Wearables,West,Partner,Rep_20,5,20758,0.08,95486.8,75132.96,20353.84,21.32,Credit Card,3.8,No,2025-02
ORD102234,2025-02-21,CUST10408,Printer,Office,South,Partner,Rep_05,6,17860,0.1,96444.0,92228.42,4215.58,4.37,UPI,4.4,No,2025-02
ORD104289,2025-02-22,CUST10318,Tablet,Mobile,Central,Online,Rep_20,4,45425,0.0,181700.0,156316.91,25383.09,13.97,UPI,5.0,No,2025-02
ORD104787,2025-02-22,CUST10686,Webcam,Accessories,Central,Online,Rep_06,8,2344,0.1,16876.8,16040.71,836.09,4.95,Net Banking,4.8,No,2025-02
ORD102872,2025-02-22,CUST10637,Smartwatch,Wearables,West,Retail Store,Rep_03,1,12901,0.08,11868.92,10797.58,1071.34,9.03,Debit Card,5.0,No,2025-02
ORD102042,2025-02-22,CUST10191,Keyboard,Accessories,West,Online,Rep_12,3,817,0.0,2451.0,2110.16,340.84,13.91,UPI,3.0,No,2025-02
ORD101434,2025-02-22,CUST10164,Mouse,Accessories,North,Online,Rep_19,7,1529,0.08,9846.76,9086.36,760.4,7.72,UPI,3.5,No,2025-02
ORD102245,2025-02-22,CUST10401,Printer,Office,South,Online,Rep_16,6,17442,0.0,104652.0,79248.82,25403.18,24.27,UPI,4.8,No,2025-02
ORD101204,2025-02-22,CUST10476,Tablet,Mobile,North,Online,Rep_16,5,36871,0.1,165919.5,138107.49,27812.01,16.76,Debit Card,3.2,No,2025-02
ORD104922,2025-02-22,CUST10576,Headphones,Audio,Central,Online,Rep_16,6,8824,0.02,51885.12,45291.64,6593.48,12.71,Cash,4.8,No,2025-02
ORD101951,2025-02-22,CUST10099,Laptop,Computers,Central,Retail Store,Rep_13,7,106217,0.1,669167.1,505272.05,163895.05,24.49,UPI,3.7,No,2025-02
ORD101318,2025-02-22,CUST10511,Headphones,Audio,Central,Online,Rep_10,2,10123,0.1,18221.4,14956.28,3265.12,17.92,UPI,4.9,No,2025-02
ORD103355,2025-02-23,CUST10124,Smartphone,Mobile,South,Partner,Rep_08,6,13357,0.1,72127.8,53110.04,19017.76,26.37,Cash,5.0,No,2025-02
ORD104043,2025-02-23,CUST10478,Monitor,Accessories,South,Partner,Rep_14,6,21878,0.08,120766.56,88893.77,31872.79,26.39,UPI,4.5,No,2025-02
ORD102247,2025-02-23,CUST10257,Laptop,Computers,South,Retail Store,Rep_05,4,60507,0.08,222665.76,188630.93,34034.83,15.29,Credit Card,4.1,No,2025-02
ORD103968,2025-02-23,CUST10180,Laptop,Computers,Central,Partner,Rep_09,3,67540,0.05,192489.0,168097.16,24391.84,12.67,UPI,4.0,No,2025-02
ORD101559,2025-02-23,CUST10235,Printer,Office,North,Partner,Rep_18,6,16683,0.08,92090.16,87267.72,4822.44,5.24,Credit Card,4.8,No,2025-02
ORD101935,2025-02-23,CUST10307,Mouse,Accessories,North,Retail Store,Rep_05,2,824,0.02,1615.04,1108.15,506.89,31.39,Credit Card,3.0,No,2025-02
ORD100365,2025-02-24,CUST10023,Smartwatch,Wearables,West,Online,Rep_05,4,18651,0.1,67143.6,54091.58,13052.02,19.44,Credit Card,4.1,No,2025-02
ORD103890,2025-02-24,CUST10494,Monitor,Accessories,West,Retail Store,Rep_05,7,9850,0.15,58607.5,53944.96,4662.54,7.96,Credit Card,4.1,No,2025-02
ORD104844,2025-02-24,CUST10370,Laptop,Computers,South,Online,Rep_07,2,79016,0.1,142228.8,102684.72,39544.08,27.8,Credit Card,4.1,No,2025-02
ORD102615,2025-02-24,CUST10306,Tablet,Mobile,South,Online,Rep_17,5,49763,0.1,223933.5,159509.07,64424.43,28.77,Debit Card,4.8,No,2025-02
ORD102112,2025-02-24,CUST10670,Smartphone,Mobile,West,Partner,Rep_14,5,16123,0.1,72553.5,68434.27,4119.23,5.68,UPI,3.5,No,2025-02
ORD100307,2025-02-24,CUST10245,Keyboard,Accessories,South,Online,Rep_20,3,1920,0.15,4896.0,3803.45,1092.55,22.32,Credit Card,4.0,No,2025-02
ORD103072,2025-02-24,CUST10672,Mouse,Accessories,East,Online,Rep_14,2,701,0.05,1331.9,1032.54,299.36,22.48,Credit Card,4.5,Yes,2025-02
ORD103137,2025-02-24,CUST10358,Headphones,Audio,West,Online,Rep_09,1,9329,0.2,7463.2,8133.83,-670.63,-8.99,Credit Card,4.4,No,2025-02
ORD100789,2025-02-25,CUST10635,Monitor,Accessories,West,Online,Rep_08,2,17403,0.02,34109.88,29048.3,5061.58,14.84,UPI,3.9,No,2025-02
ORD100518,2025-02-25,CUST10735,Printer,Office,South,Partner,Rep_09,5,24768,0.08,113932.8,101674.06,12258.74,10.76,Debit Card,3.5,No,2025-02
ORD101759,2025-02-25,CUST10199,Laptop,Computers,South,Online,Rep_13,4,107690,0.05,409222.0,304022.84,105199.16,25.71,Cash,4.6,No,2025-02
ORD102264,2025-02-25,CUST10556,Monitor,Accessories,Central,Online,Rep_02,2,26711,0.15,45408.7,35270.77,10137.93,22.33,UPI,4.1,No,2025-02
ORD103637,2025-02-25,CUST10423,Smartwatch,Wearables,East,Online,Rep_11,6,3258,0.0,19548.0,12667.65,6880.35,35.2,Credit Card,4.5,No,2025-02
ORD101680,2025-02-25,CUST10285,Mouse,Accessories,South,Online,Rep_07,1,1851,0.08,1702.92,1597.42,105.5,6.2,Credit Card,4.7,No,2025-02
ORD102904,2025-02-25,CUST10291,Monitor,Accessories,North,Retail Store,Rep_19,6,23845,0.02,140208.6,104264.79,35943.81,25.64,UPI,3.4,No,2025-02
ORD101438,2025-02-25,CUST10042,Headphones,Audio,North,Retail Store,Rep_07,8,4614,0.2,29529.6,31494.93,-1965.33,-6.66,Debit Card,3.5,No,2025-02
ORD101815,2025-02-25,CUST10422,Laptop,Computers,West,Partner,Rep_10,2,70534,0.1,126961.2,95193.82,31767.38,25.02,UPI,4.9,No,2025-02
ORD102438,2025-02-25,CUST10667,Tablet,Mobile,East,Online,Rep_19,6,54799,0.0,328794.0,225347.83,103446.17,31.46,Cash,4.3,No,2025-02
ORD102784,2025-02-25,CUST10167,Printer,Office,South,Retail Store,Rep_09,1,26367,0.05,25048.65,16891.23,8157.42,32.57,Cash,4.0,No,2025-02
ORD101763,2025-02-26,CUST10256,Laptop,Computers,Central,Online,Rep_05,5,76626,0.02,375467.4,272021.21,103446.19,27.55,Cash,4.3,No,2025-02
ORD104682,2025-02-26,CUST10267,Smartphone,Mobile,South,Online,Rep_15,4,28376,0.02,111233.92,79633.94,31599.98,28.41,Debit Card,4.9,No,2025-02
ORD101713,2025-02-26,CUST10459,Headphones,Audio,West,Retail Store,Rep_17,7,4516,0.05,30031.4,24533.86,5497.54,18.31,Net Banking,4.2,No,2025-02
ORD100139,2025-02-26,CUST10660,Tablet,Mobile,South,Online,Rep_03,5,39807,0.1,179131.5,123741.98,55389.52,30.92,UPI,3.6,No,2025-02
ORD104326,2025-02-26,CUST10575,Smartwatch,Wearables,West,Partner,Rep_14,7,20415,0.2,114324.0,100639.14,13684.86,11.97,Cash,3.6,No,2025-02
ORD102132,2025-02-26,CUST10615,Laptop,Computers,Central,Partner,Rep_18,8,57565,0.02,451309.6,295727.47,155582.13,34.47,Net Banking,4.2,No,2025-02
ORD103708,2025-02-26,CUST10181,Smartphone,Mobile,East,Online,Rep_10,7,61854,0.08,398339.76,290852.32,107487.44,26.98,UPI,4.6,No,2025-02
ORD100548,2025-02-26,CUST10667,Mouse,Accessories,West,Online,Rep_20,2,2141,0.02,4196.36,3566.12,630.24,15.02,Credit Card,4.0,No,2025-02
ORD102454,2025-02-26,CUST10533,Tablet,Mobile,South,Partner,Rep_07,5,27138,0.05,128905.5,94971.78,33933.72,26.32,UPI,3.8,No,2025-02
ORD101135,2025-02-26,CUST10687,Mouse,Accessories,West,Online,Rep_06,4,1465,0.05,5567.0,3688.33,1878.67,33.75,Cash,4.1,No,2025-02
ORD103522,2025-02-26,CUST10319,Monitor,Accessories,South,Partner,Rep_04,5,10653,0.05,50601.75,35225.95,15375.8,30.39,Debit Card,2.9,Yes,2025-02
ORD100102,2025-02-26,CUST10693,Mouse,Accessories,Central,Partner,Rep_15,7,1830,0.02,12553.8,9878.87,2674.93,21.31,UPI,3.0,No,2025-02
ORD100090,2025-02-26,CUST10155,Monitor,Accessories,North,Online,Rep_05,4,12126,0.15,41228.4,39668.85,1559.55,3.78,UPI,3.4,No,2025-02
ORD104604,2025-02-26,CUST10382,Tablet,Mobile,North,Online,Rep_12,7,24953,0.2,139736.8,122814.95,16921.85,12.11,Credit Card,3.8,No,2025-02
ORD100353,2025-02-26,CUST10458,Mouse,Accessories,North,Online,Rep_12,4,2413,0.0,9652.0,8155.59,1496.41,15.5,UPI,3.4,No,2025-02
ORD100403,2025-02-26,CUST10309,Monitor,Accessories,Central,Online,Rep_08,6,16431,0.08,90699.12,65556.34,25142.78,27.72,Debit Card,4.1,No,2025-02
ORD104255,2025-02-26,CUST10455,Smartphone,Mobile,East,Partner,Rep_07,7,29829,0.05,198362.85,176199.61,22163.24,11.17,Debit Card,2.9,No,2025-02
ORD102252,2025-02-27,CUST10526,Webcam,Accessories,Central,Retail Store,Rep_07,2,5292,0.0,10584.0,9206.46,1377.54,13.02,Credit Card,4.6,No,2025-02
ORD100692,2025-02-27,CUST10710,Monitor,Accessories,South,Online,Rep_08,7,26975,0.08,173719.0,124044.63,49674.37,28.59,Debit Card,4.8,No,2025-02
ORD101335,2025-02-27,CUST10435,Smartwatch,Wearables,South,Online,Rep_20,4,3604,0.05,13695.2,10540.68,3154.52,23.03,Debit Card,3.9,Yes,2025-02
ORD104015,2025-02-27,CUST10721,Mouse,Accessories,North,Online,Rep_06,8,462,0.08,3400.32,2819.79,580.53,17.07,UPI,4.5,No,2025-02
ORD100723,2025-02-27,CUST10379,Laptop,Computers,South,Online,Rep_09,2,92518,0.08,170233.12,161754.64,8478.48,4.98,Credit Card,4.7,Yes,2025-02
ORD101073,2025-02-27,CUST10472,Laptop,Computers,North,Online,Rep_11,2,46562,0.0,93124.0,60403.12,32720.88,35.14,UPI,3.2,No,2025-02
ORD100904,2025-02-27,CUST10144,Keyboard,Accessories,South,Retail Store,Rep_02,4,1499,0.15,5096.6,4120.91,975.69,19.14,Credit Card,4.0,No,2025-02
ORD100326,2025-02-27,CUST10579,Headphones,Audio,North,Retail Store,Rep_17,1,8074,0.0,8074.0,5039.08,3034.92,37.59,Net Banking,4.0,No,2025-02
ORD104225,2025-02-27,CUST10236,Keyboard,Accessories,Central,Retail Store,Rep_09,7,2401,0.15,14285.95,11488.05,2797.9,19.58,UPI,3.8,No,2025-02
ORD104792,2025-02-27,CUST10207,Smartwatch,Wearables,South,Online,Rep_16,4,6470,0.1,23292.0,22274.54,1017.46,4.37,Cash,3.7,No,2025-02
ORD100253,2025-02-28,CUST10716,Printer,Office,Central,Partner,Rep_08,7,8116,0.1,51130.8,45524.94,5605.86,10.96,Debit Card,4.9,No,2025-02
ORD102983,2025-02-28,CUST10234,Headphones,Audio,West,Online,Rep_17,5,3585,0.05,17028.75,14459.31,2569.44,15.09,UPI,4.4,No,2025-02
ORD102549,2025-02-28,CUST10429,Monitor,Accessories,North,Retail Store,Rep_13,3,11705,0.08,32305.8,23847.77,8458.03,26.18,Cash,4.1,No,2025-02
ORD103426,2025-02-28,CUST10463,Mouse,Accessories,South,Online,Rep_07,3,1404,0.1,3790.8,2643.36,1147.44,30.27,Debit Card,4.1,Yes,2025-02
ORD103346,2025-02-28,CUST10425,Headphones,Audio,South,Online,Rep_16,4,5833,0.08,21465.44,16807.07,4658.37,21.7,Cash,3.2,No,2025-02
ORD102729,2025-02-28,CUST10006,Smartphone,Mobile,West,Online,Rep_01,6,13488,0.05,76881.6,69635.84,7245.76,9.42,Credit Card,3.6,Yes,2025-02
ORD102086,2025-02-28,CUST10024,Monitor,Accessories,West,Online,Rep_11,2,29985,0.15,50974.5,47301.1,3673.4,7.21,Credit Card,4.6,No,2025-02
ORD100823,2025-02-28,CUST10394,Tablet,Mobile,South,Online,Rep_09,2,42962,0.05,81627.8,72484.82,9142.98,11.2,UPI,3.6,No,2025-02
ORD101223,2025-02-28,CUST10290,Monitor,Accessories,Central,Online,Rep_01,8,29070,0.05,220932.0,156854.35,64077.65,29.0,Debit Card,4.4,No,2025-02
ORD102801,2025-02-28,CUST10744,Printer,Office,Central,Online,Rep_19,2,13159,0.1,23686.2,17929.49,5756.71,24.3,Net Banking,3.5,No,2025-02
ORD103417,2025-02-28,CUST10535,Tablet,Mobile,South,Partner,Rep_20,8,27219,0.05,206864.4,168419.83,38444.57,18.58,Cash,3.9,No,2025-02
ORD103821,2025-03-01,CUST10222,Tablet,Mobile,Central,Retail Store,Rep_03,4,24251,0.05,92153.8,66447.32,25706.48,27.9,Cash,3.9,No,2025-03
ORD103929,2025-03-01,CUST10615,Mouse,Accessories,North,Online,Rep_20,7,600,0.0,4200.0,3286.03,913.97,21.76,Net Banking,3.4,No,2025-03
ORD101124,2025-03-01,CUST10188,Printer,Office,North,Online,Rep_03,1,14634,0.08,13463.28,12283.51,1179.77,8.76,Net Banking,2.4,No,2025-03
ORD101876,2025-03-01,CUST10158,Keyboard,Accessories,West,Retail Store,Rep_04,1,965,0.2,772.0,791.75,-19.75,-2.56,UPI,3.7,No,2025-03
ORD102421,2025-03-01,CUST10613,Smartphone,Mobile,West,Online,Rep_12,6,57305,0.02,336953.4,241078.36,95875.04,28.45,Credit Card,3.1,No,2025-03
ORD104373,2025-03-01,CUST10345,Laptop,Computers,East,Online,Rep_04,3,57564,0.2,138153.6,122237.47,15916.13,11.52,Debit Card,4.3,No,2025-03
ORD102385,2025-03-01,CUST10348,Tablet,Mobile,Central,Online,Rep_15,7,19930,0.0,139510.0,111426.61,28083.39,20.13,Net Banking,3.5,No,2025-03
ORD104617,2025-03-01,CUST10441,Printer,Office,East,Online,Rep_12,3,10350,0.05,29497.5,20635.28,8862.22,30.04,UPI,3.9,Yes,2025-03
ORD104706,2025-03-01,CUST10338,Monitor,Accessories,East,Online,Rep_03,5,17064,0.1,76788.0,57998.42,18789.58,24.47,Credit Card,2.6,No,2025-03
ORD103018,2025-03-01,CUST10667,Monitor,Accessories,North,Retail Store,Rep_12,2,27813,0.05,52844.7,47426.24,5418.46,10.25,Cash,3.8,No,2025-03
ORD104876,2025-03-02,CUST10122,Mouse,Accessories,South,Online,Rep_14,4,1066,0.08,3922.88,2697.91,1224.97,31.23,Credit Card,2.8,No,2025-03
ORD103165,2025-03-02,CUST10187,Laptop,Computers,North,Partner,Rep_15,7,55412,0.05,368489.8,262467.79,106022.01,28.77,Credit Card,4.3,No,2025-03
ORD103206,2025-03-02,CUST10320,Printer,Office,North,Online,Rep_19,4,26199,0.1,94316.4,83253.39,11063.01,11.73,Net Banking,3.2,No,2025-03
ORD102605,2025-03-02,CUST10223,Laptop,Computers,East,Retail Store,Rep_08,7,45000,0.1,283500.0,200472.66,83027.34,29.29,Debit Card,5.0,No,2025-03
ORD104228,2025-03-02,CUST10534,Mouse,Accessories,Central,Online,Rep_19,5,2386,0.0,11930.0,8376.39,3553.61,29.79,Debit Card,3.7,No,2025-03
ORD102113,2025-03-02,CUST10021,Smartphone,Mobile,West,Online,Rep_18,4,46079,0.08,169570.72,161909.62,7661.1,4.52,UPI,3.5,No,2025-03
ORD103309,2025-03-02,CUST10391,Tablet,Mobile,South,Retail Store,Rep_03,3,38519,0.05,109779.15,92201.11,17578.04,16.01,UPI,4.2,No,2025-03
ORD102476,2025-03-02,CUST10198,Webcam,Accessories,East,Online,Rep_19,2,5059,0.02,9915.64,8690.63,1225.01,12.35,Debit Card,3.9,No,2025-03
ORD101491,2025-03-03,CUST10278,Smartphone,Mobile,South,Partner,Rep_03,2,40492,0.2,64787.2,54052.74,10734.46,16.57,Debit Card,3.8,No,2025-03
ORD103228,2025-03-03,CUST10009,Tablet,Mobile,East,Partner,Rep_11,6,29713,0.08,164015.76,123057.83,40957.93,24.97,Credit Card,4.2,No,2025-03
ORD104257,2025-03-03,CUST10206,Smartwatch,Wearables,West,Retail Store,Rep_09,6,24924,0.05,142066.8,96635.04,45431.76,31.98,Credit Card,4.7,No,2025-03
ORD104886,2025-03-03,CUST10521,Webcam,Accessories,Central,Online,Rep_10,2,4718,0.0,9436.0,7459.23,1976.77,20.95,Credit Card,4.3,No,2025-03
ORD104410,2025-03-03,CUST10206,Keyboard,Accessories,South,Partner,Rep_09,3,1240,0.05,3348.0,3150.27,197.73,5.91,UPI,4.0,No,2025-03
ORD100889,2025-03-03,CUST10312,Laptop,Computers,Central,Retail Store,Rep_09,5,65937,0.02,323091.3,260501.25,62590.05,19.37,Debit Card,3.7,No,2025-03
ORD100295,2025-03-03,CUST10266,Smartphone,Mobile,East,Partner,Rep_03,8,41789,0.02,327625.76,275734.2,51891.56,15.84,Debit Card,3.9,No,2025-03
ORD102660,2025-03-03,CUST10413,Mouse,Accessories,North,Online,Rep_13,3,2241,0.08,6185.16,5293.58,891.58,14.41,Credit Card,4.4,No,2025-03
ORD100863,2025-03-03,CUST10450,Keyboard,Accessories,East,Partner,Rep_07,7,2791,0.05,18560.15,14314.39,4245.76,22.88,UPI,5.0,No,2025-03
ORD101880,2025-03-03,CUST10480,Keyboard,Accessories,South,Online,Rep_15,5,927,0.0,4635.0,3062.16,1572.84,33.93,UPI,4.1,No,2025-03
ORD104344,2025-03-03,CUST10247,Printer,Office,South,Retail Store,Rep_17,8,10574,0.0,84592.0,57498.01,27093.99,32.03,UPI,4.5,No,2025-03
ORD104887,2025-03-03,CUST10692,Tablet,Mobile,East,Online,Rep_07,2,21438,0.2,34300.8,37097.27,-2796.47,-8.15,Debit Card,4.8,No,2025-03
ORD102088,2025-03-04,CUST10491,Mouse,Accessories,Central,Partner,Rep_06,1,1420,0.08,1306.4,1224.27,82.13,6.29,Debit Card,4.6,No,2025-03
ORD102505,2025-03-04,CUST10624,Smartphone,Mobile,East,Partner,Rep_09,4,12566,0.2,40211.2,39554.66,656.54,1.63,Net Banking,3.7,No,2025-03
ORD100231,2025-03-04,CUST10110,Printer,Office,South,Retail Store,Rep_12,5,14732,0.02,72186.8,50060.83,22125.97,30.65,Credit Card,3.7,No,2025-03
ORD103780,2025-03-04,CUST10508,Webcam,Accessories,East,Partner,Rep_07,3,8726,0.0,26178.0,16517.16,9660.84,36.9,UPI,3.8,No,2025-03
ORD101308,2025-03-04,CUST10684,Printer,Office,East,Online,Rep_12,6,25605,0.08,141339.6,116814.28,24525.32,17.35,Credit Card,3.4,No,2025-03
ORD100619,2025-03-05,CUST10531,Printer,Office,West,Online,Rep_07,4,14021,0.0,56084.0,40504.14,15579.86,27.78,Net Banking,4.2,No,2025-03
ORD101022,2025-03-05,CUST10534,Tablet,Mobile,North,Retail Store,Rep_01,5,51888,0.05,246468.0,191729.88,54738.12,22.21,Net Banking,3.6,No,2025-03
ORD102099,2025-03-05,CUST10206,Printer,Office,South,Online,Rep_06,2,23955,0.2,38328.0,35298.2,3029.8,7.9,UPI,5.0,No,2025-03
ORD103035,2025-03-05,CUST10022,Smartphone,Mobile,West,Online,Rep_10,8,46775,0.15,318070.0,309091.83,8978.17,2.82,UPI,3.5,No,2025-03
ORD104901,2025-03-05,CUST10295,Laptop,Computers,North,Online,Rep_12,4,90056,0.05,342212.8,266795.18,75417.62,22.04,Net Banking,4.5,No,2025-03
ORD102419,2025-03-05,CUST10581,Laptop,Computers,East,Partner,Rep_06,1,71176,0.08,65481.92,47643.08,17838.84,27.24,UPI,3.6,No,2025-03
ORD101898,2025-03-06,CUST10260,Smartphone,Mobile,South,Online,Rep_09,5,29151,0.1,131179.5,113341.36,17838.14,13.6,UPI,4.7,No,2025-03
ORD101911,2025-03-06,CUST10383,Tablet,Mobile,North,Online,Rep_01,2,53998,0.02,105836.08,92522.75,13313.33,12.58,UPI,3.9,No,2025-03
ORD102396,2025-03-06,CUST10107,Tablet,Mobile,South,Online,Rep_13,2,40532,0.02,79442.72,55052.47,24390.25,30.7,Credit Card,4.9,No,2025-03
ORD103796,2025-03-06,CUST10556,Mouse,Accessories,Central,Online,Rep_11,3,2485,0.0,7455.0,5827.68,1627.32,21.83,Cash,3.7,No,2025-03
ORD104845,2025-03-06,CUST10622,Smartphone,Mobile,West,Online,Rep_03,5,38025,0.15,161606.25,140669.53,20936.72,12.96,Debit Card,4.5,No,2025-03
ORD104405,2025-03-06,CUST10472,Smartwatch,Wearables,East,Online,Rep_18,7,15446,0.08,99472.24,68797.87,30674.37,30.84,UPI,4.4,No,2025-03
ORD101419,2025-03-06,CUST10371,Monitor,Accessories,North,Online,Rep_01,2,26580,0.2,42528.0,35034.21,7493.79,17.62,Credit Card,4.3,No,2025-03
ORD101771,2025-03-06,CUST10629,Monitor,Accessories,West,Online,Rep_06,3,25632,0.1,69206.4,66940.6,2265.8,3.27,Debit Card,4.2,No,2025-03
ORD102467,2025-03-06,CUST10221,Monitor,Accessories,North,Online,Rep_13,6,22067,0.05,125781.9,113259.69,12522.21,9.96,Net Banking,2.9,No,2025-03
ORD104818,2025-03-06,CUST10521,Printer,Office,Central,Online,Rep_01,2,25993,0.02,50946.28,34528.3,16417.98,32.23,UPI,4.0,No,2025-03
ORD104735,2025-03-06,CUST10435,Monitor,Accessories,East,Partner,Rep_16,5,23773,0.1,106978.5,88086.98,18891.52,17.66,UPI,3.4,No,2025-03
ORD101169,2025-03-07,CUST10737,Laptop,Computers,North,Retail Store,Rep_03,4,68738,0.0,274952.0,186347.35,88604.65,32.23,Credit Card,4.3,No,2025-03
ORD100630,2025-03-07,CUST10218,Smartphone,Mobile,South,Retail Store,Rep_12,3,40133,0.08,110767.08,84361.73,26405.35,23.84,Credit Card,4.3,No,2025-03
ORD103296,2025-03-07,CUST10732,Laptop,Computers,South,Online,Rep_06,8,67548,0.05,513364.8,384056.39,129308.41,25.19,Net Banking,3.7,No,2025-03
ORD104620,2025-03-07,CUST10061,Printer,Office,Central,Online,Rep_16,8,13169,0.05,100084.4,73167.53,26916.87,26.89,Credit Card,4.8,No,2025-03
ORD100809,2025-03-07,CUST10036,Monitor,Accessories,East,Partner,Rep_18,3,18355,0.05,52311.75,37234.62,15077.13,28.82,Debit Card,3.9,No,2025-03
ORD104822,2025-03-07,CUST10029,Smartphone,Mobile,Central,Online,Rep_20,7,44393,0.0,310751.0,227280.76,83470.24,26.86,Net Banking,4.2,No,2025-03
ORD104904,2025-03-07,CUST10093,Tablet,Mobile,North,Online,Rep_04,8,40828,0.05,310292.8,233850.49,76442.31,24.64,UPI,3.4,Yes,2025-03
ORD101693,2025-03-07,CUST10330,Monitor,Accessories,North,Retail Store,Rep_19,3,20299,0.1,54807.3,40170.93,14636.37,26.71,UPI,4.2,No,2025-03
ORD102106,2025-03-07,CUST10449,Tablet,Mobile,South,Retail Store,Rep_05,4,26630,0.1,95868.0,82445.03,13422.97,14.0,Credit Card,3.6,No,2025-03
ORD100561,2025-03-07,CUST10636,Headphones,Audio,West,Online,Rep_10,2,1271,0.08,2338.64,1958.72,379.92,16.25,Net Banking,4.1,No,2025-03
ORD100529,2025-03-07,CUST10210,Laptop,Computers,South,Online,Rep_11,5,57696,0.0,288480.0,240441.6,48038.4,16.65,Debit Card,4.2,No,2025-03
ORD102260,2025-03-08,CUST10064,Monitor,Accessories,North,Online,Rep_05,8,16045,0.05,121942.0,98621.23,23320.77,19.12,UPI,3.9,No,2025-03
ORD104548,2025-03-08,CUST10698,Mouse,Accessories,North,Online,Rep_16,2,2436,0.15,4141.2,3080.56,1060.64,25.61,Net Banking,3.9,No,2025-03
ORD103099,2025-03-08,CUST10178,Laptop,Computers,West,Retail Store,Rep_20,2,102146,0.2,163433.6,152018.85,11414.75,6.98,Credit Card,3.7,No,2025-03
ORD102786,2025-03-08,CUST10319,Smartphone,Mobile,South,Online,Rep_02,7,54008,0.05,359153.2,296541.96,62611.24,17.43,Cash,3.4,No,2025-03
ORD102578,2025-03-08,CUST10525,Mouse,Accessories,South,Online,Rep_04,2,1238,0.05,2352.2,2083.05,269.15,11.44,Cash,4.6,No,2025-03
ORD101261,2025-03-08,CUST10090,Smartphone,Mobile,South,Partner,Rep_14,5,47380,0.08,217948.0,202626.38,15321.62,7.03,Debit Card,4.4,No,2025-03
ORD102561,2025-03-08,CUST10733,Printer,Office,West,Online,Rep_05,5,18605,0.05,88373.75,59870.97,28502.78,32.25,Debit Card,4.5,No,2025-03
ORD102632,2025-03-08,CUST10059,Headphones,Audio,Central,Online,Rep_18,2,4193,0.0,8386.0,5644.49,2741.51,32.69,Debit Card,4.2,No,2025-03
ORD100729,2025-03-08,CUST10163,Smartphone,Mobile,East,Partner,Rep_13,4,26125,0.05,99275.0,71565.34,27709.66,27.91,Net Banking,4.6,No,2025-03
ORD104639,2025-03-08,CUST10320,Headphones,Audio,West,Online,Rep_13,6,5397,0.15,27524.7,23214.48,4310.22,15.66,Debit Card,4.8,No,2025-03
ORD104385,2025-03-09,CUST10215,Webcam,Accessories,South,Online,Rep_07,7,2752,0.0,19264.0,12779.17,6484.83,33.66,Debit Card,4.0,Yes,2025-03
ORD104359,2025-03-09,CUST10476,Keyboard,Accessories,West,Online,Rep_14,5,4096,0.15,17408.0,13810.58,3597.42,20.67,UPI,5.0,No,2025-03
ORD100802,2025-03-09,CUST10694,Smartphone,Mobile,North,Partner,Rep_03,8,33031,0.08,243108.16,188610.21,54497.95,22.42,Net Banking,3.9,No,2025-03
ORD104861,2025-03-09,CUST10504,Mouse,Accessories,West,Online,Rep_16,6,1896,0.05,10807.2,8970.18,1837.02,17.0,Debit Card,3.0,No,2025-03
ORD103685,2025-03-09,CUST10367,Mouse,Accessories,West,Online,Rep_06,7,2315,0.0,16205.0,13402.66,2802.34,17.29,UPI,4.8,No,2025-03
ORD101967,2025-03-09,CUST10005,Smartphone,Mobile,South,Online,Rep_17,5,30616,0.2,122464.0,109675.82,12788.18,10.44,UPI,4.6,No,2025-03
ORD100189,2025-03-09,CUST10732,Keyboard,Accessories,North,Partner,Rep_06,6,820,0.0,4920.0,3896.0,1024.0,20.81,Cash,3.2,No,2025-03
ORD104253,2025-03-09,CUST10544,Tablet,Mobile,West,Online,Rep_18,8,46343,0.0,370744.0,313349.51,57394.49,15.48,Net Banking,4.3,No,2025-03
ORD103271,2025-03-09,CUST10644,Smartphone,Mobile,North,Retail Store,Rep_13,6,16326,0.08,90119.52,65072.26,25047.26,27.79,UPI,4.3,No,2025-03
ORD100458,2025-03-09,CUST10710,Monitor,Accessories,South,Retail Store,Rep_15,2,13965,0.05,26533.5,24225.78,2307.72,8.7,UPI,5.0,No,2025-03
ORD102564,2025-03-09,CUST10714,Laptop,Computers,East,Online,Rep_10,5,90563,0.15,384892.75,357271.0,27621.75,7.18,Net Banking,3.3,No,2025-03
ORD100325,2025-03-10,CUST10120,Smartwatch,Wearables,South,Online,Rep_16,6,15169,0.08,83732.88,71854.54,11878.34,14.19,Credit Card,4.1,No,2025-03
ORD103478,2025-03-10,CUST10423,Keyboard,Accessories,South,Online,Rep_01,2,3606,0.05,6851.4,5548.2,1303.2,19.02,Credit Card,3.3,No,2025-03
ORD101095,2025-03-10,CUST10135,Smartphone,Mobile,North,Online,Rep_12,2,39957,0.08,73520.88,52655.52,20865.36,28.38,Credit Card,3.7,No,2025-03
ORD100241,2025-03-10,CUST10475,Smartwatch,Wearables,Central,Partner,Rep_18,2,15788,0.1,28418.4,26284.39,2134.01,7.51,Credit Card,3.4,No,2025-03
ORD100009,2025-03-10,CUST10376,Mouse,Accessories,South,Online,Rep_11,5,2009,0.05,9542.75,8765.08,777.67,8.15,UPI,4.8,No,2025-03
ORD100844,2025-03-10,CUST10379,Smartwatch,Wearables,East,Online,Rep_06,1,7905,0.05,7509.75,5447.76,2061.99,27.46,Debit Card,3.8,No,2025-03
ORD103705,2025-03-10,CUST10736,Smartwatch,Wearables,North,Online,Rep_14,2,20251,0.08,37261.84,33077.26,4184.58,11.23,Credit Card,2.6,No,2025-03
ORD104238,2025-03-10,CUST10073,Headphones,Audio,East,Online,Rep_07,8,5891,0.05,44771.6,30381.46,14390.14,32.14,UPI,4.5,No,2025-03
ORD104545,2025-03-10,CUST10059,Monitor,Accessories,West,Online,Rep_13,4,17859,0.08,65721.12,60149.83,5571.29,8.48,Net Banking,5.0,Yes,2025-03
ORD102812,2025-03-10,CUST10452,Mouse,Accessories,South,Retail Store,Rep_18,4,1655,0.08,6090.4,4453.05,1637.35,26.88,Cash,3.6,No,2025-03
ORD104515,2025-03-10,CUST10635,Keyboard,Accessories,North,Online,Rep_11,4,4101,0.15,13943.4,11877.22,2066.18,14.82,Debit Card,3.5,No,2025-03
ORD102440,2025-03-10,CUST10538,Smartphone,Mobile,Central,Online,Rep_19,3,39473,0.02,116050.62,84982.23,31068.39,26.77,Credit Card,5.0,No,2025-03
ORD101249,2025-03-10,CUST10656,Smartwatch,Wearables,South,Retail Store,Rep_13,4,8613,0.15,29284.2,26075.94,3208.26,10.96,Net Banking,4.4,No,2025-03
ORD101054,2025-03-10,CUST10347,Printer,Office,West,Online,Rep_19,4,24776,0.05,94148.8,64797.84,29350.96,31.18,UPI,3.6,No,2025-03
ORD103427,2025-03-10,CUST10523,Keyboard,Accessories,West,Online,Rep_03,1,1197,0.05,1137.15,1035.55,101.6,8.93,Debit Card,5.0,Yes,2025-03
ORD101058,2025-03-10,CUST10747,Monitor,Accessories,East,Retail Store,Rep_12,5,10420,0.05,49495.0,37901.22,11593.78,23.42,Debit Card,4.3,No,2025-03
ORD100572,2025-03-11,CUST10327,Headphones,Audio,South,Partner,Rep_01,7,9545,0.05,63474.25,56375.51,7098.74,11.18,Credit Card,4.0,No,2025-03
ORD102410,2025-03-11,CUST10095,Monitor,Accessories,South,Online,Rep_17,1,10133,0.05,9626.35,8588.45,1037.9,10.78,Cash,4.0,No,2025-03
ORD104594,2025-03-11,CUST10488,Tablet,Mobile,West,Online,Rep_04,2,39108,0.08,71958.72,68064.55,3894.17,5.41,Net Banking,4.4,Yes,2025-03
ORD102879,2025-03-11,CUST10068,Keyboard,Accessories,East,Online,Rep_13,8,2495,0.05,18962.0,16382.3,2579.7,13.6,UPI,3.5,No,2025-03
ORD100969,2025-03-11,CUST10556,Keyboard,Accessories,North,Retail Store,Rep_10,5,3940,0.08,18124.0,17206.33,917.67,5.06,UPI,4.3,No,2025-03
ORD100089,2025-03-11,CUST10508,Webcam,Accessories,West,Online,Rep_12,3,5869,0.2,14085.6,15316.1,-1230.5,-8.74,Credit Card,3.7,Yes,2025-03
ORD104040,2025-03-11,CUST10645,Keyboard,Accessories,Central,Online,Rep_07,5,2349,0.1,10570.5,8135.84,2434.66,23.03,Credit Card,4.6,No,2025-03
ORD102964,2025-03-11,CUST10037,Smartwatch,Wearables,Central,Partner,Rep_14,7,21269,0.02,145905.34,100714.01,45191.33,30.97,Debit Card,2.6,No,2025-03
ORD100562,2025-03-11,CUST10153,Smartphone,Mobile,West,Retail Store,Rep_04,1,57883,0.15,49200.55,38066.89,11133.66,22.63,UPI,5.0,No,2025-03
ORD104593,2025-03-11,CUST10487,Monitor,Accessories,North,Retail Store,Rep_03,8,29891,0.1,215215.2,205295.99,9919.21,4.61,Credit Card,3.6,Yes,2025-03
ORD102924,2025-03-11,CUST10244,Smartphone,Mobile,West,Online,Rep_19,4,33798,0.0,135192.0,98910.81,36281.19,26.84,UPI,5.0,No,2025-03
ORD103948,2025-03-12,CUST10623,Mouse,Accessories,West,Partner,Rep_11,3,1940,0.02,5703.6,4415.63,1287.97,22.58,Cash,3.8,No,2025-03
ORD103209,2025-03-12,CUST10139,Monitor,Accessories,Central,Partner,Rep_16,2,8289,0.02,16246.44,11494.4,4752.04,29.25,UPI,2.8,No,2025-03
ORD101764,2025-03-12,CUST10320,Monitor,Accessories,West,Retail Store,Rep_07,7,21064,0.02,144499.04,118684.67,25814.37,17.86,Net Banking,3.9,No,2025-03
ORD100211,2025-03-12,CUST10063,Keyboard,Accessories,Central,Online,Rep_17,2,3846,0.08,7076.64,5200.24,1876.4,26.52,Credit Card,4.1,No,2025-03
ORD101870,2025-03-12,CUST10032,Headphones,Audio,South,Partner,Rep_02,6,1819,0.0,10914.0,7184.75,3729.25,34.17,Credit Card,3.9,No,2025-03
ORD100002,2025-03-12,CUST10601,Smartwatch,Wearables,South,Retail Store,Rep_03,6,19104,0.02,112331.52,73219.52,39112.0,34.82,Net Banking,3.4,No,2025-03
ORD104955,2025-03-12,CUST10501,Monitor,Accessories,East,Online,Rep_10,4,28910,0.05,109858.0,89972.11,19885.89,18.1,Cash,4.5,No,2025-03
ORD100340,2025-03-12,CUST10458,Laptop,Computers,North,Online,Rep_12,6,92027,0.05,524553.9,378203.23,146350.67,27.9,Credit Card,4.3,No,2025-03
ORD104636,2025-03-12,CUST10346,Smartwatch,Wearables,South,Partner,Rep_01,7,2507,0.02,17198.02,14471.11,2726.91,15.86,Net Banking,3.5,No,2025-03
ORD100910,2025-03-12,CUST10211,Tablet,Mobile,South,Online,Rep_02,6,40115,0.08,221434.8,166159.78,55275.02,24.96,Debit Card,5.0,No,2025-03
ORD102901,2025-03-13,CUST10449,Smartphone,Mobile,West,Partner,Rep_07,4,49739,0.0,198956.0,158501.64,40454.36,20.33,Credit Card,4.0,No,2025-03
ORD102207,2025-03-13,CUST10512,Smartphone,Mobile,East,Online,Rep_01,8,15692,0.15,106705.6,99290.07,7415.53,6.95,Cash,2.8,No,2025-03
ORD102684,2025-03-13,CUST10021,Tablet,Mobile,North,Online,Rep_20,1,22090,0.1,19881.0,16872.26,3008.74,15.13,Credit Card,4.0,No,2025-03
ORD100966,2025-03-13,CUST10498,Tablet,Mobile,Central,Online,Rep_06,7,15887,0.08,102312.28,75850.26,26462.02,25.86,UPI,3.0,No,2025-03
ORD100950,2025-03-13,CUST10575,Keyboard,Accessories,West,Online,Rep_16,4,1084,0.05,4119.2,3056.2,1063.0,25.81,UPI,3.9,No,2025-03
ORD103562,2025-03-13,CUST10474,Printer,Office,West,Online,Rep_18,8,17563,0.05,133478.8,87841.96,45636.84,34.19,Credit Card,4.1,No,2025-03
ORD103503,2025-03-13,CUST10169,Smartwatch,Wearables,South,Online,Rep_13,5,20897,0.02,102395.3,88755.31,13639.99,13.32,UPI,3.8,No,2025-03
ORD102520,2025-03-13,CUST10320,Headphones,Audio,North,Online,Rep_02,7,6814,0.15,40543.3,39959.17,584.13,1.44,UPI,3.2,No,2025-03
ORD102052,2025-03-14,CUST10361,Monitor,Accessories,North,Partner,Rep_16,8,9471,0.08,69706.56,50651.44,19055.12,27.34,UPI,4.3,No,2025-03
ORD102375,2025-03-14,CUST10033,Mouse,Accessories,South,Retail Store,Rep_04,2,1023,0.08,1882.32,1386.75,495.57,26.33,Net Banking,2.6,No,2025-03
ORD104935,2025-03-14,CUST10060,Monitor,Accessories,North,Online,Rep_15,4,12031,0.05,45717.8,34714.68,11003.12,24.07,Debit Card,3.9,No,2025-03
ORD101145,2025-03-14,CUST10139,Smartphone,Mobile,South,Retail Store,Rep_09,2,51676,0.02,101284.96,73244.07,28040.89,27.69,Net Banking,3.5,No,2025-03
ORD102311,2025-03-14,CUST10102,Monitor,Accessories,Central,Partner,Rep_11,8,20167,0.05,153269.2,101887.95,51381.25,33.52,UPI,3.9,No,2025-03
ORD100817,2025-03-14,CUST10420,Keyboard,Accessories,East,Partner,Rep_06,6,1787,0.0,10722.0,7105.04,3616.96,33.73,UPI,4.8,No,2025-03
ORD100713,2025-03-14,CUST10544,Monitor,Accessories,West,Online,Rep_16,2,15668,0.15,26635.6,19961.37,6674.23,25.06,UPI,4.3,No,2025-03
ORD102109,2025-03-14,CUST10674,Smartphone,Mobile,West,Online,Rep_04,5,22100,0.08,101660.0,77643.5,24016.5,23.62,Net Banking,3.7,Yes,2025-03
ORD100725,2025-03-14,CUST10329,Keyboard,Accessories,West,Partner,Rep_12,5,4319,0.08,19867.4,17300.94,2566.46,12.92,Credit Card,3.5,No,2025-03
ORD100842,2025-03-15,CUST10297,Mouse,Accessories,East,Partner,Rep_03,5,887,0.0,4435.0,3521.21,913.79,20.6,Debit Card,3.2,No,2025-03
ORD103269,2025-03-15,CUST10709,Mouse,Accessories,East,Retail Store,Rep_01,7,1793,0.08,11546.92,8699.54,2847.38,24.66,Cash,3.6,Yes,2025-03
ORD103279,2025-03-15,CUST10587,Tablet,Mobile,West,Retail Store,Rep_17,3,38057,0.15,97045.35,92989.35,4056.0,4.18,UPI,3.5,No,2025-03
ORD102210,2025-03-15,CUST10224,Webcam,Accessories,West,Online,Rep_09,7,7646,0.15,45493.7,44204.65,1289.05,2.83,Debit Card,5.0,No,2025-03
ORD104864,2025-03-15,CUST10432,Tablet,Mobile,North,Online,Rep_04,7,21771,0.1,137157.3,126272.88,10884.42,7.94,UPI,4.2,No,2025-03
ORD102624,2025-03-15,CUST10146,Webcam,Accessories,West,Online,Rep_15,5,2255,0.15,9583.75,9600.76,-17.01,-0.18,Credit Card,4.0,No,2025-03
ORD103912,2025-03-15,CUST10557,Smartphone,Mobile,South,Online,Rep_02,1,43435,0.15,36919.75,28378.98,8540.77,23.13,UPI,4.4,No,2025-03
ORD100494,2025-03-15,CUST10021,Smartphone,Mobile,West,Online,Rep_10,4,17754,0.1,63914.4,50000.74,13913.66,21.77,Debit Card,3.1,No,2025-03
ORD102475,2025-03-15,CUST10273,Keyboard,Accessories,Central,Online,Rep_03,2,3034,0.02,5946.64,4967.04,979.6,16.47,Debit Card,3.7,No,2025-03
ORD102401,2025-03-15,CUST10041,Tablet,Mobile,North,Partner,Rep_09,8,23475,0.05,178410.0,140960.16,37449.84,20.99,Credit Card,4.2,No,2025-03
ORD101349,2025-03-15,CUST10278,Smartwatch,Wearables,South,Online,Rep_19,3,20436,0.1,55177.2,41203.69,13973.51,25.32,Credit Card,4.3,No,2025-03
ORD101237,2025-03-16,CUST10018,Webcam,Accessories,West,Partner,Rep_17,6,8370,0.08,46202.4,37782.7,8419.7,18.22,Credit Card,4.0,No,2025-03
ORD100767,2025-03-16,CUST10454,Headphones,Audio,East,Partner,Rep_09,1,9864,0.15,8384.4,7266.22,1118.18,13.34,Net Banking,3.2,No,2025-03
ORD100861,2025-03-16,CUST10268,Headphones,Audio,North,Retail Store,Rep_05,3,8871,0.08,24483.96,23080.29,1403.67,5.73,Debit Card,3.7,No,2025-03
ORD101633,2025-03-16,CUST10564,Mouse,Accessories,North,Online,Rep_09,6,2040,0.0,12240.0,8358.71,3881.29,31.71,UPI,4.3,No,2025-03
ORD103256,2025-03-16,CUST10095,Smartphone,Mobile,North,Retail Store,Rep_14,1,17097,0.05,16242.15,13768.22,2473.93,15.23,Debit Card,4.7,No,2025-03
ORD100206,2025-03-16,CUST10119,Laptop,Computers,West,Online,Rep_01,5,53066,0.15,225530.5,229756.71,-4226.21,-1.87,Debit Card,4.0,No,2025-03
ORD104797,2025-03-16,CUST10684,Smartphone,Mobile,Central,Partner,Rep_20,5,33279,0.15,141435.75,119755.79,21679.96,15.33,Debit Card,3.8,No,2025-03
ORD101980,2025-03-16,CUST10517,Printer,Office,Central,Online,Rep_08,2,27276,0.1,49096.8,47389.66,1707.14,3.48,Credit Card,5.0,No,2025-03
ORD103734,2025-03-17,CUST10513,Monitor,Accessories,West,Partner,Rep_03,3,24717,0.1,66735.9,52690.69,14045.21,21.05,UPI,4.8,No,2025-03
ORD104925,2025-03-17,CUST10561,Laptop,Computers,East,Online,Rep_01,3,101215,0.08,279353.4,191098.65,88254.75,31.59,Net Banking,3.4,No,2025-03
ORD102317,2025-03-17,CUST10324,Smartphone,Mobile,South,Partner,Rep_06,2,61456,0.15,104475.2,83496.28,20978.92,20.08,Debit Card,3.5,No,2025-03
ORD101048,2025-03-17,CUST10750,Laptop,Computers,Central,Online,Rep_01,2,49962,0.1,89931.6,62146.27,27785.33,30.9,UPI,4.3,No,2025-03
ORD102054,2025-03-17,CUST10556,Smartwatch,Wearables,North,Online,Rep_03,2,18379,0.0,36758.0,31379.38,5378.62,14.63,Debit Card,4.7,No,2025-03
ORD100417,2025-03-17,CUST10618,Tablet,Mobile,North,Partner,Rep_06,3,27268,0.08,75259.68,54260.26,20999.42,27.9,UPI,3.8,No,2025-03
ORD104872,2025-03-17,CUST10499,Smartphone,Mobile,West,Retail Store,Rep_11,4,23358,0.08,85957.44,78572.52,7384.92,8.59,Debit Card,3.5,No,2025-03
ORD102991,2025-03-17,CUST10741,Smartphone,Mobile,South,Partner,Rep_12,7,41488,0.0,290416.0,246515.43,43900.57,15.12,UPI,4.0,No,2025-03
ORD100653,2025-03-17,CUST10529,Keyboard,Accessories,East,Retail Store,Rep_09,3,4411,0.1,11909.7,11397.52,512.18,4.3,UPI,2.5,No,2025-03
ORD102138,2025-03-17,CUST10679,Headphones,Audio,West,Online,Rep_08,7,9104,0.05,60541.6,44781.39,15760.21,26.03,Credit Card,4.0,No,2025-03
ORD103666,2025-03-18,CUST10738,Monitor,Accessories,West,Online,Rep_10,2,23552,0.05,44748.8,39747.69,5001.11,11.18,UPI,4.3,No,2025-03
ORD102061,2025-03-18,CUST10167,Laptop,Computers,West,Online,Rep_08,4,91787,0.08,337776.16,297412.96,40363.2,11.95,Credit Card,4.6,No,2025-03
ORD102062,2025-03-18,CUST10647,Keyboard,Accessories,West,Online,Rep_09,1,1850,0.08,1702.0,1247.76,454.24,26.69,UPI,3.9,No,2025-03
ORD102862,2025-03-18,CUST10005,Smartphone,Mobile,Central,Retail Store,Rep_07,2,51175,0.02,100303.0,74511.1,25791.9,25.71,Debit Card,3.9,No,2025-03
ORD104772,2025-03-18,CUST10715,Monitor,Accessories,West,Retail Store,Rep_11,2,22762,0.1,40971.6,31975.12,8996.48,21.96,UPI,3.1,No,2025-03
ORD102823,2025-03-18,CUST10109,Mouse,Accessories,South,Online,Rep_08,5,2428,0.05,11533.0,8172.04,3360.96,29.14,Net Banking,3.1,No,2025-03
ORD104207,2025-03-18,CUST10099,Keyboard,Accessories,West,Partner,Rep_12,6,4263,0.02,25066.44,22199.45,2866.99,11.44,Net Banking,4.1,No,2025-03
ORD101641,2025-03-18,CUST10679,Keyboard,Accessories,North,Online,Rep_02,4,2456,0.0,9824.0,8469.5,1354.5,13.79,UPI,4.6,No,2025-03
ORD102055,2025-03-18,CUST10708,Printer,Office,North,Online,Rep_20,1,27755,0.05,26367.25,20479.57,5887.68,22.33,UPI,4.6,No,2025-03
ORD103572,2025-03-18,CUST10209,Keyboard,Accessories,North,Retail Store,Rep_01,8,3537,0.05,26881.2,21063.73,5817.47,21.64,Credit Card,4.3,No,2025-03
ORD102873,2025-03-18,CUST10278,Webcam,Accessories,East,Partner,Rep_02,7,3117,0.05,20728.05,15059.87,5668.18,27.35,UPI,3.3,No,2025-03
ORD103272,2025-03-18,CUST10248,Laptop,Computers,Central,Retail Store,Rep_12,1,48597,0.08,44709.24,31606.29,13102.95,29.31,Net Banking,4.3,No,2025-03
ORD102836,2025-03-18,CUST10564,Webcam,Accessories,West,Partner,Rep_19,1,8661,0.0,8661.0,6820.77,1840.23,21.25,UPI,3.4,No,2025-03
ORD100320,2025-03-19,CUST10710,Smartphone,Mobile,North,Retail Store,Rep_09,4,12228,0.05,46466.4,32069.26,14397.14,30.98,Cash,4.8,No,2025-03
ORD100488,2025-03-19,CUST10630,Smartphone,Mobile,East,Online,Rep_14,7,28190,0.05,181543.6,140459.38,41084.22,22.63,UPI,2.2,No,2025-03
ORD104030,2025-03-19,CUST10630,Tablet,Mobile,West,Partner,Rep_11,2,54815,0.08,100859.6,87084.42,13775.18,13.66,Debit Card,5.0,No,2025-03
ORD104128,2025-03-19,CUST10003,Smartwatch,Wearables,Central,Online,Rep_09,2,24848,0.08,45720.32,34280.46,11439.86,25.02,Debit Card,3.8,Yes,2025-03
ORD104770,2025-03-19,CUST10003,Tablet,Mobile,South,Retail Store,Rep_13,5,47630,0.08,219098.0,203788.14,15309.86,6.99,UPI,3.4,No,2025-03
ORD103861,2025-03-19,CUST10573,Printer,Office,West,Retail Store,Rep_14,4,23428,0.05,89026.4,60880.28,28146.12,31.62,Credit Card,4.0,No,2025-03
ORD101235,2025-03-19,CUST10639,Mouse,Accessories,North,Online,Rep_02,3,1917,0.0,5751.0,3693.94,2057.06,35.77,Credit Card,3.7,No,2025-03
ORD100982,2025-03-20,CUST10570,Headphones,Audio,North,Online,Rep_08,5,9877,0.08,45434.2,32399.71,13034.49,28.69,UPI,4.2,Yes,2025-03
ORD101732,2025-03-20,CUST10712,Mouse,Accessories,South,Retail Store,Rep_17,1,1435,0.08,1320.2,908.16,412.04,31.21,Credit Card,3.7,No,2025-03
ORD101406,2025-03-20,CUST10443,Monitor,Accessories,Central,Retail Store,Rep_04,5,20123,0.08,92565.8,67977.66,24588.14,26.56,Debit Card,3.2,No,2025-03
ORD101694,2025-03-20,CUST10743,Smartphone,Mobile,West,Retail Store,Rep_05,1,18480,0.05,17556.0,14613.37,2942.63,16.76,Debit Card,4.0,No,2025-03
ORD101522,2025-03-20,CUST10558,Smartwatch,Wearables,West,Retail Store,Rep_04,3,12926,0.05,36839.1,26101.17,10737.93,29.15,Net Banking,4.1,No,2025-03
ORD101130,2025-03-20,CUST10415,Smartphone,Mobile,Central,Online,Rep_01,7,57676,0.02,395657.36,277084.3,118573.06,29.97,Debit Card,4.5,No,2025-03
ORD100345,2025-03-21,CUST10633,Monitor,Accessories,Central,Retail Store,Rep_01,3,12459,0.02,36629.46,24143.94,12485.52,34.09,UPI,4.2,No,2025-03
ORD101623,2025-03-21,CUST10390,Keyboard,Accessories,East,Partner,Rep_10,6,4168,0.15,21256.8,19664.84,1591.96,7.49,Net Banking,4.3,No,2025-03
ORD102487,2025-03-21,CUST10425,Monitor,Accessories,West,Online,Rep_08,2,8544,0.08,15720.96,11039.39,4681.57,29.78,UPI,4.5,No,2025-03
ORD100265,2025-03-21,CUST10700,Webcam,Accessories,East,Online,Rep_07,8,6174,0.08,45440.64,31471.78,13968.86,30.74,Cash,4.0,No,2025-03
ORD103399,2025-03-21,CUST10657,Smartphone,Mobile,North,Retail Store,Rep_05,5,53416,0.05,253726.0,208298.11,45427.89,17.9,Debit Card,4.0,No,2025-03
ORD101444,2025-03-21,CUST10572,Monitor,Accessories,East,Retail Store,Rep_12,8,15038,0.05,114288.8,88933.88,25354.92,22.18,Credit Card,5.0,No,2025-03
ORD102620,2025-03-21,CUST10251,Tablet,Mobile,Central,Retail Store,Rep_03,1,53885,0.05,51190.75,38308.05,12882.7,25.17,Debit Card,4.2,No,2025-03
ORD102534,2025-03-21,CUST10105,Laptop,Computers,South,Online,Rep_08,8,98120,0.15,667216.0,659882.92,7333.08,1.1,UPI,4.7,No,2025-03
ORD102466,2025-03-21,CUST10743,Smartphone,Mobile,West,Online,Rep_10,5,45572,0.2,182288.0,158094.64,24193.36,13.27,Credit Card,4.9,No,2025-03
ORD103385,2025-03-21,CUST10640,Laptop,Computers,North,Retail Store,Rep_04,8,46849,0.02,367296.16,280293.6,87002.56,23.69,Credit Card,3.3,No,2025-03
ORD104269,2025-03-22,CUST10500,Printer,Office,North,Online,Rep_06,8,12353,0.05,93882.8,68028.59,25854.21,27.54,Debit Card,4.6,No,2025-03
ORD104651,2025-03-22,CUST10584,Laptop,Computers,North,Online,Rep_08,1,65505,0.1,58954.5,54186.86,4767.64,8.09,UPI,5.0,No,2025-03
ORD100047,2025-03-22,CUST10157,Tablet,Mobile,South,Online,Rep_09,1,40911,0.15,34774.35,33213.2,1561.15,4.49,Credit Card,3.8,No,2025-03
ORD102813,2025-03-22,CUST10138,Mouse,Accessories,South,Online,Rep_03,8,2277,0.02,17851.68,14085.1,3766.58,21.1,UPI,3.6,No,2025-03
ORD100392,2025-03-22,CUST10467,Monitor,Accessories,West,Online,Rep_20,2,16001,0.1,28801.8,24760.59,4041.21,14.03,Cash,3.7,Yes,2025-03
ORD103536,2025-03-22,CUST10182,Smartphone,Mobile,Central,Online,Rep_12,8,46855,0.0,374840.0,234591.77,140248.23,37.42,Debit Card,4.0,No,2025-03
ORD102503,2025-03-22,CUST10273,Keyboard,Accessories,South,Retail Store,Rep_10,3,3499,0.05,9972.15,7025.05,2947.1,29.55,Net Banking,4.5,No,2025-03
ORD104286,2025-03-22,CUST10604,Keyboard,Accessories,West,Online,Rep_01,2,3508,0.15,5963.6,5251.91,711.69,11.93,UPI,4.1,Yes,2025-03
ORD103097,2025-03-22,CUST10742,Smartwatch,Wearables,South,Partner,Rep_13,5,21646,0.1,97407.0,71775.14,25631.86,26.31,UPI,3.9,No,2025-03
ORD100857,2025-03-23,CUST10110,Laptop,Computers,South,Online,Rep_05,6,80331,0.1,433787.4,324379.98,109407.42,25.22,UPI,3.3,No,2025-03
ORD101851,2025-03-23,CUST10365,Smartphone,Mobile,South,Online,Rep_18,1,55828,0.02,54711.44,36815.78,17895.66,32.71,Debit Card,4.3,No,2025-03
ORD102327,2025-03-23,CUST10369,Printer,Office,South,Online,Rep_18,8,25814,0.08,189991.04,174046.68,15944.36,8.39,UPI,4.7,No,2025-03
ORD100734,2025-03-23,CUST10726,Keyboard,Accessories,South,Online,Rep_12,2,2208,0.02,4327.68,2780.0,1547.68,35.76,Net Banking,4.3,Yes,2025-03
ORD100588,2025-03-23,CUST10583,Smartphone,Mobile,South,Online,Rep_18,8,61733,0.08,454354.88,331561.64,122793.24,27.03,UPI,3.8,No,2025-03
ORD104774,2025-03-23,CUST10240,Printer,Office,West,Online,Rep_05,7,8897,0.2,49823.2,39121.94,10701.26,21.48,UPI,4.5,No,2025-03
ORD100429,2025-03-23,CUST10738,Tablet,Mobile,North,Retail Store,Rep_07,6,35835,0.08,197809.2,159931.68,37877.52,19.15,Credit Card,4.0,No,2025-03
ORD103217,2025-03-23,CUST10159,Smartphone,Mobile,East,Retail Store,Rep_06,2,42434,0.15,72137.8,72444.71,-306.91,-0.43,Net Banking,3.7,No,2025-03
ORD102659,2025-03-23,CUST10004,Smartphone,Mobile,West,Online,Rep_07,2,27066,0.02,53049.36,38134.97,14914.39,28.11,Cash,4.7,No,2025-03
ORD103629,2025-03-23,CUST10422,Printer,Office,South,Online,Rep_10,8,7976,0.15,54236.8,44462.52,9774.28,18.02,UPI,4.8,No,2025-03
ORD101783,2025-03-23,CUST10383,Monitor,Accessories,South,Partner,Rep_15,7,20392,0.02,139889.12,107391.56,32497.56,23.23,UPI,4.9,Yes,2025-03
ORD102131,2025-03-24,CUST10121,Smartphone,Mobile,Central,Retail Store,Rep_08,3,50032,0.02,147094.08,125429.6,21664.48,14.73,Net Banking,4.5,No,2025-03
ORD100941,2025-03-24,CUST10187,Smartphone,Mobile,East,Retail Store,Rep_13,7,30238,0.1,190499.4,179917.96,10581.44,5.55,Credit Card,3.2,No,2025-03
ORD103369,2025-03-24,CUST10069,Smartphone,Mobile,South,Partner,Rep_07,7,19531,0.02,133982.66,109548.97,24433.69,18.24,UPI,3.9,No,2025-03
ORD101592,2025-03-24,CUST10403,Smartwatch,Wearables,North,Retail Store,Rep_10,2,23338,0.02,45742.48,35084.68,10657.8,23.3,Net Banking,3.8,No,2025-03
ORD102298,2025-03-24,CUST10321,Laptop,Computers,South,Online,Rep_12,4,46487,0.02,182229.04,138321.14,43907.9,24.09,Cash,3.9,No,2025-03
ORD101217,2025-03-25,CUST10631,Laptop,Computers,East,Retail Store,Rep_05,7,58996,0.05,392323.4,306109.02,86214.38,21.98,Cash,5.0,No,2025-03
ORD100005,2025-03-25,CUST10689,Smartphone,Mobile,East,Online,Rep_18,5,63539,0.1,285925.5,228904.55,57020.95,19.94,Credit Card,3.5,No,2025-03
ORD104471,2025-03-25,CUST10432,Webcam,Accessories,East,Partner,Rep_09,4,3408,0.1,12268.8,9978.23,2290.57,18.67,UPI,3.3,No,2025-03
ORD100282,2025-03-25,CUST10140,Tablet,Mobile,West,Online,Rep_04,2,35869,0.05,68151.1,54382.93,13768.17,20.2,Credit Card,4.0,No,2025-03
ORD102697,2025-03-25,CUST10250,Mouse,Accessories,West,Online,Rep_09,8,922,0.1,6638.4,5439.08,1199.32,18.07,Credit Card,3.9,No,2025-03
ORD101767,2025-03-25,CUST10004,Headphones,Audio,Central,Online,Rep_17,8,3859,0.05,29328.4,20369.51,8958.89,30.55,Cash,3.9,No,2025-03
ORD102861,2025-03-25,CUST10339,Webcam,Accessories,Central,Partner,Rep_13,1,5427,0.05,5155.65,4757.23,398.42,7.73,Debit Card,4.1,No,2025-03
ORD104178,2025-03-25,CUST10150,Printer,Office,North,Retail Store,Rep_05,3,22334,0.05,63651.9,53116.97,10534.93,16.55,UPI,4.8,Yes,2025-03
ORD100541,2025-03-25,CUST10665,Smartwatch,Wearables,West,Partner,Rep_03,4,13707,0.05,52086.6,44384.77,7701.83,14.79,Cash,3.5,No,2025-03
ORD100700,2025-03-25,CUST10724,Monitor,Accessories,East,Retail Store,Rep_15,6,29309,0.08,161785.68,132946.84,28838.84,17.83,Cash,4.4,No,2025-03
ORD102069,2025-03-25,CUST10620,Smartphone,Mobile,Central,Retail Store,Rep_14,8,58009,0.08,426946.24,341568.05,85378.19,20.0,Credit Card,3.2,No,2025-03
ORD101480,2025-03-26,CUST10596,Monitor,Accessories,West,Online,Rep_16,6,27617,0.1,149131.8,117832.75,31299.05,20.99,Credit Card,3.4,No,2025-03
ORD100040,2025-03-26,CUST10576,Monitor,Accessories,West,Online,Rep_07,2,26870,0.15,45679.0,45085.14,593.86,1.3,UPI,3.5,No,2025-03
ORD103474,2025-03-26,CUST10473,Mouse,Accessories,South,Retail Store,Rep_06,6,689,0.05,3927.3,2701.17,1226.13,31.22,Credit Card,3.5,No,2025-03
ORD102680,2025-03-26,CUST10056,Keyboard,Accessories,West,Online,Rep_06,1,1708,0.08,1571.36,1357.04,214.32,13.64,Net Banking,3.9,Yes,2025-03
ORD100655,2025-03-26,CUST10230,Monitor,Accessories,North,Online,Rep_14,4,10143,0.0,40572.0,30888.57,9683.43,23.87,UPI,4.3,No,2025-03
ORD100321,2025-03-26,CUST10164,Keyboard,Accessories,South,Online,Rep_12,8,1642,0.2,10508.8,9447.51,1061.29,10.1,Credit Card,3.9,No,2025-03
ORD101992,2025-03-26,CUST10079,Smartphone,Mobile,South,Online,Rep_16,7,16165,0.2,90524.0,80713.12,9810.88,10.84,UPI,4.1,No,2025-03
ORD101056,2025-03-26,CUST10517,Tablet,Mobile,North,Retail Store,Rep_12,8,31403,0.1,226101.6,184569.9,41531.7,18.37,Credit Card,2.9,Yes,2025-03
ORD101243,2025-03-27,CUST10320,Headphones,Audio,South,Online,Rep_06,2,10470,0.02,20521.2,13133.35,7387.85,36.0,Cash,5.0,No,2025-03
ORD103419,2025-03-27,CUST10014,Smartphone,Mobile,East,Online,Rep_07,5,63663,0.1,286483.5,211600.07,74883.43,26.14,UPI,4.7,No,2025-03
ORD103926,2025-03-27,CUST10097,Laptop,Computers,East,Online,Rep_09,1,88331,0.05,83914.45,73631.3,10283.15,12.25,Credit Card,4.0,No,2025-03
ORD102894,2025-03-27,CUST10615,Mouse,Accessories,East,Partner,Rep_05,2,1183,0.0,2366.0,1714.39,651.61,27.54,Net Banking,3.8,Yes,2025-03
ORD101540,2025-03-27,CUST10044,Keyboard,Accessories,East,Retail Store,Rep_20,2,2659,0.05,5052.1,3370.68,1681.42,33.28,UPI,3.7,Yes,2025-03
ORD104814,2025-03-27,CUST10107,Keyboard,Accessories,East,Online,Rep_08,3,2112,0.1,5702.4,4181.43,1520.97,26.67,Net Banking,4.0,No,2025-03
ORD101202,2025-03-27,CUST10299,Laptop,Computers,East,Retail Store,Rep_12,2,57217,0.05,108712.3,76748.42,31963.88,29.4,Credit Card,3.7,No,2025-03
ORD102283,2025-03-27,CUST10448,Monitor,Accessories,North,Online,Rep_02,1,19278,0.05,18314.1,12163.65,6150.45,33.58,Cash,3.9,No,2025-03
ORD104984,2025-03-27,CUST10389,Printer,Office,South,Online,Rep_15,5,17459,0.15,74200.75,61568.14,12632.61,17.02,UPI,4.6,No,2025-03
ORD103242,2025-03-27,CUST10594,Monitor,Accessories,West,Online,Rep_14,6,27641,0.2,132676.8,127598.2,5078.6,3.83,Credit Card,4.2,No,2025-03
ORD103003,2025-03-27,CUST10085,Smartphone,Mobile,East,Online,Rep_02,8,37429,0.1,269488.8,223125.19,46363.61,17.2,Credit Card,3.7,No,2025-03
ORD100078,2025-03-27,CUST10122,Laptop,Computers,South,Online,Rep_14,7,57361,0.05,381450.65,307843.88,73606.77,19.3,Credit Card,4.9,No,2025-03
ORD102953,2025-03-27,CUST10083,Headphones,Audio,West,Online,Rep_01,7,7555,0.05,50240.75,33179.98,17060.77,33.96,UPI,4.7,No,2025-03
ORD104447,2025-03-27,CUST10245,Smartphone,Mobile,North,Partner,Rep_01,5,31562,0.0,157810.0,101958.0,55852.0,35.39,Credit Card,3.9,No,2025-03
ORD103430,2025-03-27,CUST10524,Keyboard,Accessories,South,Partner,Rep_17,6,1174,0.05,6691.8,4637.35,2054.45,30.7,Debit Card,4.7,No,2025-03
ORD102699,2025-03-28,CUST10041,Headphones,Audio,West,Online,Rep_09,7,1450,0.02,9947.0,6598.73,3348.27,33.66,Credit Card,5.0,No,2025-03
ORD103258,2025-03-28,CUST10684,Smartphone,Mobile,Central,Online,Rep_12,3,62545,0.0,187635.0,154971.71,32663.29,17.41,UPI,3.4,No,2025-03
ORD102658,2025-03-28,CUST10036,Printer,Office,North,Online,Rep_20,8,19164,0.05,145646.4,113085.6,32560.8,22.36,Credit Card,4.3,No,2025-03
ORD101386,2025-03-28,CUST10736,Tablet,Mobile,North,Retail Store,Rep_09,8,44415,0.02,348213.6,265798.28,82415.32,23.67,UPI,3.4,Yes,2025-03
ORD104150,2025-03-28,CUST10604,Headphones,Audio,East,Online,Rep_19,3,3373,0.15,8601.15,7041.95,1559.2,18.13,Credit Card,3.7,No,2025-03
ORD103877,2025-03-28,CUST10699,Smartphone,Mobile,North,Online,Rep_04,6,33086,0.2,158812.8,159326.27,-513.47,-0.32,Credit Card,4.6,No,2025-03
ORD100589,2025-03-28,CUST10333,Smartphone,Mobile,South,Retail Store,Rep_09,8,63406,0.05,481885.6,405938.55,75947.05,15.76,Debit Card,3.5,No,2025-03
ORD104252,2025-03-28,CUST10170,Laptop,Computers,West,Online,Rep_05,7,96244,0.08,619811.36,433974.76,185836.6,29.98,Cash,4.7,No,2025-03
ORD102936,2025-03-28,CUST10682,Smartphone,Mobile,East,Online,Rep_16,8,42588,0.15,289598.4,260294.16,29304.24,10.12,Debit Card,4.5,No,2025-03
ORD104648,2025-03-29,CUST10648,Smartphone,Mobile,Central,Online,Rep_11,3,61891,0.05,176389.35,155314.58,21074.77,11.95,Credit Card,2.6,No,2025-03
ORD103188,2025-03-29,CUST10617,Tablet,Mobile,South,Online,Rep_09,4,43682,0.08,160749.76,117947.5,42802.26,26.63,Net Banking,5.0,No,2025-03
ORD104081,2025-03-29,CUST10129,Mouse,Accessories,North,Online,Rep_07,2,1898,0.08,3492.32,2890.29,602.03,17.24,Debit Card,4.9,No,2025-03
ORD101779,2025-03-29,CUST10243,Smartphone,Mobile,Central,Online,Rep_17,2,43150,0.0,86300.0,73881.25,12418.75,14.39,Credit Card,3.4,No,2025-03
ORD103736,2025-03-29,CUST10599,Monitor,Accessories,East,Partner,Rep_06,1,9223,0.2,7378.4,7264.17,114.23,1.55,Debit Card,4.3,No,2025-03
ORD100155,2025-03-29,CUST10382,Smartwatch,Wearables,South,Online,Rep_09,2,15921,0.08,29294.64,22178.8,7115.84,24.29,UPI,3.8,No,2025-03
ORD102469,2025-03-29,CUST10230,Monitor,Accessories,North,Online,Rep_16,2,27114,0.05,51516.6,42610.56,8906.04,17.29,Credit Card,3.8,No,2025-03
ORD100460,2025-03-29,CUST10132,Smartphone,Mobile,East,Online,Rep_07,6,50274,0.15,256397.4,236841.2,19556.2,7.63,Debit Card,4.5,No,2025-03
ORD102060,2025-03-29,CUST10644,Keyboard,Accessories,Central,Retail Store,Rep_13,6,2589,0.08,14291.28,11697.27,2594.01,18.15,Debit Card,3.5,No,2025-03
ORD100117,2025-03-29,CUST10208,Printer,Office,North,Retail Store,Rep_16,7,13598,0.0,95186.0,74006.86,21179.14,22.25,UPI,4.0,No,2025-03
ORD102104,2025-03-29,CUST10504,Mouse,Accessories,North,Online,Rep_02,2,1348,0.02,2642.08,1735.0,907.08,34.33,Credit Card,5.0,No,2025-03
ORD104022,2025-03-29,CUST10064,Smartphone,Mobile,Central,Online,Rep_17,6,47761,0.2,229252.8,235748.29,-6495.49,-2.83,Net Banking,4.7,No,2025-03
ORD102468,2025-03-29,CUST10596,Laptop,Computers,Central,Online,Rep_20,6,50649,0.1,273504.6,209793.52,63711.08,23.29,Debit Card,3.5,Yes,2025-03
ORD103640,2025-03-29,CUST10365,Smartphone,Mobile,South,Online,Rep_18,4,28496,0.05,108284.8,75664.63,32620.17,30.12,Net Banking,4.3,No,2025-03
ORD104429,2025-03-30,CUST10453,Smartphone,Mobile,North,Online,Rep_10,5,49112,0.05,233282.0,164566.5,68715.5,29.46,Net Banking,3.5,No,2025-03
ORD102816,2025-03-30,CUST10214,Headphones,Audio,Central,Partner,Rep_05,5,11040,0.0,55200.0,44290.69,10909.31,19.76,Cash,4.4,No,2025-03
ORD102177,2025-03-30,CUST10504,Smartphone,Mobile,West,Partner,Rep_10,3,19840,0.08,54758.4,43369.87,11388.53,20.8,Credit Card,2.8,No,2025-03
ORD103338,2025-03-30,CUST10750,Headphones,Audio,South,Online,Rep_09,7,7966,0.05,52973.9,42345.5,10628.4,20.06,UPI,3.4,Yes,2025-03
ORD102338,2025-03-30,CUST10529,Tablet,Mobile,East,Online,Rep_14,5,52083,0.05,247394.25,188128.93,59265.32,23.96,Net Banking,4.5,No,2025-03
ORD102694,2025-03-30,CUST10554,Monitor,Accessories,North,Online,Rep_05,6,19023,0.2,91310.4,76532.81,14777.59,16.18,UPI,4.9,No,2025-03
ORD103827,2025-03-30,CUST10052,Monitor,Accessories,Central,Online,Rep_16,8,17545,0.08,129131.2,89176.19,39955.01,30.94,Debit Card,3.6,No,2025-03
ORD102858,2025-03-31,CUST10211,Laptop,Computers,North,Retail Store,Rep_19,5,104296,0.08,479761.6,342952.25,136809.35,28.52,UPI,3.4,No,2025-03
ORD101122,2025-03-31,CUST10727,Smartwatch,Wearables,East,Online,Rep_10,7,18206,0.02,124893.16,82191.99,42701.17,34.19,UPI,4.0,No,2025-03
ORD102553,2025-03-31,CUST10202,Printer,Office,North,Online,Rep_05,2,26349,0.15,44793.3,41084.61,3708.69,8.28,Net Banking,5.0,No,2025-03
ORD104497,2025-03-31,CUST10170,Monitor,Accessories,Central,Online,Rep_06,8,26946,0.08,198322.56,168460.88,29861.68,15.06,Credit Card,4.0,No,2025-03
ORD101455,2025-03-31,CUST10565,Laptop,Computers,South,Partner,Rep_03,3,97249,0.0,291747.0,241700.97,50046.03,17.15,Net Banking,4.3,Yes,2025-03
ORD100148,2025-03-31,CUST10135,Monitor,Accessories,West,Online,Rep_16,2,28162,0.0,56324.0,41178.97,15145.03,26.89,Debit Card,3.8,No,2025-03
ORD103915,2025-03-31,CUST10735,Smartwatch,Wearables,West,Retail Store,Rep_14,1,6700,0.05,6365.0,5555.26,809.74,12.72,Net Banking,4.6,No,2025-03
ORD103843,2025-03-31,CUST10684,Monitor,Accessories,West,Partner,Rep_18,6,28375,0.15,144712.5,121764.68,22947.82,15.86,Net Banking,3.0,No,2025-03
ORD100679,2025-03-31,CUST10073,Smartwatch,Wearables,Central,Online,Rep_09,8,19017,0.05,144529.2,97148.46,47380.74,32.78,UPI,3.8,No,2025-03
ORD100247,2025-03-31,CUST10593,Monitor,Accessories,South,Partner,Rep_07,6,12677,0.08,69977.04,60442.47,9534.57,13.63,Cash,3.7,No,2025-03
ORD104703,2025-04-01,CUST10072,Mouse,Accessories,North,Partner,Rep_12,8,1052,0.1,7574.4,6526.87,1047.53,13.83,Credit Card,3.4,No,2025-04
ORD101697,2025-04-01,CUST10358,Laptop,Computers,South,Online,Rep_18,2,49106,0.0,98212.0,78601.19,19610.81,19.97,UPI,4.1,No,2025-04
ORD103156,2025-04-01,CUST10197,Mouse,Accessories,West,Online,Rep_07,1,844,0.02,827.12,689.14,137.98,16.68,Debit Card,4.1,No,2025-04
ORD102392,2025-04-01,CUST10175,Smartphone,Mobile,Central,Retail Store,Rep_10,7,43044,0.0,301308.0,226332.35,74975.65,24.88,Debit Card,3.7,No,2025-04
ORD101821,2025-04-01,CUST10169,Smartphone,Mobile,North,Online,Rep_19,7,18181,0.0,127267.0,79436.86,47830.14,37.58,Net Banking,4.1,No,2025-04
ORD104943,2025-04-01,CUST10356,Printer,Office,South,Partner,Rep_02,5,11545,0.0,57725.0,40202.48,17522.52,30.36,Credit Card,3.4,No,2025-04
ORD101002,2025-04-01,CUST10360,Keyboard,Accessories,South,Retail Store,Rep_07,1,3665,0.1,3298.5,2970.9,327.6,9.93,Credit Card,3.4,No,2025-04
ORD100571,2025-04-01,CUST10228,Keyboard,Accessories,East,Partner,Rep_01,1,1977,0.08,1818.84,1401.91,416.93,22.92,Debit Card,5.0,Yes,2025-04
ORD104575,2025-04-01,CUST10144,Headphones,Audio,East,Retail Store,Rep_10,5,2888,0.15,12274.0,10202.31,2071.69,16.88,Debit Card,4.2,No,2025-04
ORD104786,2025-04-01,CUST10680,Tablet,Mobile,North,Retail Store,Rep_09,6,28626,0.0,171756.0,135421.89,36334.11,21.15,Credit Card,3.6,No,2025-04
ORD103052,2025-04-02,CUST10353,Monitor,Accessories,South,Online,Rep_12,4,14054,0.05,53405.2,43006.66,10398.54,19.47,UPI,5.0,Yes,2025-04
ORD100343,2025-04-02,CUST10589,Smartphone,Mobile,East,Partner,Rep_12,1,34747,0.05,33009.65,24545.81,8463.84,25.64,Cash,3.2,No,2025-04
ORD101313,2025-04-02,CUST10208,Keyboard,Accessories,North,Retail Store,Rep_01,3,2365,0.2,5676.0,4586.74,1089.26,19.19,Debit Card,4.2,No,2025-04
ORD100873,2025-04-02,CUST10320,Mouse,Accessories,North,Online,Rep_03,1,1305,0.08,1200.6,844.22,356.38,29.68,UPI,4.3,No,2025-04
ORD101658,2025-04-02,CUST10190,Tablet,Mobile,South,Online,Rep_08,7,28699,0.15,170759.05,175283.38,-4524.33,-2.65,Net Banking,4.0,No,2025-04
ORD100598,2025-04-02,CUST10723,Smartphone,Mobile,South,Online,Rep_08,1,28852,0.08,26543.84,20547.83,5996.01,22.59,UPI,4.2,No,2025-04
ORD103568,2025-04-02,CUST10593,Mouse,Accessories,South,Online,Rep_07,1,811,0.05,770.45,545.76,224.69,29.16,UPI,4.7,No,2025-04
ORD102268,2025-04-02,CUST10136,Headphones,Audio,North,Online,Rep_13,7,10144,0.0,71008.0,55913.55,15094.45,21.26,Cash,4.6,No,2025-04
ORD103477,2025-04-02,CUST10668,Smartwatch,Wearables,West,Partner,Rep_13,2,17948,0.02,35178.08,23646.54,11531.54,32.78,Credit Card,4.2,No,2025-04
ORD100497,2025-04-03,CUST10678,Keyboard,Accessories,West,Online,Rep_16,6,1163,0.08,6419.76,4525.93,1893.83,29.5,UPI,3.6,No,2025-04
ORD100020,2025-04-03,CUST10083,Tablet,Mobile,East,Retail Store,Rep_06,2,26059,0.15,44300.3,35215.5,9084.8,20.51,Credit Card,3.3,No,2025-04
ORD103370,2025-04-03,CUST10523,Mouse,Accessories,Central,Online,Rep_19,4,818,0.0,3272.0,2683.38,588.62,17.99,Credit Card,4.6,No,2025-04
ORD100705,2025-04-03,CUST10425,Laptop,Computers,West,Online,Rep_19,4,55462,0.0,221848.0,179263.92,42584.08,19.2,UPI,4.5,No,2025-04
ORD104341,2025-04-03,CUST10276,Monitor,Accessories,South,Retail Store,Rep_03,1,19581,0.2,15664.8,15855.63,-190.83,-1.22,Net Banking,4.5,No,2025-04
ORD103324,2025-04-03,CUST10603,Keyboard,Accessories,North,Online,Rep_13,1,3319,0.1,2987.1,2193.68,793.42,26.56,Net Banking,3.1,No,2025-04
ORD101469,2025-04-03,CUST10651,Webcam,Accessories,West,Online,Rep_12,8,4569,0.15,31069.2,24412.02,6657.18,21.43,Debit Card,3.6,No,2025-04
ORD103463,2025-04-03,CUST10284,Mouse,Accessories,South,Retail Store,Rep_20,8,777,0.0,6216.0,4362.95,1853.05,29.81,UPI,3.2,No,2025-04
ORD103755,2025-04-03,CUST10529,Smartphone,Mobile,Central,Online,Rep_17,4,35103,0.1,126370.8,114020.46,12350.34,9.77,Credit Card,3.7,No,2025-04
ORD104399,2025-04-03,CUST10213,Smartphone,Mobile,North,Retail Store,Rep_01,6,37839,0.05,215682.3,185792.9,29889.4,13.86,Credit Card,3.3,No,2025-04
ORD104016,2025-04-03,CUST10182,Smartphone,Mobile,South,Retail Store,Rep_10,1,30172,0.1,27154.8,26450.07,704.73,2.6,Cash,3.3,No,2025-04
ORD104824,2025-04-03,CUST10726,Monitor,Accessories,East,Online,Rep_09,5,24102,0.0,120510.0,86036.98,34473.02,28.61,UPI,3.3,No,2025-04
ORD102218,2025-04-03,CUST10063,Smartphone,Mobile,Central,Online,Rep_19,8,55374,0.02,434132.16,350450.91,83681.25,19.28,Debit Card,4.2,No,2025-04
ORD103260,2025-04-03,CUST10079,Webcam,Accessories,North,Retail Store,Rep_04,6,2589,0.0,15534.0,11252.23,4281.77,27.56,Debit Card,4.6,No,2025-04
ORD101448,2025-04-03,CUST10719,Printer,Office,South,Retail Store,Rep_04,2,8525,0.05,16197.5,12197.33,4000.17,24.7,Net Banking,3.6,No,2025-04
ORD104827,2025-04-04,CUST10218,Mouse,Accessories,North,Online,Rep_14,8,1733,0.1,12477.6,9891.53,2586.07,20.73,Debit Card,3.6,No,2025-04
ORD101609,2025-04-04,CUST10418,Smartphone,Mobile,South,Online,Rep_01,7,24473,0.1,154179.9,147022.12,7157.78,4.64,UPI,3.5,No,2025-04
ORD103506,2025-04-04,CUST10300,Mouse,Accessories,South,Online,Rep_12,8,2152,0.05,16355.2,13562.13,2793.07,17.08,Debit Card,4.1,Yes,2025-04
ORD102046,2025-04-04,CUST10420,Headphones,Audio,Central,Retail Store,Rep_15,6,6321,0.08,34891.92,26944.31,7947.61,22.78,Credit Card,4.0,No,2025-04
ORD103130,2025-04-05,CUST10678,Printer,Office,West,Online,Rep_11,3,25035,0.1,67594.5,59472.42,8122.08,12.02,Credit Card,3.0,No,2025-04
ORD103351,2025-04-05,CUST10655,Smartphone,Mobile,Central,Retail Store,Rep_18,3,47917,0.05,136563.45,115283.47,21279.98,15.58,Credit Card,2.9,No,2025-04
ORD102805,2025-04-05,CUST10625,Keyboard,Accessories,Central,Retail Store,Rep_16,2,3517,0.0,7034.0,5990.17,1043.83,14.84,Credit Card,4.2,No,2025-04
ORD104144,2025-04-05,CUST10579,Printer,Office,East,Retail Store,Rep_06,1,10602,0.05,10071.9,6972.02,3099.88,30.78,Credit Card,4.4,No,2025-04
ORD101257,2025-04-05,CUST10263,Smartphone,Mobile,West,Retail Store,Rep_15,8,34789,0.0,278312.0,217833.2,60478.8,21.73,UPI,3.0,No,2025-04
ORD103466,2025-04-05,CUST10332,Headphones,Audio,South,Retail Store,Rep_06,5,4445,0.08,20447.0,13830.77,6616.23,32.36,UPI,4.0,No,2025-04
ORD103267,2025-04-05,CUST10017,Monitor,Accessories,South,Online,Rep_09,5,12539,0.05,59560.25,54531.72,5028.53,8.44,Credit Card,4.2,No,2025-04
ORD104139,2025-04-05,CUST10517,Mouse,Accessories,West,Online,Rep_04,6,1696,0.05,9667.2,8319.97,1347.23,13.94,Net Banking,3.9,No,2025-04
ORD100338,2025-04-05,CUST10063,Headphones,Audio,East,Online,Rep_17,4,3192,0.08,11746.56,9260.44,2486.12,21.16,Credit Card,3.7,No,2025-04
ORD103692,2025-04-05,CUST10429,Keyboard,Accessories,South,Online,Rep_11,1,3023,0.05,2871.85,1964.44,907.41,31.6,Credit Card,4.4,No,2025-04
ORD102756,2025-04-05,CUST10321,Tablet,Mobile,North,Retail Store,Rep_18,4,22018,0.1,79264.8,57250.31,22014.49,27.77,Net Banking,4.3,No,2025-04
ORD103168,2025-04-05,CUST10374,Laptop,Computers,North,Online,Rep_02,4,93842,0.15,319062.8,270122.02,48940.78,15.34,Net Banking,3.8,No,2025-04
ORD103086,2025-04-06,CUST10382,Mouse,Accessories,North,Online,Rep_08,3,704,0.0,2112.0,1389.99,722.01,34.19,UPI,5.0,No,2025-04
ORD102293,2025-04-06,CUST10282,Smartphone,Mobile,South,Retail Store,Rep_01,1,36574,0.08,33648.08,30420.99,3227.09,9.59,UPI,2.8,No,2025-04
ORD103826,2025-04-06,CUST10008,Laptop,Computers,Central,Online,Rep_17,4,86606,0.05,329102.8,263003.18,66099.62,20.08,Credit Card,4.9,No,2025-04
ORD101999,2025-04-06,CUST10133,Laptop,Computers,West,Online,Rep_11,8,81576,0.08,600399.36,504021.85,96377.51,16.05,UPI,4.9,No,2025-04
ORD100424,2025-04-06,CUST10331,Monitor,Accessories,Central,Online,Rep_04,1,12658,0.08,11645.36,8825.09,2820.27,24.22,UPI,4.1,No,2025-04
ORD104622,2025-04-06,CUST10473,Headphones,Audio,West,Partner,Rep_10,4,5284,0.08,19445.12,18432.45,1012.67,5.21,Net Banking,3.9,No,2025-04
ORD104557,2025-04-06,CUST10437,Mouse,Accessories,South,Online,Rep_12,8,2200,0.05,16720.0,14294.92,2425.08,14.5,Net Banking,3.4,No,2025-04
ORD101539,2025-04-06,CUST10518,Smartphone,Mobile,West,Retail Store,Rep_11,8,37067,0.02,290605.28,249430.21,41175.07,14.17,Cash,3.7,Yes,2025-04
ORD104365,2025-04-07,CUST10103,Smartphone,Mobile,East,Retail Store,Rep_20,6,37657,0.05,214644.9,157606.34,57038.56,26.57,UPI,4.2,No,2025-04
ORD102731,2025-04-07,CUST10586,Headphones,Audio,East,Online,Rep_07,4,3001,0.08,11043.68,7587.16,3456.52,31.3,Net Banking,4.7,No,2025-04
ORD102639,2025-04-07,CUST10526,Smartwatch,Wearables,South,Retail Store,Rep_06,8,5189,0.2,33209.6,26020.7,7188.9,21.65,UPI,2.8,No,2025-04
ORD100623,2025-04-07,CUST10642,Tablet,Mobile,Central,Partner,Rep_18,3,41798,0.15,106584.9,84029.55,22555.35,21.16,Credit Card,4.3,No,2025-04
ORD103266,2025-04-07,CUST10746,Laptop,Computers,North,Online,Rep_08,1,72708,0.02,71253.84,58784.54,12469.3,17.5,UPI,4.2,No,2025-04
ORD104108,2025-04-07,CUST10281,Laptop,Computers,North,Retail Store,Rep_11,3,109815,0.0,329445.0,286188.24,43256.76,13.13,Debit Card,4.9,No,2025-04
ORD103852,2025-04-08,CUST10066,Smartphone,Mobile,West,Online,Rep_13,4,60508,0.1,217828.8,159747.61,58081.19,26.66,UPI,4.2,No,2025-04
ORD100876,2025-04-08,CUST10326,Smartphone,Mobile,West,Retail Store,Rep_07,3,15843,0.02,46578.42,35387.5,11190.92,24.03,Debit Card,3.9,No,2025-04
ORD103557,2025-04-09,CUST10208,Smartphone,Mobile,Central,Retail Store,Rep_01,8,46769,0.0,374152.0,296848.03,77303.97,20.66,UPI,3.8,No,2025-04
ORD100824,2025-04-09,CUST10266,Monitor,Accessories,West,Partner,Rep_15,4,13035,0.1,46926.0,33720.0,13206.0,28.14,Net Banking,5.0,No,2025-04
ORD101919,2025-04-09,CUST10098,Monitor,Accessories,West,Partner,Rep_14,8,26066,0.05,198101.6,133170.41,64931.19,32.78,UPI,3.5,No,2025-04
ORD100973,2025-04-09,CUST10304,Headphones,Audio,Central,Retail Store,Rep_01,7,9602,0.02,65869.72,49012.14,16857.58,25.59,Net Banking,3.6,No,2025-04
ORD100200,2025-04-09,CUST10064,Headphones,Audio,North,Retail Store,Rep_03,8,3766,0.02,29525.44,18978.27,10547.17,35.72,Debit Card,3.5,No,2025-04
ORD101487,2025-04-09,CUST10603,Monitor,Accessories,Central,Online,Rep_16,7,21301,0.0,149107.0,115739.51,33367.49,22.38,Net Banking,2.7,No,2025-04
ORD101011,2025-04-09,CUST10417,Smartphone,Mobile,North,Online,Rep_19,2,31032,0.02,60822.72,40740.12,20082.6,33.02,Cash,3.4,No,2025-04
ORD103342,2025-04-09,CUST10623,Keyboard,Accessories,Central,Partner,Rep_04,8,1268,0.1,9129.6,8494.96,634.64,6.95,Credit Card,4.1,No,2025-04
ORD104333,2025-04-09,CUST10252,Monitor,Accessories,North,Online,Rep_06,2,8666,0.02,16985.36,13331.21,3654.15,21.51,Credit Card,5.0,No,2025-04
ORD102340,2025-04-09,CUST10126,Monitor,Accessories,South,Online,Rep_06,7,13523,0.05,89927.95,81148.74,8779.21,9.76,Debit Card,4.1,No,2025-04
ORD103710,2025-04-09,CUST10189,Smartwatch,Wearables,Central,Online,Rep_09,5,20434,0.08,93996.4,72914.52,21081.88,22.43,Cash,5.0,No,2025-04
ORD101301,2025-04-10,CUST10742,Laptop,Computers,North,Retail Store,Rep_04,7,53634,0.15,319122.3,299423.11,19699.19,6.17,Credit Card,4.6,No,2025-04
ORD102582,2025-04-10,CUST10425,Webcam,Accessories,East,Retail Store,Rep_06,4,2609,0.05,9914.2,6816.78,3097.42,31.24,Credit Card,4.7,No,2025-04
ORD100847,2025-04-10,CUST10501,Laptop,Computers,South,Retail Store,Rep_17,5,79708,0.08,366656.8,301597.99,65058.81,17.74,Credit Card,4.6,No,2025-04
ORD101208,2025-04-10,CUST10517,Monitor,Accessories,South,Online,Rep_05,1,13919,0.08,12805.48,9889.71,2915.77,22.77,Cash,3.6,No,2025-04
ORD100924,2025-04-10,CUST10069,Printer,Office,West,Retail Store,Rep_01,5,22879,0.08,105243.4,83215.79,22027.61,20.93,Credit Card,3.9,No,2025-04
ORD103905,2025-04-11,CUST10705,Printer,Office,East,Retail Store,Rep_07,8,22593,0.0,180744.0,127924.74,52819.26,29.22,UPI,4.3,No,2025-04
ORD100214,2025-04-11,CUST10210,Smartphone,Mobile,West,Partner,Rep_12,6,60177,0.05,343008.9,298016.13,44992.77,13.12,Net Banking,5.0,No,2025-04
ORD101173,2025-04-11,CUST10254,Mouse,Accessories,East,Retail Store,Rep_15,1,1254,0.05,1191.3,1026.86,164.44,13.8,Debit Card,4.2,No,2025-04
ORD103847,2025-04-11,CUST10465,Smartwatch,Wearables,Central,Partner,Rep_11,7,10108,0.05,67218.2,50914.25,16303.95,24.26,Debit Card,3.1,No,2025-04
ORD103060,2025-04-11,CUST10477,Smartwatch,Wearables,West,Online,Rep_18,5,9347,0.08,42996.2,34140.98,8855.22,20.6,UPI,3.0,No,2025-04
ORD102263,2025-04-11,CUST10072,Webcam,Accessories,South,Partner,Rep_06,8,4726,0.1,34027.2,26201.27,7825.93,23.0,UPI,3.2,No,2025-04
ORD104902,2025-04-11,CUST10231,Monitor,Accessories,South,Retail Store,Rep_01,7,10960,0.0,76720.0,47746.95,28973.05,37.76,Debit Card,4.7,No,2025-04
ORD101254,2025-04-11,CUST10655,Smartphone,Mobile,Central,Online,Rep_07,2,41062,0.02,80481.52,69984.0,10497.52,13.04,Credit Card,4.6,No,2025-04
ORD100227,2025-04-11,CUST10250,Smartwatch,Wearables,East,Online,Rep_18,6,11475,0.2,55080.0,45432.93,9647.07,17.51,UPI,4.3,No,2025-04
ORD101893,2025-04-11,CUST10669,Printer,Office,South,Online,Rep_17,2,7156,0.2,11449.6,12226.63,-777.03,-6.79,Credit Card,3.8,No,2025-04
ORD102943,2025-04-11,CUST10628,Tablet,Mobile,Central,Partner,Rep_06,4,34502,0.0,138008.0,112664.8,25343.2,18.36,Net Banking,4.0,No,2025-04
ORD100819,2025-04-11,CUST10648,Laptop,Computers,West,Retail Store,Rep_06,8,66655,0.0,533240.0,407830.87,125409.13,23.52,Debit Card,3.8,No,2025-04
ORD101071,2025-04-11,CUST10346,Tablet,Mobile,West,Partner,Rep_12,4,31742,0.02,124428.64,94789.98,29638.66,23.82,UPI,4.2,No,2025-04
ORD104556,2025-04-11,CUST10216,Keyboard,Accessories,West,Online,Rep_01,6,1460,0.1,7884.0,7391.54,492.46,6.25,UPI,3.0,No,2025-04
ORD102120,2025-04-12,CUST10004,Webcam,Accessories,South,Partner,Rep_01,1,7969,0.0,7969.0,5787.52,2181.48,27.37,Net Banking,3.8,No,2025-04
ORD100865,2025-04-12,CUST10639,Monitor,Accessories,South,Online,Rep_10,2,17014,0.08,31305.76,28196.91,3108.85,9.93,UPI,3.5,No,2025-04
ORD104378,2025-04-12,CUST10348,Printer,Office,South,Online,Rep_18,5,20492,0.08,94263.2,85893.89,8369.31,8.88,UPI,4.7,No,2025-04
ORD100628,2025-04-12,CUST10452,Headphones,Audio,East,Online,Rep_13,6,2858,0.1,15433.2,10962.93,4470.27,28.97,Cash,3.8,No,2025-04
ORD103920,2025-04-12,CUST10393,Printer,Office,East,Online,Rep_15,8,25498,0.05,193784.8,167510.83,26273.97,13.56,Net Banking,4.5,No,2025-04
ORD101172,2025-04-13,CUST10064,Smartwatch,Wearables,East,Retail Store,Rep_18,5,23920,0.05,113620.0,99975.27,13644.73,12.01,Credit Card,4.4,No,2025-04
ORD100425,2025-04-13,CUST10194,Laptop,Computers,Central,Online,Rep_03,4,52421,0.05,199199.8,136622.13,62577.67,31.41,Credit Card,4.0,No,2025-04
ORD101450,2025-04-13,CUST10594,Mouse,Accessories,South,Online,Rep_07,7,818,0.08,5267.92,4714.17,553.75,10.51,Credit Card,4.6,No,2025-04
ORD104060,2025-04-13,CUST10507,Smartwatch,Wearables,South,Online,Rep_20,8,23468,0.08,172724.48,137667.9,35056.58,20.3,Debit Card,4.9,No,2025-04
ORD104153,2025-04-13,CUST10690,Headphones,Audio,South,Online,Rep_18,3,9094,0.15,23189.7,17232.14,5957.56,25.69,Credit Card,5.0,No,2025-04
ORD101307,2025-04-13,CUST10349,Headphones,Audio,West,Online,Rep_09,2,8289,0.0,16578.0,11196.3,5381.7,32.46,Credit Card,3.6,No,2025-04
ORD100738,2025-04-13,CUST10532,Printer,Office,South,Retail Store,Rep_17,3,17328,0.2,41587.2,39981.1,1606.1,3.86,UPI,4.3,No,2025-04
ORD101524,2025-04-13,CUST10533,Laptop,Computers,South,Online,Rep_16,5,105542,0.05,501324.5,353236.38,148088.12,29.54,Debit Card,3.7,Yes,2025-04
ORD102223,2025-04-13,CUST10075,Laptop,Computers,South,Retail Store,Rep_05,2,61773,0.15,105014.1,86427.02,18587.08,17.7,Debit Card,3.9,No,2025-04
ORD100769,2025-04-13,CUST10184,Tablet,Mobile,North,Retail Store,Rep_05,4,33410,0.05,126958.0,96214.38,30743.62,24.22,Net Banking,5.0,No,2025-04
ORD100976,2025-04-14,CUST10363,Smartphone,Mobile,West,Retail Store,Rep_18,5,49994,0.02,244970.6,188165.56,56805.04,23.19,Net Banking,4.8,Yes,2025-04
ORD101097,2025-04-14,CUST10610,Smartphone,Mobile,West,Online,Rep_06,3,25807,0.05,73549.95,64026.06,9523.89,12.95,UPI,3.5,Yes,2025-04
ORD104042,2025-04-14,CUST10176,Smartphone,Mobile,South,Online,Rep_04,5,54380,0.0,271900.0,184047.95,87852.05,32.31,Debit Card,3.6,No,2025-04
ORD102023,2025-04-14,CUST10650,Smartwatch,Wearables,North,Partner,Rep_15,6,7897,0.08,43591.44,40555.54,3035.9,6.96,Debit Card,4.9,No,2025-04
ORD102865,2025-04-14,CUST10216,Monitor,Accessories,West,Online,Rep_13,8,18251,0.2,116806.4,102724.09,14082.31,12.06,UPI,4.5,Yes,2025-04
ORD101375,2025-04-14,CUST10634,Smartphone,Mobile,East,Online,Rep_13,7,42249,0.02,289828.14,253578.15,36249.99,12.51,UPI,4.8,No,2025-04
ORD101979,2025-04-14,CUST10614,Webcam,Accessories,East,Online,Rep_05,6,8318,0.0,49908.0,33393.54,16514.46,33.09,Debit Card,4.1,No,2025-04
ORD102243,2025-04-14,CUST10426,Keyboard,Accessories,West,Online,Rep_08,4,2098,0.15,7133.2,5482.97,1650.23,23.13,Credit Card,4.5,No,2025-04
ORD101891,2025-04-14,CUST10270,Laptop,Computers,West,Retail Store,Rep_05,5,70561,0.15,299884.25,274412.53,25471.72,8.49,UPI,4.4,No,2025-04
ORD104625,2025-04-14,CUST10372,Smartwatch,Wearables,West,Retail Store,Rep_08,2,24818,0.1,44672.4,36365.22,8307.18,18.6,UPI,4.2,No,2025-04
ORD104138,2025-04-14,CUST10657,Tablet,Mobile,West,Retail Store,Rep_11,1,35732,0.0,35732.0,30158.08,5573.92,15.6,UPI,3.4,No,2025-04
ORD101557,2025-04-14,CUST10419,Mouse,Accessories,West,Retail Store,Rep_15,1,1493,0.15,1269.05,1120.46,148.59,11.71,Credit Card,3.3,No,2025-04
ORD103807,2025-04-15,CUST10267,Monitor,Accessories,South,Online,Rep_19,6,29673,0.1,160234.2,152742.84,7491.36,4.68,UPI,4.9,No,2025-04
ORD100745,2025-04-15,CUST10486,Smartphone,Mobile,North,Online,Rep_11,8,29054,0.0,232432.0,164235.34,68196.66,29.34,Credit Card,4.3,No,2025-04
ORD100233,2025-04-15,CUST10511,Keyboard,Accessories,South,Partner,Rep_10,6,2172,0.15,11077.2,9188.8,1888.4,17.05,Net Banking,5.0,No,2025-04
ORD102003,2025-04-15,CUST10385,Webcam,Accessories,South,Online,Rep_13,1,7823,0.15,6649.55,6080.91,568.64,8.55,Cash,5.0,No,2025-04
ORD102253,2025-04-15,CUST10100,Mouse,Accessories,South,Online,Rep_12,5,615,0.08,2829.0,2557.0,272.0,9.61,Credit Card,4.6,No,2025-04
ORD101829,2025-04-15,CUST10611,Printer,Office,West,Online,Rep_02,1,19780,0.15,16813.0,15378.09,1434.91,8.53,Debit Card,3.8,Yes,2025-04
ORD103305,2025-04-15,CUST10529,Smartphone,Mobile,South,Partner,Rep_04,8,34662,0.08,255112.32,217243.3,37869.02,14.84,Cash,3.8,No,2025-04
ORD101358,2025-04-15,CUST10012,Monitor,Accessories,North,Online,Rep_02,5,8603,0.15,36562.75,33277.4,3285.35,8.99,UPI,4.3,No,2025-04
ORD101903,2025-04-15,CUST10537,Headphones,Audio,East,Retail Store,Rep_20,2,4086,0.02,8008.56,5120.03,2888.53,36.07,Credit Card,4.3,No,2025-04
ORD103116,2025-04-15,CUST10653,Webcam,Accessories,Central,Online,Rep_03,4,7142,0.05,27139.6,23014.31,4125.29,15.2,Credit Card,4.2,No,2025-04
ORD103249,2025-04-15,CUST10374,Webcam,Accessories,North,Online,Rep_14,6,2906,0.02,17087.28,13339.34,3747.94,21.93,Credit Card,3.3,No,2025-04
ORD103783,2025-04-15,CUST10090,Laptop,Computers,East,Online,Rep_18,7,53819,0.08,346594.36,281259.9,65334.46,18.85,UPI,3.9,No,2025-04
ORD100212,2025-04-15,CUST10274,Mouse,Accessories,Central,Partner,Rep_20,4,1888,0.05,7174.4,6618.47,555.93,7.75,Debit Card,2.6,No,2025-04
ORD101737,2025-04-16,CUST10657,Monitor,Accessories,East,Online,Rep_15,3,29008,0.2,69619.2,65695.81,3923.39,5.64,Credit Card,3.0,Yes,2025-04
ORD100963,2025-04-16,CUST10018,Smartphone,Mobile,North,Online,Rep_19,8,33001,0.05,250807.6,190746.89,60060.71,23.95,UPI,5.0,No,2025-04
ORD100951,2025-04-16,CUST10706,Mouse,Accessories,North,Retail Store,Rep_07,5,1118,0.08,5142.8,3724.1,1418.7,27.59,Credit Card,4.1,No,2025-04
ORD104621,2025-04-16,CUST10726,Printer,Office,West,Retail Store,Rep_14,2,26974,0.1,48553.2,42552.29,6000.91,12.36,Credit Card,4.2,No,2025-04
ORD104266,2025-04-16,CUST10141,Monitor,Accessories,North,Partner,Rep_03,1,22996,0.08,21156.32,16215.96,4940.36,23.35,UPI,4.8,No,2025-04
ORD101817,2025-04-16,CUST10674,Tablet,Mobile,West,Online,Rep_01,6,28339,0.05,161532.3,111371.81,50160.49,31.05,Cash,4.7,No,2025-04
ORD100039,2025-04-16,CUST10507,Mouse,Accessories,North,Retail Store,Rep_12,8,1933,0.0,15464.0,11101.21,4362.79,28.21,Debit Card,4.0,No,2025-04
ORD101896,2025-04-16,CUST10018,Headphones,Audio,South,Retail Store,Rep_04,2,5068,0.1,9122.4,7152.59,1969.81,21.59,Net Banking,3.1,No,2025-04
ORD101946,2025-04-16,CUST10566,Keyboard,Accessories,Central,Retail Store,Rep_04,2,3282,0.15,5579.4,5392.83,186.57,3.34,Credit Card,4.0,No,2025-04
ORD102666,2025-04-16,CUST10172,Tablet,Mobile,Central,Online,Rep_01,3,16790,0.05,47851.5,36263.71,11587.79,24.22,UPI,2.8,No,2025-04
ORD102057,2025-04-16,CUST10357,Monitor,Accessories,South,Partner,Rep_08,6,16627,0.02,97766.76,69705.16,28061.6,28.7,Credit Card,4.4,No,2025-04
ORD100905,2025-04-16,CUST10537,Monitor,Accessories,West,Online,Rep_11,1,15565,0.08,14319.8,13064.72,1255.08,8.76,Debit Card,5.0,No,2025-04
ORD100840,2025-04-16,CUST10749,Mouse,Accessories,North,Online,Rep_04,4,2252,0.02,8827.84,6630.11,2197.73,24.9,Credit Card,3.3,No,2025-04
ORD102892,2025-04-17,CUST10607,Mouse,Accessories,West,Online,Rep_07,1,565,0.05,536.75,454.17,82.58,15.39,UPI,4.3,No,2025-04
ORD102304,2025-04-17,CUST10074,Tablet,Mobile,West,Retail Store,Rep_05,7,22102,0.0,154714.0,98336.49,56377.51,36.44,Debit Card,3.2,Yes,2025-04
ORD104403,2025-04-17,CUST10197,Smartphone,Mobile,Central,Retail Store,Rep_20,2,51972,0.08,95628.48,67293.65,28334.83,29.63,Debit Card,3.3,No,2025-04
ORD102987,2025-04-17,CUST10675,Laptop,Computers,East,Online,Rep_16,1,95920,0.08,88246.4,68659.34,19587.06,22.2,Credit Card,3.7,No,2025-04
ORD100535,2025-04-17,CUST10012,Headphones,Audio,Central,Online,Rep_05,8,5170,0.1,37224.0,31045.01,6178.99,16.6,Net Banking,4.6,No,2025-04
ORD103822,2025-04-17,CUST10286,Tablet,Mobile,West,Retail Store,Rep_08,2,47126,0.02,92366.96,74710.86,17656.1,19.12,Debit Card,5.0,No,2025-04
ORD104732,2025-04-17,CUST10619,Laptop,Computers,Central,Online,Rep_12,7,92018,0.1,579713.4,516532.17,63181.23,10.9,UPI,4.2,No,2025-04
ORD100151,2025-04-18,CUST10683,Webcam,Accessories,East,Online,Rep_08,3,4795,0.0,14385.0,12165.22,2219.78,15.43,UPI,4.6,No,2025-04
ORD101575,2025-04-18,CUST10228,Smartphone,Mobile,West,Online,Rep_20,3,60417,0.15,154063.35,117639.5,36423.85,23.64,UPI,4.1,No,2025-04
ORD100472,2025-04-18,CUST10319,Smartwatch,Wearables,North,Partner,Rep_04,2,2650,0.05,5035.0,4003.02,1031.98,20.5,Credit Card,4.6,No,2025-04
ORD103923,2025-04-18,CUST10392,Headphones,Audio,North,Partner,Rep_20,6,7894,0.0,47364.0,31091.18,16272.82,34.36,Credit Card,4.0,No,2025-04
ORD103530,2025-04-18,CUST10247,Monitor,Accessories,Central,Retail Store,Rep_14,7,18327,0.05,121874.55,88751.68,33122.87,27.18,Credit Card,4.4,No,2025-04
ORD104863,2025-04-19,CUST10096,Laptop,Computers,Central,Online,Rep_17,7,92639,0.05,616049.35,560419.6,55629.75,9.03,UPI,3.8,No,2025-04
ORD101492,2025-04-19,CUST10190,Tablet,Mobile,West,Online,Rep_15,5,47066,0.1,211797.0,193805.7,17991.3,8.49,Cash,4.1,No,2025-04
ORD100797,2025-04-19,CUST10149,Smartwatch,Wearables,South,Online,Rep_13,5,10148,0.1,45666.0,42504.49,3161.51,6.92,Cash,4.0,No,2025-04
ORD100420,2025-04-19,CUST10515,Headphones,Audio,Central,Online,Rep_20,1,4761,0.1,4284.9,3112.1,1172.8,27.37,Net Banking,3.4,No,2025-04
ORD100367,2025-04-19,CUST10267,Smartwatch,Wearables,North,Retail Store,Rep_01,2,22746,0.05,43217.4,34787.85,8429.55,19.5,Debit Card,4.2,No,2025-04
ORD102362,2025-04-19,CUST10075,Monitor,Accessories,South,Retail Store,Rep_08,3,13229,0.05,37702.65,27329.72,10372.93,27.51,Debit Card,4.5,Yes,2025-04
ORD103868,2025-04-19,CUST10044,Mouse,Accessories,Central,Online,Rep_06,3,1645,0.02,4836.3,3293.76,1542.54,31.9,UPI,4.8,No,2025-04
ORD101190,2025-04-19,CUST10314,Headphones,Audio,West,Online,Rep_19,2,6532,0.0,13064.0,8180.99,4883.01,37.38,UPI,3.8,No,2025-04
ORD102270,2025-04-19,CUST10409,Keyboard,Accessories,West,Online,Rep_15,6,3969,0.05,22623.3,18370.27,4253.03,18.8,UPI,3.7,No,2025-04
ORD104488,2025-04-20,CUST10503,Tablet,Mobile,North,Retail Store,Rep_19,4,40460,0.05,153748.0,107710.87,46037.13,29.94,UPI,4.0,No,2025-04
ORD103040,2025-04-20,CUST10058,Keyboard,Accessories,South,Partner,Rep_13,3,1135,0.0,3405.0,2141.09,1263.91,37.12,Net Banking,4.2,No,2025-04
ORD102710,2025-04-20,CUST10712,Tablet,Mobile,North,Online,Rep_15,8,21600,0.2,138240.0,117296.79,20943.21,15.15,Debit Card,4.9,No,2025-04
ORD104246,2025-04-20,CUST10411,Smartwatch,Wearables,West,Partner,Rep_20,4,22833,0.0,91332.0,57460.26,33871.74,37.09,UPI,2.9,No,2025-04
ORD104630,2025-04-20,CUST10308,Keyboard,Accessories,West,Partner,Rep_01,8,2623,0.08,19305.28,13777.14,5528.14,28.64,Debit Card,4.7,No,2025-04
ORD101906,2025-04-20,CUST10477,Smartphone,Mobile,East,Partner,Rep_08,1,42467,0.1,38220.3,34005.31,4214.99,11.03,Credit Card,3.7,No,2025-04
ORD102043,2025-04-20,CUST10141,Keyboard,Accessories,South,Retail Store,Rep_13,1,2538,0.08,2334.96,2084.05,250.91,10.75,UPI,3.8,No,2025-04
ORD100098,2025-04-20,CUST10638,Monitor,Accessories,West,Online,Rep_10,8,17910,0.05,136116.0,116651.95,19464.05,14.3,UPI,3.6,No,2025-04
ORD101824,2025-04-20,CUST10611,Headphones,Audio,West,Retail Store,Rep_10,6,4298,0.15,21919.8,21601.62,318.18,1.45,Net Banking,3.7,No,2025-04
ORD100632,2025-04-21,CUST10113,Webcam,Accessories,East,Retail Store,Rep_18,7,4553,0.0,31871.0,24988.52,6882.48,21.59,Credit Card,4.5,No,2025-04
ORD103842,2025-04-21,CUST10704,Laptop,Computers,East,Retail Store,Rep_06,4,98622,0.1,355039.2,342472.12,12567.08,3.54,Net Banking,3.7,No,2025-04
ORD102137,2025-04-21,CUST10306,Laptop,Computers,South,Online,Rep_05,1,88501,0.05,84075.95,70211.71,13864.24,16.49,Credit Card,4.5,No,2025-04
ORD102337,2025-04-21,CUST10429,Monitor,Accessories,North,Retail Store,Rep_17,8,9579,0.02,75099.36,59163.08,15936.28,21.22,Credit Card,4.0,No,2025-04
ORD103831,2025-04-21,CUST10160,Tablet,Mobile,West,Online,Rep_06,2,17326,0.1,31186.8,26062.53,5124.27,16.43,Credit Card,4.0,No,2025-04
ORD104493,2025-04-21,CUST10070,Keyboard,Accessories,East,Retail Store,Rep_04,1,4411,0.05,4190.45,3734.85,455.6,10.87,Debit Card,4.3,No,2025-04
ORD100060,2025-04-22,CUST10097,Tablet,Mobile,North,Retail Store,Rep_11,6,26018,0.05,148302.6,118026.41,30276.19,20.42,UPI,4.8,No,2025-04
ORD103405,2025-04-22,CUST10211,Headphones,Audio,Central,Online,Rep_05,4,1780,0.0,7120.0,4829.74,2290.26,32.17,Credit Card,3.7,No,2025-04
ORD104259,2025-04-22,CUST10021,Tablet,Mobile,South,Retail Store,Rep_18,3,36015,0.0,108045.0,68392.26,39652.74,36.7,Net Banking,3.5,No,2025-04
ORD101322,2025-04-22,CUST10473,Smartphone,Mobile,Central,Retail Store,Rep_13,1,47624,0.05,45242.8,37841.57,7401.23,16.36,Debit Card,2.9,No,2025-04
ORD102489,2025-04-22,CUST10318,Keyboard,Accessories,South,Online,Rep_02,1,2937,0.05,2790.15,2210.84,579.31,20.76,Debit Card,3.5,No,2025-04
ORD100140,2025-04-22,CUST10644,Smartwatch,Wearables,East,Online,Rep_06,2,24855,0.1,44739.0,39375.17,5363.83,11.99,Debit Card,3.1,No,2025-04
ORD100790,2025-04-22,CUST10186,Smartwatch,Wearables,North,Online,Rep_04,4,19932,0.05,75741.6,60909.27,14832.33,19.58,UPI,5.0,No,2025-04
ORD102622,2025-04-22,CUST10742,Webcam,Accessories,Central,Retail Store,Rep_18,2,3790,0.02,7428.4,5632.93,1795.47,24.17,Debit Card,4.7,No,2025-04
ORD103581,2025-04-22,CUST10172,Monitor,Accessories,Central,Online,Rep_20,1,16924,0.0,16924.0,13951.69,2972.31,17.56,UPI,4.1,No,2025-04
ORD101997,2025-04-22,CUST10352,Smartwatch,Wearables,West,Retail Store,Rep_04,5,18005,0.15,76521.25,61351.57,15169.68,19.82,Cash,5.0,No,2025-04
ORD104687,2025-04-22,CUST10425,Smartphone,Mobile,West,Partner,Rep_01,2,21085,0.05,40061.5,26824.31,13237.19,33.04,UPI,3.7,No,2025-04
ORD100869,2025-04-22,CUST10397,Webcam,Accessories,East,Online,Rep_06,2,8912,0.08,16398.08,15064.95,1333.13,8.13,Credit Card,5.0,No,2025-04
ORD103300,2025-04-22,CUST10172,Printer,Office,West,Online,Rep_17,3,18588,0.1,50187.6,35029.37,15158.23,30.2,UPI,4.2,No,2025-04
ORD104586,2025-04-22,CUST10270,Smartwatch,Wearables,West,Partner,Rep_13,5,7429,0.02,36402.1,24852.5,11549.6,31.73,Debit Card,4.2,No,2025-04
ORD104106,2025-04-23,CUST10378,Mouse,Accessories,North,Online,Rep_07,2,1184,0.15,2012.8,1546.78,466.02,23.15,Credit Card,3.9,No,2025-04
ORD101568,2025-04-23,CUST10449,Laptop,Computers,South,Online,Rep_20,7,101660,0.05,676039.0,604007.93,72031.07,10.65,Debit Card,4.3,No,2025-04
ORD102640,2025-04-23,CUST10122,Headphones,Audio,South,Online,Rep_14,5,1787,0.08,8220.2,5785.34,2434.86,29.62,Cash,4.9,No,2025-04
ORD101413,2025-04-23,CUST10269,Smartphone,Mobile,South,Online,Rep_09,8,34022,0.05,258567.2,171195.83,87371.37,33.79,UPI,4.7,No,2025-04
ORD103331,2025-04-23,CUST10324,Mouse,Accessories,South,Online,Rep_17,2,2034,0.0,4068.0,2764.52,1303.48,32.04,Debit Card,3.4,No,2025-04
ORD101562,2025-04-23,CUST10729,Smartphone,Mobile,West,Retail Store,Rep_20,7,45304,0.02,310785.44,214839.08,95946.36,30.87,Net Banking,3.9,No,2025-04
ORD101696,2025-04-23,CUST10654,Laptop,Computers,East,Retail Store,Rep_11,7,92232,0.02,632711.52,445927.47,186784.05,29.52,Credit Card,4.5,No,2025-04
ORD104196,2025-04-23,CUST10078,Smartphone,Mobile,South,Online,Rep_03,8,13274,0.0,106192.0,72994.98,33197.02,31.26,Credit Card,4.3,No,2025-04
ORD100275,2025-04-24,CUST10592,Keyboard,Accessories,West,Online,Rep_19,4,4295,0.05,16321.0,14547.84,1773.16,10.86,Cash,4.5,No,2025-04
ORD100652,2025-04-24,CUST10329,Keyboard,Accessories,North,Partner,Rep_05,5,3841,0.0,19205.0,16891.86,2313.14,12.04,Debit Card,4.5,No,2025-04
ORD101509,2025-04-24,CUST10402,Mouse,Accessories,South,Partner,Rep_07,1,1983,0.08,1824.36,1465.95,358.41,19.65,Credit Card,3.2,No,2025-04
ORD101955,2025-04-24,CUST10075,Smartwatch,Wearables,North,Partner,Rep_13,7,3310,0.0,23170.0,16709.83,6460.17,27.88,Credit Card,4.3,No,2025-04
ORD100850,2025-04-24,CUST10544,Keyboard,Accessories,East,Partner,Rep_19,2,4439,0.0,8878.0,6625.69,2252.31,25.37,UPI,3.7,No,2025-04
ORD104097,2025-04-24,CUST10661,Laptop,Computers,Central,Partner,Rep_03,6,45279,0.05,258090.3,204091.05,53999.25,20.92,Credit Card,4.0,No,2025-04
ORD104536,2025-04-24,CUST10268,Keyboard,Accessories,South,Online,Rep_04,4,3066,0.1,11037.6,10740.45,297.15,2.69,Net Banking,4.8,No,2025-04
ORD102349,2025-04-24,CUST10291,Keyboard,Accessories,North,Online,Rep_18,3,2019,0.0,6057.0,4926.3,1130.7,18.67,Debit Card,4.4,No,2025-04
ORD100883,2025-04-24,CUST10441,Laptop,Computers,Central,Retail Store,Rep_11,7,83284,0.1,524689.2,484546.44,40142.76,7.65,Credit Card,3.3,No,2025-04
ORD102998,2025-04-24,CUST10260,Tablet,Mobile,West,Online,Rep_06,1,42728,0.08,39309.76,32616.26,6693.5,17.03,Credit Card,4.5,No,2025-04
ORD103223,2025-04-24,CUST10239,Laptop,Computers,North,Partner,Rep_16,4,103411,0.05,392961.8,327139.4,65822.4,16.75,Credit Card,2.8,No,2025-04
ORD104842,2025-04-24,CUST10278,Smartwatch,Wearables,South,Online,Rep_12,5,12019,0.02,58893.1,48488.04,10405.06,17.67,Net Banking,4.8,No,2025-04
ORD103956,2025-04-25,CUST10669,Webcam,Accessories,North,Online,Rep_20,4,8729,0.0,34916.0,22016.31,12899.69,36.94,Credit Card,4.2,No,2025-04
ORD103143,2025-04-25,CUST10417,Keyboard,Accessories,Central,Retail Store,Rep_08,4,2222,0.05,8443.6,7575.99,867.61,10.28,UPI,3.7,No,2025-04
ORD100932,2025-04-25,CUST10644,Printer,Office,East,Online,Rep_15,8,11063,0.2,70803.2,55293.48,15509.72,21.91,Net Banking,4.9,No,2025-04
ORD102498,2025-04-25,CUST10429,Webcam,Accessories,South,Online,Rep_02,3,2877,0.0,8631.0,6638.38,1992.62,23.09,UPI,4.1,No,2025-04
ORD104633,2025-04-25,CUST10635,Printer,Office,West,Online,Rep_06,7,7479,0.02,51305.94,40204.47,11101.47,21.64,Credit Card,4.2,No,2025-04
ORD103285,2025-04-25,CUST10380,Monitor,Accessories,West,Online,Rep_02,6,23744,0.02,139614.72,88763.13,50851.59,36.42,UPI,3.9,No,2025-04
ORD104496,2025-04-25,CUST10054,Mouse,Accessories,West,Partner,Rep_20,8,2439,0.08,17951.04,15144.82,2806.22,15.63,UPI,3.8,No,2025-04
ORD104892,2025-04-25,CUST10186,Laptop,Computers,South,Online,Rep_12,7,93353,0.02,640401.58,437565.87,202835.71,31.67,Credit Card,4.5,No,2025-04
ORD101338,2025-04-25,CUST10430,Mouse,Accessories,North,Partner,Rep_19,5,1780,0.1,8010.0,6573.77,1436.23,17.93,Credit Card,3.1,No,2025-04
ORD101417,2025-04-25,CUST10703,Laptop,Computers,South,Online,Rep_07,5,61692,0.1,277614.0,198615.17,78998.83,28.46,Credit Card,3.4,No,2025-04
ORD100762,2025-04-25,CUST10632,Tablet,Mobile,North,Online,Rep_12,4,20794,0.0,83176.0,70327.43,12848.57,15.45,Debit Card,4.6,No,2025-04
ORD103653,2025-04-25,CUST10535,Printer,Office,South,Online,Rep_13,5,24203,0.15,102862.75,88173.29,14689.46,14.28,UPI,3.7,No,2025-04
ORD102664,2025-04-25,CUST10058,Mouse,Accessories,North,Online,Rep_14,2,2075,0.02,4067.0,3495.41,571.59,14.05,Debit Card,3.3,No,2025-04
ORD104580,2025-04-25,CUST10007,Mouse,Accessories,North,Online,Rep_16,4,1524,0.08,5608.32,5294.61,313.71,5.59,UPI,4.4,No,2025-04
ORD101062,2025-04-25,CUST10369,Smartwatch,Wearables,South,Online,Rep_15,2,5633,0.1,10139.4,8271.21,1868.19,18.43,UPI,4.1,No,2025-04
ORD101966,2025-04-25,CUST10376,Keyboard,Accessories,North,Retail Store,Rep_13,4,1825,0.05,6570.0,4976.97,1593.03,24.25,Credit Card,4.3,No,2025-04
ORD101290,2025-04-26,CUST10222,Laptop,Computers,Central,Retail Store,Rep_17,4,96942,0.05,368379.6,242725.13,125654.47,34.11,UPI,3.5,No,2025-04
ORD100557,2025-04-26,CUST10215,Smartphone,Mobile,West,Online,Rep_01,1,45228,0.1,40705.2,31825.25,8879.95,21.82,UPI,4.0,Yes,2025-04
ORD103996,2025-04-26,CUST10211,Monitor,Accessories,Central,Online,Rep_04,6,9725,0.02,57183.0,37630.96,19552.04,34.19,Credit Card,2.6,No,2025-04
ORD101530,2025-04-26,CUST10270,Keyboard,Accessories,Central,Online,Rep_20,3,4282,0.08,11818.32,9535.28,2283.04,19.32,UPI,2.9,No,2025-04
ORD103534,2025-04-26,CUST10086,Tablet,Mobile,West,Partner,Rep_09,5,29471,0.1,132619.5,103593.87,29025.63,21.89,Net Banking,4.5,No,2025-04
ORD100555,2025-04-27,CUST10310,Webcam,Accessories,North,Online,Rep_09,7,7093,0.02,48657.98,32671.55,15986.43,32.85,Credit Card,4.9,No,2025-04
ORD104928,2025-04-27,CUST10701,Smartphone,Mobile,South,Retail Store,Rep_07,4,24549,0.05,93286.2,72082.5,21203.7,22.73,Net Banking,4.2,No,2025-04
ORD100303,2025-04-27,CUST10203,Keyboard,Accessories,North,Retail Store,Rep_11,8,3633,0.0,29064.0,22948.1,6115.9,21.04,Credit Card,3.8,No,2025-04
ORD102497,2025-04-27,CUST10242,Keyboard,Accessories,East,Online,Rep_04,6,2837,0.02,16681.56,11538.16,5143.4,30.83,UPI,4.4,No,2025-04
ORD100958,2025-04-27,CUST10597,Laptop,Computers,East,Online,Rep_07,8,109152,0.2,698572.8,628239.98,70332.82,10.07,Credit Card,4.9,No,2025-04
ORD104592,2025-04-27,CUST10706,Smartphone,Mobile,West,Retail Store,Rep_16,4,48843,0.0,195372.0,134550.6,60821.4,31.13,Net Banking,3.2,No,2025-04
ORD100743,2025-04-27,CUST10596,Headphones,Audio,West,Retail Store,Rep_07,7,5173,0.05,34400.45,28980.03,5420.42,15.76,UPI,3.7,No,2025-04
ORD103932,2025-04-27,CUST10496,Smartphone,Mobile,East,Online,Rep_18,8,27366,0.0,218928.0,177271.28,41656.72,19.03,UPI,4.1,No,2025-04
ORD101231,2025-04-28,CUST10415,Webcam,Accessories,North,Online,Rep_07,2,8868,0.05,16849.2,13765.9,3083.3,18.3,Credit Card,3.3,No,2025-04
ORD102301,2025-04-28,CUST10606,Printer,Office,West,Online,Rep_04,6,21955,0.05,125143.5,102895.57,22247.93,17.78,UPI,4.7,No,2025-04
ORD101439,2025-04-28,CUST10411,Smartphone,Mobile,East,Retail Store,Rep_05,5,30868,0.0,154340.0,111020.62,43319.38,28.07,UPI,3.0,No,2025-04
ORD104579,2025-04-28,CUST10098,Smartwatch,Wearables,South,Online,Rep_11,2,18410,0.1,33138.0,29733.95,3404.05,10.27,Credit Card,5.0,No,2025-04
ORD104423,2025-04-28,CUST10288,Keyboard,Accessories,East,Partner,Rep_16,6,3638,0.05,20736.6,17960.37,2776.23,13.39,Debit Card,3.9,No,2025-04
ORD104763,2025-04-28,CUST10118,Headphones,Audio,Central,Online,Rep_03,7,10711,0.08,68978.84,60916.56,8062.28,11.69,Credit Card,3.9,No,2025-04
ORD101675,2025-04-28,CUST10145,Printer,Office,West,Online,Rep_03,2,6944,0.15,11804.8,9179.65,2625.15,22.24,UPI,3.5,No,2025-04
ORD100380,2025-04-28,CUST10349,Smartphone,Mobile,East,Online,Rep_14,8,31860,0.0,254880.0,174437.34,80442.66,31.56,UPI,4.6,No,2025-04
ORD104316,2025-04-28,CUST10439,Smartphone,Mobile,North,Online,Rep_06,2,35683,0.05,67797.7,56561.92,11235.78,16.57,UPI,4.5,No,2025-04
ORD101565,2025-04-28,CUST10709,Printer,Office,West,Partner,Rep_08,7,8755,0.05,58220.75,47093.0,11127.75,19.11,Debit Card,3.9,No,2025-04
ORD101296,2025-04-28,CUST10219,Smartphone,Mobile,Central,Retail Store,Rep_07,1,29127,0.08,26796.84,23009.73,3787.11,14.13,Net Banking,4.4,No,2025-04
ORD100032,2025-04-29,CUST10288,Smartphone,Mobile,East,Online,Rep_20,6,28031,0.15,142958.1,132258.57,10699.53,7.48,UPI,3.6,No,2025-04
ORD100481,2025-04-29,CUST10070,Mouse,Accessories,Central,Online,Rep_06,2,753,0.0,1506.0,1180.18,325.82,21.63,Net Banking,3.2,No,2025-04
ORD103715,2025-04-29,CUST10322,Smartwatch,Wearables,East,Online,Rep_03,6,22339,0.1,120630.6,105195.23,15435.37,12.8,Net Banking,4.7,No,2025-04
ORD101345,2025-04-29,CUST10177,Headphones,Audio,North,Partner,Rep_10,8,7628,0.08,56142.08,51713.16,4428.92,7.89,Cash,4.2,No,2025-04
ORD101493,2025-04-29,CUST10531,Smartphone,Mobile,South,Online,Rep_16,2,34047,0.08,62646.48,46152.21,16494.27,26.33,Debit Card,4.1,No,2025-04
ORD104085,2025-04-29,CUST10095,Smartphone,Mobile,South,Retail Store,Rep_18,3,59777,0.02,175744.38,156869.84,18874.54,10.74,Credit Card,4.0,No,2025-04
ORD104704,2025-04-30,CUST10324,Keyboard,Accessories,North,Retail Store,Rep_07,7,4190,0.2,23464.0,22867.8,596.2,2.54,UPI,3.4,No,2025-04
ORD103760,2025-04-30,CUST10510,Printer,Office,Central,Partner,Rep_06,2,19558,0.15,33248.6,27430.65,5817.95,17.5,Net Banking,4.5,No,2025-04
ORD100546,2025-04-30,CUST10447,Tablet,Mobile,North,Retail Store,Rep_12,3,33796,0.2,81110.4,81448.47,-338.07,-0.42,UPI,4.5,No,2025-04
ORD104331,2025-04-30,CUST10288,Smartphone,Mobile,East,Retail Store,Rep_16,8,63979,0.08,470885.44,418663.21,52222.23,11.09,UPI,4.3,No,2025-04
ORD104427,2025-04-30,CUST10491,Smartphone,Mobile,East,Retail Store,Rep_19,1,12249,0.02,12004.02,9355.54,2648.48,22.06,Debit Card,4.1,No,2025-04
ORD104507,2025-04-30,CUST10230,Headphones,Audio,West,Retail Store,Rep_11,2,9777,0.08,17989.68,16218.83,1770.85,9.84,Debit Card,3.5,No,2025-04
ORD102631,2025-04-30,CUST10145,Mouse,Accessories,East,Online,Rep_18,2,407,0.15,691.9,599.62,92.28,13.34,Net Banking,5.0,No,2025-04
ORD103853,2025-04-30,CUST10555,Mouse,Accessories,West,Online,Rep_05,6,1430,0.15,7293.0,5749.6,1543.4,21.16,Net Banking,3.9,No,2025-04
ORD100087,2025-04-30,CUST10736,Headphones,Audio,North,Online,Rep_11,4,4521,0.05,17179.8,15400.74,1779.06,10.36,Credit Card,2.9,No,2025-04
ORD101179,2025-05-01,CUST10089,Headphones,Audio,West,Partner,Rep_11,3,10138,0.0,30414.0,20394.25,10019.75,32.94,Cash,3.3,No,2025-05
ORD102994,2025-05-01,CUST10346,Monitor,Accessories,West,Online,Rep_08,6,21156,0.1,114242.4,105728.88,8513.52,7.45,Credit Card,3.8,No,2025-05
ORD104230,2025-05-01,CUST10500,Smartphone,Mobile,North,Online,Rep_02,2,61316,0.0,122632.0,93213.0,29419.0,23.99,Cash,4.6,No,2025-05
ORD100999,2025-05-01,CUST10386,Smartwatch,Wearables,South,Retail Store,Rep_15,3,20199,0.0,60597.0,39789.5,20807.5,34.34,Cash,3.5,Yes,2025-05
ORD104074,2025-05-01,CUST10442,Mouse,Accessories,North,Online,Rep_07,7,1915,0.08,12332.6,8853.27,3479.33,28.21,Cash,4.3,No,2025-05
ORD104893,2025-05-01,CUST10587,Mouse,Accessories,South,Online,Rep_15,1,1942,0.08,1786.64,1239.75,546.89,30.61,Net Banking,5.0,No,2025-05
ORD101418,2025-05-01,CUST10194,Smartphone,Mobile,West,Partner,Rep_18,6,63290,0.0,379740.0,286434.16,93305.84,24.57,Net Banking,5.0,No,2025-05
ORD102644,2025-05-01,CUST10731,Mouse,Accessories,North,Online,Rep_05,7,2305,0.02,15812.3,12135.5,3676.8,23.25,Credit Card,4.1,No,2025-05
ORD103942,2025-05-01,CUST10742,Webcam,Accessories,South,Online,Rep_18,4,1997,0.02,7828.24,5475.46,2352.78,30.06,UPI,3.5,No,2025-05
ORD103423,2025-05-01,CUST10053,Headphones,Audio,East,Retail Store,Rep_11,6,9671,0.05,55124.7,46260.12,8864.58,16.08,UPI,3.1,Yes,2025-05
ORD100042,2025-05-01,CUST10212,Monitor,Accessories,West,Online,Rep_10,1,18827,0.0,18827.0,14745.8,4081.2,21.68,Debit Card,2.5,No,2025-05
ORD103145,2025-05-02,CUST10338,Smartphone,Mobile,West,Retail Store,Rep_14,5,52349,0.0,261745.0,185404.74,76340.26,29.17,UPI,3.4,No,2025-05
ORD102598,2025-05-02,CUST10187,Monitor,Accessories,Central,Online,Rep_15,5,28357,0.08,130442.2,112020.26,18421.94,14.12,Debit Card,4.5,No,2025-05
ORD103376,2025-05-02,CUST10635,Headphones,Audio,Central,Online,Rep_13,7,5491,0.15,32671.45,27144.82,5526.63,16.92,UPI,4.1,No,2025-05
ORD102320,2025-05-02,CUST10206,Monitor,Accessories,East,Online,Rep_11,5,14082,0.05,66889.5,53194.47,13695.03,20.47,Cash,4.0,No,2025-05
ORD103493,2025-05-02,CUST10394,Webcam,Accessories,East,Online,Rep_20,3,7316,0.05,20850.6,14928.5,5922.1,28.4,Credit Card,4.2,No,2025-05
ORD102502,2025-05-02,CUST10212,Headphones,Audio,South,Online,Rep_20,5,3353,0.02,16429.7,14357.53,2072.17,12.61,UPI,3.2,Yes,2025-05
ORD100473,2025-05-02,CUST10199,Laptop,Computers,East,Retail Store,Rep_19,7,50180,0.05,333697.0,285051.09,48645.91,14.58,Debit Card,3.8,No,2025-05
ORD102142,2025-05-02,CUST10640,Keyboard,Accessories,East,Online,Rep_14,1,4161,0.15,3536.85,2603.77,933.08,26.38,Credit Card,2.8,No,2025-05
ORD100829,2025-05-03,CUST10100,Headphones,Audio,East,Online,Rep_02,4,6248,0.05,23742.4,20923.63,2818.77,11.87,Debit Card,3.3,No,2025-05
ORD100634,2025-05-03,CUST10122,Keyboard,Accessories,West,Retail Store,Rep_04,6,2997,0.0,17982.0,11628.87,6353.13,35.33,Net Banking,3.9,No,2025-05
ORD102332,2025-05-03,CUST10448,Laptop,Computers,West,Online,Rep_01,5,52765,0.02,258548.5,230969.07,27579.43,10.67,Credit Card,4.2,No,2025-05
ORD102740,2025-05-03,CUST10258,Laptop,Computers,West,Online,Rep_03,5,60712,0.0,303560.0,201221.12,102338.88,33.71,Debit Card,3.9,No,2025-05
ORD101225,2025-05-03,CUST10144,Monitor,Accessories,South,Online,Rep_04,5,21746,0.1,97857.0,92441.01,5415.99,5.53,UPI,4.6,No,2025-05
ORD102544,2025-05-03,CUST10268,Mouse,Accessories,North,Retail Store,Rep_07,7,868,0.02,5954.48,4750.36,1204.12,20.22,Credit Card,4.2,No,2025-05
ORD100668,2025-05-03,CUST10701,Smartphone,Mobile,South,Retail Store,Rep_16,8,50000,0.05,380000.0,264212.04,115787.96,30.47,UPI,3.6,No,2025-05
ORD101921,2025-05-03,CUST10300,Mouse,Accessories,Central,Online,Rep_14,8,2366,0.05,17981.6,12636.05,5345.55,29.73,Credit Card,4.1,No,2025-05
ORD102798,2025-05-03,CUST10206,Mouse,Accessories,Central,Online,Rep_03,2,2371,0.05,4504.9,3125.86,1379.04,30.61,Credit Card,4.5,No,2025-05
ORD104321,2025-05-04,CUST10426,Keyboard,Accessories,West,Online,Rep_14,3,3697,0.0,11091.0,7425.24,3665.76,33.05,Cash,3.1,Yes,2025-05
ORD102380,2025-05-04,CUST10181,Printer,Office,North,Online,Rep_09,8,10029,0.02,78627.36,61956.11,16671.25,21.2,Debit Card,4.3,No,2025-05
ORD102883,2025-05-04,CUST10677,Smartphone,Mobile,South,Online,Rep_20,6,39528,0.05,232424.64,180640.58,51784.06,22.28,Debit Card,4.9,Yes,2025-05
ORD104389,2025-05-04,CUST10020,Laptop,Computers,East,Retail Store,Rep_04,4,47668,0.05,181138.4,167510.97,13627.43,7.52,Net Banking,4.2,No,2025-05
ORD103699,2025-05-05,CUST10358,Smartwatch,Wearables,South,Retail Store,Rep_03,7,15197,0.08,97868.68,85793.59,12075.09,12.34,UPI,4.7,No,2025-05
ORD100728,2025-05-05,CUST10724,Printer,Office,North,Online,Rep_01,6,17662,0.15,90076.2,80352.26,9723.94,10.8,Credit Card,5.0,No,2025-05
ORD104381,2025-05-05,CUST10253,Laptop,Computers,North,Partner,Rep_15,4,101548,0.02,398068.16,290261.13,107807.03,27.08,Debit Card,4.5,No,2025-05
ORD101843,2025-05-05,CUST10322,Monitor,Accessories,North,Online,Rep_15,4,22540,0.15,76636.0,68850.69,7785.31,10.16,Credit Card,4.1,No,2025-05
ORD104195,2025-05-05,CUST10470,Mouse,Accessories,South,Online,Rep_19,4,611,0.05,2321.8,2077.83,243.97,10.51,Debit Card,5.0,No,2025-05
ORD104068,2025-05-05,CUST10238,Smartwatch,Wearables,North,Online,Rep_06,4,17915,0.2,57328.0,54693.22,2634.78,4.6,UPI,3.6,No,2025-05
ORD103207,2025-05-05,CUST10202,Printer,Office,South,Online,Rep_13,1,13292,0.08,12228.64,10890.75,1337.89,10.94,Credit Card,3.9,No,2025-05
ORD101731,2025-05-05,CUST10584,Tablet,Mobile,East,Retail Store,Rep_11,3,46652,0.05,132958.2,101470.73,31487.47,23.68,Credit Card,4.1,Yes,2025-05
ORD102806,2025-05-05,CUST10252,Smartwatch,Wearables,South,Partner,Rep_05,7,4409,0.08,28393.96,20132.96,8261.0,29.09,Credit Card,4.4,No,2025-05
ORD104656,2025-05-06,CUST10421,Smartphone,Mobile,East,Retail Store,Rep_13,3,45782,0.1,123611.4,118495.45,5115.95,4.14,Cash,2.7,No,2025-05
ORD100916,2025-05-06,CUST10162,Monitor,Accessories,West,Online,Rep_13,8,8661,0.05,65823.6,58045.68,7777.92,11.82,UPI,3.3,No,2025-05
ORD100643,2025-05-06,CUST10518,Smartphone,Mobile,South,Partner,Rep_12,2,23660,0.0,47320.0,31585.92,15734.08,33.25,Net Banking,4.8,No,2025-05
ORD102539,2025-05-06,CUST10060,Headphones,Audio,West,Partner,Rep_05,5,3753,0.05,17826.75,12653.45,5173.3,29.02,Cash,4.1,No,2025-05
ORD102174,2025-05-06,CUST10438,Printer,Office,East,Retail Store,Rep_04,4,16122,0.1,58039.2,44791.83,13247.37,22.82,Credit Card,3.6,No,2025-05
ORD100344,2025-05-07,CUST10260,Monitor,Accessories,South,Retail Store,Rep_16,3,13467,0.2,32320.8,28944.98,3375.82,10.44,Debit Card,4.3,No,2025-05
ORD103074,2025-05-07,CUST10623,Smartphone,Mobile,West,Online,Rep_01,4,46528,0.08,171223.04,124533.17,46689.87,27.27,UPI,3.6,No,2025-05
ORD101374,2025-05-07,CUST10297,Monitor,Accessories,Central,Online,Rep_19,7,27292,0.1,171939.6,125648.54,46291.06,26.92,UPI,3.1,No,2025-05
ORD101654,2025-05-07,CUST10483,Tablet,Mobile,North,Online,Rep_06,8,24068,0.1,173289.6,137002.74,36286.86,20.94,UPI,4.6,No,2025-05
ORD103107,2025-05-07,CUST10566,Headphones,Audio,East,Online,Rep_19,4,9131,0.1,32871.6,31440.68,1430.92,4.35,UPI,4.4,No,2025-05
ORD103153,2025-05-07,CUST10120,Headphones,Audio,East,Online,Rep_11,2,7858,0.0,15716.0,13028.26,2687.74,17.1,Debit Card,4.2,No,2025-05
ORD100316,2025-05-08,CUST10598,Mouse,Accessories,West,Online,Rep_06,5,1976,0.02,9682.4,7195.73,2486.67,25.68,UPI,4.3,No,2025-05
ORD103537,2025-05-08,CUST10164,Smartphone,Mobile,North,Retail Store,Rep_11,6,52585,0.1,283959.0,270121.2,13837.8,4.87,Credit Card,4.0,No,2025-05
ORD101981,2025-05-08,CUST10197,Smartphone,Mobile,East,Retail Store,Rep_12,1,21733,0.1,19559.7,16646.08,2913.62,14.9,UPI,3.9,No,2025-05
ORD103838,2025-05-08,CUST10546,Smartphone,Mobile,South,Partner,Rep_06,2,21010,0.0,42020.0,34632.07,7387.93,17.58,Credit Card,3.8,No,2025-05
ORD104508,2025-05-08,CUST10193,Laptop,Computers,South,Retail Store,Rep_11,1,93200,0.05,88540.0,71341.47,17198.53,19.42,UPI,4.1,No,2025-05
ORD103192,2025-05-08,CUST10567,Webcam,Accessories,West,Online,Rep_02,2,6865,0.15,11670.5,11353.94,316.56,2.71,Net Banking,3.6,No,2025-05
ORD100604,2025-05-08,CUST10527,Laptop,Computers,North,Online,Rep_06,6,108950,0.0,653700.0,504756.01,148943.99,22.78,UPI,4.5,No,2025-05
ORD103836,2025-05-08,CUST10204,Tablet,Mobile,West,Partner,Rep_11,1,19169,0.05,18210.55,16780.85,1429.7,7.85,Credit Card,5.0,No,2025-05
ORD102025,2025-05-08,CUST10632,Monitor,Accessories,Central,Online,Rep_18,4,20263,0.1,72946.8,70899.74,2047.06,2.81,UPI,4.5,No,2025-05
ORD101750,2025-05-08,CUST10063,Smartphone,Mobile,North,Online,Rep_06,5,61920,0.08,284832.0,271777.42,13054.58,4.58,Net Banking,3.1,No,2025-05
ORD103448,2025-05-08,CUST10588,Headphones,Audio,East,Online,Rep_09,7,2899,0.08,18669.56,16919.76,1749.8,9.37,Credit Card,3.9,Yes,2025-05
ORD101570,2025-05-08,CUST10046,Monitor,Accessories,East,Retail Store,Rep_02,2,19924,0.2,31878.4,27747.11,4131.29,12.96,Credit Card,5.0,No,2025-05
ORD101628,2025-05-08,CUST10369,Keyboard,Accessories,West,Online,Rep_05,5,4321,0.05,20524.75,14814.59,5710.16,27.82,Net Banking,3.0,No,2025-05
ORD101001,2025-05-09,CUST10738,Smartphone,Mobile,Central,Partner,Rep_06,5,15341,0.05,72869.75,63934.68,8935.07,12.26,UPI,3.6,No,2025-05
ORD100073,2025-05-09,CUST10046,Laptop,Computers,West,Retail Store,Rep_15,5,107091,0.0,535455.0,384314.03,151140.97,28.23,UPI,4.1,No,2025-05
ORD104603,2025-05-09,CUST10223,Webcam,Accessories,Central,Retail Store,Rep_10,6,7524,0.05,42886.8,38073.2,4813.6,11.22,Credit Card,3.6,No,2025-05
ORD100726,2025-05-09,CUST10343,Printer,Office,Central,Partner,Rep_16,8,23253,0.0,186024.0,133843.49,52180.51,28.05,Net Banking,4.3,No,2025-05
ORD101601,2025-05-09,CUST10503,Smartphone,Mobile,West,Online,Rep_17,8,30458,0.08,224170.88,153972.17,70198.71,31.31,UPI,4.1,No,2025-05
ORD102571,2025-05-09,CUST10698,Monitor,Accessories,Central,Online,Rep_07,7,17982,0.05,119580.3,95688.11,23892.19,19.98,Net Banking,4.4,No,2025-05
ORD101943,2025-05-10,CUST10251,Headphones,Audio,North,Retail Store,Rep_09,5,6673,0.02,32697.7,27465.72,5231.98,16.0,Cash,3.6,No,2025-05
ORD103910,2025-05-10,CUST10248,Tablet,Mobile,North,Online,Rep_07,2,27261,0.0,54522.0,44283.56,10238.44,18.78,Cash,4.5,No,2025-05
ORD101466,2025-05-10,CUST10672,Laptop,Computers,Central,Online,Rep_01,5,97627,0.05,463728.25,323085.58,140642.67,30.33,Cash,4.6,No,2025-05
ORD101216,2025-05-10,CUST10613,Smartphone,Mobile,Central,Retail Store,Rep_19,2,28578,0.02,56012.88,38187.46,17825.42,31.82,Credit Card,3.6,No,2025-05
ORD101068,2025-05-10,CUST10550,Smartphone,Mobile,East,Partner,Rep_09,7,62570,0.05,416090.5,369712.92,46377.58,11.15,Net Banking,3.5,No,2025-05
ORD101818,2025-05-10,CUST10073,Headphones,Audio,South,Online,Rep_07,3,3788,0.05,10795.8,9436.99,1358.81,12.59,UPI,4.7,No,2025-05
ORD101931,2025-05-10,CUST10254,Keyboard,Accessories,Central,Retail Store,Rep_18,6,2267,0.0,13602.0,9294.6,4307.4,31.67,UPI,5.0,No,2025-05
ORD101007,2025-05-10,CUST10366,Mouse,Accessories,Central,Online,Rep_09,8,2355,0.05,17898.0,11861.85,6036.15,33.73,Credit Card,3.8,No,2025-05
ORD103949,2025-05-10,CUST10092,Smartphone,Mobile,Central,Partner,Rep_03,8,35573,0.2,227667.2,202500.79,25166.41,11.05,Credit Card,3.4,No,2025-05
ORD100902,2025-05-10,CUST10046,Laptop,Computers,North,Partner,Rep_17,3,97817,0.05,278778.45,186138.97,92639.48,33.23,Net Banking,3.6,Yes,2025-05
ORD104953,2025-05-10,CUST10583,Monitor,Accessories,Central,Online,Rep_07,5,27816,0.08,127953.6,104420.61,23532.99,18.39,Net Banking,4.2,No,2025-05
ORD102838,2025-05-11,CUST10290,Laptop,Computers,West,Retail Store,Rep_03,5,69256,0.15,294338.0,215009.47,79328.53,26.95,UPI,4.7,No,2025-05
ORD102288,2025-05-11,CUST10211,Tablet,Mobile,North,Partner,Rep_16,7,25814,0.02,177084.04,117280.87,59803.17,33.77,UPI,4.1,No,2025-05
ORD103602,2025-05-11,CUST10669,Keyboard,Accessories,South,Online,Rep_11,8,3560,0.05,27056.0,24513.47,2542.53,9.4,UPI,5.0,No,2025-05
ORD102119,2025-05-11,CUST10715,Laptop,Computers,West,Online,Rep_02,4,99734,0.05,378989.2,331510.21,47478.99,12.53,Credit Card,5.0,No,2025-05
ORD104599,2025-05-11,CUST10641,Monitor,Accessories,West,Retail Store,Rep_06,8,8665,0.0,69320.0,60995.69,8324.31,12.01,UPI,3.1,No,2025-05
ORD103776,2025-05-11,CUST10682,Smartwatch,Wearables,West,Retail Store,Rep_20,2,6419,0.05,12196.1,10490.3,1705.8,13.99,Debit Card,2.9,No,2025-05
ORD100988,2025-05-11,CUST10388,Monitor,Accessories,West,Partner,Rep_08,5,22120,0.02,108388.0,95212.46,13175.54,12.16,Debit Card,4.7,No,2025-05
ORD103340,2025-05-12,CUST10052,Mouse,Accessories,North,Online,Rep_10,6,2278,0.05,12984.6,11271.4,1713.2,13.19,Debit Card,3.7,No,2025-05
ORD104520,2025-05-12,CUST10745,Laptop,Computers,Central,Retail Store,Rep_19,2,48566,0.0,97132.0,74791.33,22340.67,23.0,UPI,4.6,No,2025-05
ORD103865,2025-05-12,CUST10694,Laptop,Computers,Central,Online,Rep_10,5,94223,0.08,433425.8,293203.46,140222.34,32.35,UPI,4.5,No,2025-05
ORD103848,2025-05-12,CUST10553,Keyboard,Accessories,South,Retail Store,Rep_02,5,1920,0.2,7680.0,6449.56,1230.44,16.02,UPI,4.1,No,2025-05
ORD101933,2025-05-12,CUST10519,Keyboard,Accessories,South,Retail Store,Rep_19,5,3672,0.08,16891.2,13955.36,2935.84,17.38,Net Banking,3.3,No,2025-05
ORD100043,2025-05-12,CUST10289,Laptop,Computers,South,Partner,Rep_19,1,48986,0.1,44087.4,37794.59,6292.81,14.27,Debit Card,4.5,No,2025-05
ORD104718,2025-05-12,CUST10349,Smartwatch,Wearables,West,Online,Rep_20,1,6872,0.15,5841.2,5356.95,484.25,8.29,Debit Card,2.7,Yes,2025-05
ORD100251,2025-05-12,CUST10096,Tablet,Mobile,Central,Retail Store,Rep_15,4,16294,0.1,58658.4,55137.18,3521.22,6.0,UPI,5.0,No,2025-05
ORD104220,2025-05-12,CUST10322,Smartphone,Mobile,Central,Online,Rep_08,4,30508,0.08,112269.44,80831.38,31438.06,28.0,Credit Card,3.9,No,2025-05
ORD102643,2025-05-12,CUST10007,Headphones,Audio,East,Online,Rep_05,2,8085,0.05,15361.5,10140.67,5220.83,33.99,UPI,3.1,No,2025-05
ORD102006,2025-05-12,CUST10340,Headphones,Audio,East,Retail Store,Rep_16,1,5565,0.08,5119.8,3583.59,1536.21,30.01,Credit Card,4.0,No,2025-05
ORD104716,2025-05-12,CUST10176,Tablet,Mobile,South,Online,Rep_07,8,21905,0.05,166478.0,135480.05,30997.95,18.62,Credit Card,3.8,No,2025-05
ORD104360,2025-05-13,CUST10203,Smartphone,Mobile,North,Partner,Rep_10,1,50385,0.05,47865.75,43192.8,4672.95,9.76,Cash,4.1,No,2025-05
ORD103241,2025-05-13,CUST10451,Monitor,Accessories,North,Online,Rep_06,6,26971,0.0,161826.0,111610.17,50215.83,31.03,Credit Card,4.4,No,2025-05
ORD101544,2025-05-13,CUST10633,Smartphone,Mobile,South,Online,Rep_17,7,47502,0.02,325863.72,275661.26,50202.46,15.41,Credit Card,5.0,No,2025-05
ORD104173,2025-05-13,CUST10530,Monitor,Accessories,West,Online,Rep_19,3,15746,0.15,40152.3,33695.93,6456.37,16.08,Net Banking,4.1,No,2025-05
ORD101914,2025-05-13,CUST10668,Tablet,Mobile,Central,Retail Store,Rep_11,8,31228,0.05,237332.8,201588.95,35743.85,15.06,Cash,3.6,No,2025-05
ORD102130,2025-05-13,CUST10002,Monitor,Accessories,East,Online,Rep_10,3,28800,0.08,79488.0,69051.1,10436.9,13.13,Debit Card,4.4,No,2025-05
ORD102111,2025-05-13,CUST10340,Smartphone,Mobile,Central,Retail Store,Rep_03,4,46096,0.02,180696.32,130671.88,50024.44,27.68,Debit Card,3.4,No,2025-05
ORD100581,2025-05-13,CUST10252,Monitor,Accessories,South,Partner,Rep_05,3,24206,0.1,65356.2,55329.38,10026.82,15.34,Net Banking,3.6,No,2025-05
ORD103320,2025-05-13,CUST10221,Headphones,Audio,Central,Online,Rep_03,7,11732,0.15,69805.4,53491.36,16314.04,23.37,Debit Card,5.0,No,2025-05
ORD100998,2025-05-13,CUST10539,Smartphone,Mobile,Central,Retail Store,Rep_17,1,59197,0.08,54461.24,37468.17,16993.07,31.2,UPI,3.9,No,2025-05
ORD104828,2025-05-13,CUST10593,Smartphone,Mobile,East,Retail Store,Rep_17,4,14053,0.05,53401.4,40079.56,13321.84,24.95,UPI,5.0,No,2025-05
ORD100953,2025-05-13,CUST10399,Smartphone,Mobile,West,Online,Rep_14,8,28641,0.05,217671.6,187219.88,30451.72,13.99,UPI,5.0,No,2025-05
ORD100466,2025-05-13,CUST10725,Tablet,Mobile,North,Retail Store,Rep_02,7,49897,0.15,296887.15,251579.49,45307.66,15.26,Credit Card,3.9,No,2025-05
ORD103136,2025-05-13,CUST10371,Mouse,Accessories,North,Online,Rep_01,1,2351,0.08,2162.92,1731.92,431.0,19.93,UPI,4.2,No,2025-05
ORD104669,2025-05-13,CUST10679,Mouse,Accessories,West,Partner,Rep_03,3,913,0.1,2465.1,2039.42,425.68,17.27,UPI,3.8,No,2025-05
ORD104025,2025-05-13,CUST10079,Mouse,Accessories,South,Online,Rep_07,6,2238,0.15,11413.8,8392.3,3021.5,26.47,Debit Card,3.8,No,2025-05
ORD101769,2025-05-13,CUST10506,Tablet,Mobile,West,Retail Store,Rep_04,1,30716,0.15,26108.6,25222.55,886.05,3.39,UPI,4.7,No,2025-05
ORD103545,2025-05-14,CUST10122,Webcam,Accessories,North,Online,Rep_20,5,8958,0.05,42550.5,37606.78,4943.72,11.62,UPI,3.5,No,2025-05
ORD104137,2025-05-14,CUST10648,Headphones,Audio,East,Partner,Rep_19,4,11593,0.1,41734.8,29255.53,12479.27,29.9,Credit Card,3.9,No,2025-05
ORD101166,2025-05-14,CUST10233,Printer,Office,South,Online,Rep_07,2,23134,0.0,46268.0,37663.44,8604.56,18.6,Net Banking,3.2,No,2025-05
ORD102546,2025-05-14,CUST10583,Monitor,Accessories,West,Online,Rep_12,8,28062,0.0,224496.0,161565.87,62930.13,28.03,Net Banking,4.0,No,2025-05
ORD104855,2025-05-14,CUST10433,Mouse,Accessories,North,Online,Rep_15,3,1794,0.02,5274.36,4457.34,817.02,15.49,UPI,4.8,No,2025-05
ORD104476,2025-05-14,CUST10441,Monitor,Accessories,South,Partner,Rep_13,5,27978,0.08,128698.8,110998.5,17700.3,13.75,UPI,2.9,Yes,2025-05
ORD104435,2025-05-14,CUST10723,Laptop,Computers,West,Retail Store,Rep_18,8,51482,0.02,403618.88,336286.46,67332.42,16.68,UPI,3.4,Yes,2025-05
ORD101726,2025-05-14,CUST10520,Laptop,Computers,West,Online,Rep_11,3,54442,0.05,155159.7,114835.61,40324.09,25.99,UPI,3.9,No,2025-05
ORD103033,2025-05-15,CUST10280,Headphones,Audio,West,Online,Rep_08,8,9183,0.15,62444.4,50156.6,12287.8,19.68,UPI,4.9,No,2025-05
ORD103889,2025-05-15,CUST10382,Mouse,Accessories,South,Retail Store,Rep_19,4,1235,0.0,4940.0,3530.03,1409.97,28.54,Credit Card,3.8,No,2025-05
ORD103630,2025-05-15,CUST10476,Mouse,Accessories,Central,Online,Rep_08,7,933,0.08,6008.52,4417.34,1591.18,26.48,Credit Card,3.4,No,2025-05
ORD102251,2025-05-15,CUST10182,Laptop,Computers,South,Retail Store,Rep_14,7,55456,0.0,388192.0,336272.81,51919.19,13.37,Credit Card,3.7,No,2025-05
ORD100072,2025-05-15,CUST10520,Smartphone,Mobile,East,Online,Rep_18,6,61021,0.0,366126.0,270802.54,95323.46,26.04,UPI,4.3,No,2025-05
ORD103577,2025-05-15,CUST10340,Smartphone,Mobile,South,Retail Store,Rep_12,4,50681,0.02,198669.52,144095.68,54573.84,27.47,Credit Card,3.8,No,2025-05
ORD100463,2025-05-15,CUST10696,Headphones,Audio,South,Online,Rep_16,8,4753,0.05,36122.8,24093.87,12028.93,33.3,Net Banking,3.5,No,2025-05
ORD102031,2025-05-16,CUST10198,Smartphone,Mobile,West,Retail Store,Rep_19,8,51119,0.0,408952.0,339591.98,69360.02,16.96,Debit Card,2.7,No,2025-05
ORD102750,2025-05-16,CUST10233,Mouse,Accessories,South,Online,Rep_16,5,2380,0.15,10115.0,10292.45,-177.45,-1.75,Cash,4.5,No,2025-05
ORD101502,2025-05-16,CUST10193,Monitor,Accessories,West,Online,Rep_15,5,28618,0.2,114472.0,119343.94,-4871.94,-4.26,Credit Card,4.6,No,2025-05
ORD103239,2025-05-16,CUST10268,Mouse,Accessories,Central,Online,Rep_01,7,2215,0.02,15194.9,11397.0,3797.9,24.99,Net Banking,3.9,No,2025-05
ORD101401,2025-05-16,CUST10556,Smartphone,Mobile,West,Partner,Rep_15,3,51101,0.05,145637.85,115659.36,29978.49,20.58,Debit Card,4.6,No,2025-05
ORD104419,2025-05-16,CUST10683,Tablet,Mobile,West,Partner,Rep_11,8,27031,0.05,205435.6,150611.86,54823.74,26.69,Cash,3.9,No,2025-05
ORD104597,2025-05-17,CUST10289,Headphones,Audio,North,Online,Rep_16,8,9996,0.1,71971.2,50069.63,21901.57,30.43,Cash,4.2,No,2025-05
ORD101197,2025-05-17,CUST10740,Smartwatch,Wearables,West,Retail Store,Rep_18,1,13758,0.08,12657.36,9275.59,3381.77,26.72,Cash,3.5,No,2025-05
ORD102896,2025-05-17,CUST10381,Webcam,Accessories,East,Online,Rep_10,7,3059,0.08,19699.96,18354.4,1345.56,6.83,Debit Card,4.0,No,2025-05
ORD104197,2025-05-17,CUST10412,Laptop,Computers,Central,Online,Rep_16,1,93866,0.0,93866.0,60173.76,33692.24,35.89,UPI,4.6,No,2025-05
ORD101384,2025-05-17,CUST10392,Smartphone,Mobile,South,Online,Rep_06,2,13450,0.02,26362.0,16744.54,9617.46,36.48,UPI,4.0,No,2025-05
ORD103482,2025-05-17,CUST10273,Keyboard,Accessories,East,Online,Rep_09,5,1677,0.0,8385.0,6480.39,1904.61,22.71,Credit Card,3.9,No,2025-05
ORD102790,2025-05-18,CUST10203,Smartwatch,Wearables,South,Retail Store,Rep_06,5,8827,0.05,41928.25,38149.11,3779.14,9.01,Debit Card,3.2,No,2025-05
ORD101901,2025-05-18,CUST10631,Keyboard,Accessories,West,Online,Rep_02,6,4083,0.2,19598.4,18214.7,1383.7,7.06,UPI,4.8,No,2025-05
ORD103326,2025-05-18,CUST10535,Headphones,Audio,North,Partner,Rep_03,7,1429,0.1,9002.7,6793.75,2208.95,24.54,Net Banking,4.2,No,2025-05
ORD101600,2025-05-18,CUST10708,Webcam,Accessories,North,Online,Rep_08,6,5944,0.08,32810.88,25132.96,7677.92,23.4,Cash,4.3,No,2025-05
ORD102945,2025-05-18,CUST10146,Headphones,Audio,Central,Partner,Rep_12,6,10345,0.0,62070.0,54056.55,8013.45,12.91,Credit Card,4.2,No,2025-05
ORD102008,2025-05-18,CUST10132,Headphones,Audio,North,Online,Rep_12,2,6413,0.1,11543.4,9798.31,1745.09,15.12,Cash,4.4,No,2025-05
ORD104652,2025-05-18,CUST10607,Headphones,Audio,West,Online,Rep_04,7,11409,0.05,75869.85,65309.47,10560.38,13.92,Net Banking,4.8,Yes,2025-05
ORD104355,2025-05-18,CUST10020,Keyboard,Accessories,South,Partner,Rep_04,1,3583,0.2,2866.4,3015.85,-149.45,-5.21,Credit Card,3.9,No,2025-05
ORD100502,2025-05-18,CUST10546,Keyboard,Accessories,Central,Online,Rep_11,6,4432,0.15,22603.2,20988.82,1614.38,7.14,Net Banking,3.7,Yes,2025-05
ORD101761,2025-05-18,CUST10315,Monitor,Accessories,North,Online,Rep_08,3,15548,0.0,46644.0,40978.53,5665.47,12.15,UPI,2.7,No,2025-05
ORD101806,2025-05-18,CUST10614,Headphones,Audio,East,Partner,Rep_12,6,10144,0.08,55994.88,52527.77,3467.11,6.19,UPI,3.7,No,2025-05
ORD104283,2025-05-18,CUST10249,Smartphone,Mobile,North,Online,Rep_10,1,44034,0.02,43153.32,37777.67,5375.65,12.46,Net Banking,4.7,No,2025-05
ORD103471,2025-05-19,CUST10095,Laptop,Computers,South,Retail Store,Rep_19,1,67592,0.02,66240.16,59180.48,7059.68,10.66,Net Banking,4.3,No,2025-05
ORD102039,2025-05-19,CUST10578,Smartphone,Mobile,North,Retail Store,Rep_17,7,57431,0.0,402017.0,329712.24,72304.76,17.99,Net Banking,4.7,No,2025-05
ORD101659,2025-05-19,CUST10528,Monitor,Accessories,South,Online,Rep_08,1,26776,0.2,21420.8,18200.21,3220.59,15.03,Credit Card,4.0,No,2025-05
ORD103082,2025-05-19,CUST10580,Webcam,Accessories,West,Online,Rep_18,1,2131,0.05,2024.45,1774.1,250.35,12.37,UPI,3.7,No,2025-05
ORD101014,2025-05-19,CUST10312,Laptop,Computers,East,Retail Store,Rep_19,6,75786,0.0,454716.0,370379.42,84336.58,18.55,Debit Card,4.1,No,2025-05
ORD101959,2025-05-19,CUST10188,Mouse,Accessories,Central,Retail Store,Rep_18,8,2337,0.1,16826.4,12595.95,4230.45,25.14,Debit Card,4.9,No,2025-05
ORD101227,2025-05-19,CUST10208,Monitor,Accessories,Central,Partner,Rep_20,3,23135,0.0,69405.0,50266.3,19138.7,27.58,UPI,4.0,No,2025-05
ORD102461,2025-05-19,CUST10257,Smartwatch,Wearables,East,Online,Rep_18,5,5223,0.15,22197.75,19825.04,2372.71,10.69,Net Banking,3.7,No,2025-05
ORD102408,2025-05-19,CUST10203,Smartphone,Mobile,West,Partner,Rep_05,2,19988,0.1,35978.4,32921.38,3057.02,8.5,Debit Card,4.7,No,2025-05
ORD100123,2025-05-19,CUST10690,Tablet,Mobile,West,Retail Store,Rep_15,7,35554,0.05,236434.1,205838.08,30596.02,12.94,Credit Card,3.8,No,2025-05
ORD100136,2025-05-20,CUST10375,Tablet,Mobile,South,Online,Rep_05,8,27468,0.0,219744.0,143735.11,76008.89,34.59,UPI,4.6,No,2025-05
ORD103480,2025-05-20,CUST10320,Monitor,Accessories,North,Online,Rep_14,1,22996,0.15,19546.6,16576.51,2970.09,15.19,Credit Card,4.1,No,2025-05
ORD100465,2025-05-20,CUST10416,Smartwatch,Wearables,North,Online,Rep_05,4,4193,0.08,15430.24,10424.3,5005.94,32.44,UPI,4.2,No,2025-05
ORD101475,2025-05-20,CUST10154,Tablet,Mobile,West,Retail Store,Rep_18,8,19826,0.2,126886.4,116833.49,10052.91,7.92,Credit Card,3.6,No,2025-05
ORD100832,2025-05-20,CUST10030,Monitor,Accessories,West,Online,Rep_19,6,29008,0.08,160124.16,121417.88,38706.28,24.17,Credit Card,4.4,No,2025-05
ORD104131,2025-05-20,CUST10611,Smartphone,Mobile,South,Online,Rep_10,4,56617,0.08,208350.56,145779.0,62571.56,30.03,Credit Card,4.1,No,2025-05
ORD101745,2025-05-21,CUST10662,Monitor,Accessories,South,Retail Store,Rep_18,8,12457,0.0,99656.0,87099.82,12556.18,12.6,Net Banking,5.0,No,2025-05
ORD104152,2025-05-21,CUST10442,Laptop,Computers,East,Online,Rep_16,1,70410,0.08,64777.2,58426.03,6351.17,9.8,Debit Card,2.9,No,2025-05
ORD101248,2025-05-21,CUST10296,Laptop,Computers,North,Online,Rep_08,3,58029,0.08,160160.04,113171.5,46988.54,29.34,Credit Card,4.1,No,2025-05
ORD101698,2025-05-21,CUST10394,Smartphone,Mobile,South,Retail Store,Rep_07,6,53449,0.15,272589.9,254546.16,18043.74,6.62,Credit Card,3.2,No,2025-05
ORD103634,2025-05-21,CUST10384,Tablet,Mobile,West,Retail Store,Rep_10,5,44312,0.15,188326.0,183742.63,4583.37,2.43,UPI,3.6,No,2025-05
ORD104295,2025-05-21,CUST10533,Monitor,Accessories,East,Retail Store,Rep_03,7,13423,0.02,92081.78,76953.06,15128.72,16.43,Net Banking,3.5,No,2025-05
ORD102406,2025-05-21,CUST10661,Mouse,Accessories,East,Online,Rep_20,2,772,0.15,1312.4,966.31,346.09,26.37,Debit Card,3.2,No,2025-05
ORD102944,2025-05-21,CUST10062,Headphones,Audio,North,Retail Store,Rep_06,5,7949,0.05,37757.75,33376.07,4381.68,11.6,UPI,4.6,Yes,2025-05
ORD100523,2025-05-21,CUST10739,Smartwatch,Wearables,East,Online,Rep_09,3,9247,0.1,24966.9,23185.46,1781.44,7.14,Credit Card,3.0,No,2025-05
ORD101467,2025-05-21,CUST10212,Smartwatch,Wearables,West,Partner,Rep_20,7,14268,0.02,97878.48,82691.8,15186.68,15.52,Net Banking,4.1,No,2025-05
ORD100893,2025-05-21,CUST10426,Printer,Office,West,Partner,Rep_13,2,16959,0.0,33918.0,24529.5,9388.5,27.68,Debit Card,3.9,No,2025-05
ORD103626,2025-05-22,CUST10250,Smartphone,Mobile,North,Retail Store,Rep_05,8,36017,0.0,288136.0,239574.76,48561.24,16.85,Credit Card,4.4,No,2025-05
ORD103102,2025-05-22,CUST10011,Headphones,Audio,Central,Online,Rep_11,8,8523,0.05,64774.8,47821.49,16953.31,26.17,UPI,4.2,No,2025-05
ORD104983,2025-05-22,CUST10164,Mouse,Accessories,West,Online,Rep_17,8,1203,0.02,9431.52,6730.78,2700.74,28.64,UPI,4.2,No,2025-05
ORD102609,2025-05-22,CUST10725,Headphones,Audio,North,Online,Rep_01,2,10085,0.0,20170.0,16513.72,3656.28,18.13,Debit Card,3.9,Yes,2025-05
ORD102067,2025-05-22,CUST10196,Smartphone,Mobile,South,Partner,Rep_19,6,41913,0.15,213756.3,191662.32,22093.98,10.34,Debit Card,3.6,No,2025-05
ORD102070,2025-05-23,CUST10047,Tablet,Mobile,West,Online,Rep_13,4,53294,0.15,181199.6,139246.48,41953.12,23.15,UPI,4.3,No,2025-05
ORD100852,2025-05-23,CUST10055,Headphones,Audio,South,Retail Store,Rep_10,1,2159,0.05,2051.05,1475.97,575.08,28.04,UPI,4.1,No,2025-05
ORD103743,2025-05-23,CUST10582,Headphones,Audio,South,Online,Rep_05,3,8015,0.08,22121.4,20425.51,1695.89,7.67,Credit Card,3.6,No,2025-05
ORD102856,2025-05-23,CUST10531,Monitor,Accessories,East,Retail Store,Rep_01,2,26248,0.05,49871.2,45320.58,4550.62,9.12,Net Banking,4.2,No,2025-05
ORD100175,2025-05-23,CUST10210,Mouse,Accessories,East,Online,Rep_15,6,1083,0.08,5978.16,4997.16,981.0,16.41,Credit Card,4.7,No,2025-05
ORD104441,2025-05-23,CUST10626,Webcam,Accessories,West,Online,Rep_07,6,8596,0.08,47449.92,32562.48,14887.44,31.38,Net Banking,4.8,No,2025-05
ORD100011,2025-05-23,CUST10319,Laptop,Computers,South,Retail Store,Rep_07,5,91339,0.08,420159.4,322515.05,97644.35,23.24,Credit Card,3.8,No,2025-05
ORD103989,2025-05-24,CUST10403,Tablet,Mobile,North,Online,Rep_18,2,26555,0.02,52047.8,35947.9,16099.9,30.93,UPI,3.3,No,2025-05
ORD100959,2025-05-24,CUST10295,Smartphone,Mobile,North,Online,Rep_19,3,52780,0.2,126672.0,111416.99,15255.01,12.04,UPI,4.7,No,2025-05
ORD103012,2025-05-24,CUST10042,Smartphone,Mobile,Central,Online,Rep_14,7,22653,0.08,145885.32,133867.33,12017.99,8.24,Credit Card,4.1,No,2025-05
ORD102768,2025-05-24,CUST10607,Smartphone,Mobile,South,Online,Rep_20,1,23117,0.08,21267.64,14884.02,6383.62,30.02,Net Banking,4.8,No,2025-05
ORD101684,2025-05-24,CUST10734,Printer,Office,West,Retail Store,Rep_20,8,19965,0.0,159720.0,132369.33,27350.67,17.12,UPI,3.7,No,2025-05
ORD104607,2025-05-24,CUST10114,Printer,Office,East,Online,Rep_01,6,26954,0.08,148786.08,109453.5,39332.58,26.44,Credit Card,4.6,No,2025-05
ORD100186,2025-05-24,CUST10664,Mouse,Accessories,West,Online,Rep_16,5,2327,0.2,9308.0,9868.33,-560.33,-6.02,Credit Card,4.3,No,2025-05
ORD101990,2025-05-24,CUST10354,Headphones,Audio,East,Partner,Rep_06,2,9825,0.0,19650.0,15662.31,3987.69,20.29,Credit Card,4.2,No,2025-05
ORD102611,2025-05-24,CUST10154,Printer,Office,North,Retail Store,Rep_08,7,21542,0.05,143254.3,108287.0,34967.3,24.41,Net Banking,4.3,No,2025-05
ORD102969,2025-05-24,CUST10121,Smartwatch,Wearables,South,Online,Rep_10,7,3118,0.2,17460.8,19111.54,-1650.74,-9.45,Cash,5.0,No,2025-05
ORD102191,2025-05-24,CUST10520,Smartphone,Mobile,Central,Online,Rep_14,2,29871,0.08,54962.64,43854.68,11107.96,20.21,Debit Card,4.3,No,2025-05
ORD101972,2025-05-25,CUST10163,Printer,Office,Central,Online,Rep_20,6,6021,0.02,35403.48,28095.28,7308.2,20.64,Debit Card,4.4,No,2025-05
ORD103253,2025-05-25,CUST10542,Mouse,Accessories,West,Online,Rep_05,3,1400,0.15,3570.0,2964.91,605.09,16.95,Debit Card,4.2,No,2025-05
ORD100287,2025-05-25,CUST10013,Monitor,Accessories,North,Partner,Rep_15,2,16116,0.05,30620.4,27564.91,3055.49,9.98,UPI,5.0,No,2025-05
ORD104240,2025-05-25,CUST10238,Tablet,Mobile,West,Retail Store,Rep_15,8,54170,0.08,398691.2,341581.35,57109.85,14.32,Cash,3.1,No,2025-05
ORD101512,2025-05-25,CUST10042,Headphones,Audio,East,Partner,Rep_20,6,10378,0.08,57286.56,46035.88,11250.68,19.64,Net Banking,3.9,No,2025-05
ORD102449,2025-05-25,CUST10275,Laptop,Computers,North,Online,Rep_06,4,97550,0.0,390200.0,296097.96,94102.04,24.12,Net Banking,3.8,No,2025-05
ORD100324,2025-05-25,CUST10001,Smartphone,Mobile,North,Online,Rep_19,7,25991,0.08,167382.04,152109.14,15272.9,9.12,Debit Card,3.9,No,2025-05
ORD101120,2025-05-26,CUST10654,Smartphone,Mobile,West,Online,Rep_18,7,61949,0.2,346914.4,320312.84,26601.56,7.67,Net Banking,4.5,No,2025-05
ORD100402,2025-05-26,CUST10545,Webcam,Accessories,North,Online,Rep_12,1,3729,0.08,3430.68,2588.05,842.63,24.56,Net Banking,3.7,No,2025-05
ORD102342,2025-05-26,CUST10187,Laptop,Computers,North,Partner,Rep_17,7,75604,0.05,502766.6,340954.15,161812.45,32.18,Credit Card,4.4,No,2025-05
ORD101746,2025-05-26,CUST10030,Monitor,Accessories,West,Retail Store,Rep_17,1,28267,0.05,26853.65,23635.5,3218.15,11.98,Credit Card,4.8,No,2025-05
ORD103491,2025-05-26,CUST10126,Laptop,Computers,West,Retail Store,Rep_17,6,87148,0.0,522888.0,346372.16,176515.84,33.76,UPI,4.4,No,2025-05
ORD104820,2025-05-26,CUST10158,Smartphone,Mobile,South,Retail Store,Rep_05,4,48152,0.02,188755.84,127474.29,61281.55,32.47,UPI,3.4,Yes,2025-05
ORD101831,2025-05-26,CUST10180,Smartwatch,Wearables,East,Retail Store,Rep_06,6,7575,0.15,38632.5,38815.65,-183.15,-0.47,Net Banking,4.4,No,2025-05
ORD102758,2025-05-26,CUST10039,Webcam,Accessories,West,Retail Store,Rep_06,7,6899,0.0,48293.0,38620.38,9672.62,20.03,Credit Card,3.8,No,2025-05
ORD103059,2025-05-26,CUST10456,Laptop,Computers,North,Retail Store,Rep_12,6,64095,0.08,353804.4,251451.23,102353.17,28.93,Net Banking,4.2,No,2025-05
ORD103031,2025-05-26,CUST10484,Smartphone,Mobile,West,Online,Rep_06,3,53638,0.05,152868.3,112821.63,40046.67,26.2,Net Banking,4.2,No,2025-05
ORD100426,2025-05-26,CUST10730,Keyboard,Accessories,Central,Online,Rep_15,8,1930,0.15,13124.0,9635.16,3488.84,26.58,Credit Card,4.2,No,2025-05
ORD104849,2025-05-26,CUST10097,Headphones,Audio,West,Online,Rep_13,2,3357,0.08,6176.88,5161.98,1014.9,16.43,UPI,2.1,No,2025-05
ORD101352,2025-05-27,CUST10540,Keyboard,Accessories,South,Partner,Rep_18,7,2280,0.08,14683.2,11591.36,3091.84,21.06,UPI,4.1,No,2025-05
ORD102853,2025-05-27,CUST10044,Smartphone,Mobile,North,Online,Rep_08,4,33646,0.1,121125.6,103312.87,17812.73,14.71,Credit Card,4.2,No,2025-05
ORD102607,2025-05-27,CUST10704,Laptop,Computers,West,Online,Rep_15,5,80299,0.1,361345.5,345935.26,15410.24,4.26,Net Banking,3.9,No,2025-05
ORD103811,2025-05-27,CUST10502,Mouse,Accessories,Central,Online,Rep_06,2,1688,0.1,3038.4,2327.66,710.74,23.39,Cash,3.8,No,2025-05
ORD103894,2025-05-27,CUST10281,Monitor,Accessories,West,Retail Store,Rep_13,4,8493,0.02,33292.56,29085.74,4206.82,12.64,Debit Card,3.5,No,2025-05
ORD100331,2025-05-27,CUST10474,Tablet,Mobile,East,Online,Rep_12,1,22138,0.05,21031.1,14994.01,6037.09,28.71,Cash,4.1,No,2025-05
ORD102187,2025-05-27,CUST10159,Webcam,Accessories,North,Partner,Rep_11,8,4568,0.08,33620.48,23245.61,10374.87,30.86,UPI,4.7,No,2025-05
ORD104143,2025-05-27,CUST10037,Laptop,Computers,South,Online,Rep_04,7,76573,0.05,509210.45,445533.27,63677.18,12.51,Net Banking,3.9,Yes,2025-05
ORD102501,2025-05-27,CUST10318,Printer,Office,North,Partner,Rep_07,6,18614,0.0,111684.0,91699.08,19984.92,17.89,Debit Card,4.5,No,2025-05
ORD100613,2025-05-27,CUST10606,Mouse,Accessories,North,Online,Rep_01,7,1177,0.08,7579.88,5643.19,1936.69,25.55,Credit Card,4.2,No,2025-05
ORD101956,2025-05-27,CUST10058,Smartwatch,Wearables,East,Retail Store,Rep_05,7,13147,0.05,87427.55,62948.03,24479.52,28.0,Credit Card,3.4,No,2025-05
ORD103201,2025-05-28,CUST10676,Keyboard,Accessories,Central,Retail Store,Rep_03,8,1447,0.05,10997.2,7714.07,3283.13,29.85,Credit Card,3.5,No,2025-05
ORD102163,2025-05-28,CUST10720,Tablet,Mobile,Central,Online,Rep_13,4,20455,0.05,73638.0,55511.71,18126.29,24.62,Credit Card,5.0,No,2025-05
ORD101776,2025-05-28,CUST10287,Tablet,Mobile,North,Online,Rep_07,4,35377,0.05,134432.6,99132.76,35299.84,26.26,Credit Card,3.0,No,2025-05
ORD102463,2025-05-28,CUST10235,Mouse,Accessories,West,Partner,Rep_18,6,758,0.05,4320.6,3552.92,767.68,17.77,Net Banking,3.4,No,2025-05
ORD100024,2025-05-29,CUST10705,Tablet,Mobile,South,Partner,Rep_04,8,33564,0.05,255086.4,227270.25,27816.15,10.9,Credit Card,2.6,No,2025-05
ORD103723,2025-05-29,CUST10253,Smartwatch,Wearables,West,Online,Rep_11,4,22614,0.1,81410.4,77936.94,3473.46,4.27,Credit Card,5.0,No,2025-05
ORD103422,2025-05-29,CUST10271,Mouse,Accessories,West,Online,Rep_16,3,2290,0.05,6526.5,5210.8,1315.7,20.16,Credit Card,5.0,No,2025-05
ORD100676,2025-05-29,CUST10450,Smartwatch,Wearables,South,Retail Store,Rep_06,1,8451,0.05,8028.45,6271.11,1757.34,21.89,Credit Card,3.4,No,2025-05
ORD101036,2025-05-29,CUST10307,Mouse,Accessories,East,Online,Rep_02,1,1462,0.05,1388.9,1093.7,295.2,21.25,Credit Card,3.9,No,2025-05
ORD101682,2025-05-29,CUST10206,Smartwatch,Wearables,North,Online,Rep_15,8,13475,0.0,107800.0,73853.28,33946.72,31.49,UPI,3.3,No,2025-05
ORD101778,2025-05-29,CUST10079,Monitor,Accessories,West,Online,Rep_20,8,9616,0.1,69235.2,63955.43,5279.77,7.63,Credit Card,4.8,No,2025-05
ORD103770,2025-05-29,CUST10149,Smartphone,Mobile,West,Retail Store,Rep_14,3,54379,0.1,146823.3,101353.47,45469.83,30.97,Credit Card,3.2,No,2025-05
ORD101244,2025-05-29,CUST10554,Printer,Office,North,Retail Store,Rep_14,1,11401,0.2,9120.8,7523.7,1597.1,17.51,Net Banking,3.5,No,2025-05
ORD102319,2025-05-29,CUST10057,Monitor,Accessories,West,Online,Rep_10,4,11454,0.1,41234.4,35589.84,5644.56,13.69,UPI,3.5,No,2025-05
ORD104916,2025-05-29,CUST10438,Webcam,Accessories,South,Partner,Rep_02,6,3344,0.1,18057.6,14682.53,3375.07,18.69,Credit Card,5.0,No,2025-05
ORD104553,2025-05-29,CUST10558,Smartphone,Mobile,West,Online,Rep_20,8,37381,0.0,299048.0,207459.61,91588.39,30.63,Cash,3.8,No,2025-05
ORD103857,2025-05-29,CUST10688,Tablet,Mobile,South,Retail Store,Rep_02,2,33284,0.1,59911.2,53946.32,5964.88,9.96,Credit Card,3.2,No,2025-05
ORD100250,2025-05-30,CUST10487,Printer,Office,West,Retail Store,Rep_10,2,13122,0.02,25719.12,17839.36,7879.76,30.64,Net Banking,4.3,No,2025-05
ORD104199,2025-05-30,CUST10574,Monitor,Accessories,North,Partner,Rep_05,8,28118,0.0,224944.0,162403.47,62540.53,27.8,Credit Card,3.7,No,2025-05
ORD104701,2025-05-30,CUST10188,Smartphone,Mobile,East,Online,Rep_12,4,17665,0.2,56528.0,54837.33,1690.67,2.99,Debit Card,3.4,No,2025-05
ORD101830,2025-05-30,CUST10310,Tablet,Mobile,Central,Online,Rep_17,6,41636,0.05,237325.2,208678.86,28646.34,12.07,Net Banking,5.0,No,2025-05
ORD100970,2025-05-30,CUST10621,Monitor,Accessories,North,Online,Rep_08,3,27820,0.05,79287.0,57147.99,22139.01,27.92,UPI,3.9,No,2025-05
ORD104328,2025-05-30,CUST10406,Smartwatch,Wearables,West,Online,Rep_08,2,17964,0.15,30538.8,23754.66,6784.14,22.21,Debit Card,3.0,No,2025-05
ORD100453,2025-05-30,CUST10582,Monitor,Accessories,Central,Partner,Rep_08,8,16955,0.02,132927.2,104862.06,28065.14,21.11,UPI,3.7,No,2025-05
ORD101247,2025-05-31,CUST10181,Smartphone,Mobile,West,Retail Store,Rep_15,4,15866,0.1,57117.6,55555.69,1561.91,2.73,Credit Card,4.1,No,2025-05
ORD100158,2025-05-31,CUST10109,Headphones,Audio,East,Retail Store,Rep_01,7,3700,0.1,23310.0,19087.87,4222.13,18.11,UPI,2.7,No,2025-05
ORD104306,2025-05-31,CUST10010,Laptop,Computers,East,Retail Store,Rep_01,5,100254,0.05,476206.5,439228.57,36977.93,7.77,UPI,2.7,No,2025-05
ORD103113,2025-05-31,CUST10290,Headphones,Audio,East,Online,Rep_19,4,9800,0.05,37240.0,32651.85,4588.15,12.32,Net Banking,3.4,No,2025-05
ORD100284,2025-05-31,CUST10320,Laptop,Computers,South,Retail Store,Rep_13,4,69535,0.05,264233.0,229151.43,35081.57,13.28,Net Banking,4.7,No,2025-05
ORD102073,2025-06-01,CUST10411,Smartphone,Mobile,South,Retail Store,Rep_20,1,47294,0.05,44929.3,41080.28,3849.02,8.57,Credit Card,3.7,No,2025-06
ORD104377,2025-06-01,CUST10090,Tablet,Mobile,South,Online,Rep_05,7,26399,0.05,175553.35,139473.91,36079.44,20.55,Net Banking,3.4,No,2025-06
ORD101703,2025-06-01,CUST10070,Tablet,Mobile,North,Partner,Rep_16,2,53920,0.02,105683.2,81709.39,23973.81,22.68,Credit Card,5.0,No,2025-06
ORD102204,2025-06-01,CUST10327,Laptop,Computers,East,Retail Store,Rep_10,8,59271,0.05,450459.6,415358.19,35101.41,7.79,Net Banking,3.1,No,2025-06
ORD104741,2025-06-01,CUST10063,Headphones,Audio,Central,Retail Store,Rep_04,7,2952,0.02,20250.72,13646.6,6604.12,32.61,Cash,4.0,No,2025-06
ORD101394,2025-06-01,CUST10022,Keyboard,Accessories,West,Online,Rep_04,5,1922,0.1,8649.0,7877.1,771.9,8.92,Credit Card,5.0,No,2025-06
ORD100511,2025-06-01,CUST10219,Mouse,Accessories,West,Online,Rep_05,6,1651,0.1,8915.4,6896.34,2019.06,22.65,Net Banking,4.2,No,2025-06
ORD101132,2025-06-02,CUST10590,Monitor,Accessories,South,Online,Rep_08,1,23569,0.05,22390.55,15555.32,6835.23,30.53,Credit Card,3.9,No,2025-06
ORD101670,2025-06-02,CUST10495,Printer,Office,South,Partner,Rep_13,1,25638,0.02,25125.24,17858.99,7266.25,28.92,Credit Card,3.6,No,2025-06
ORD101653,2025-06-02,CUST10431,Smartphone,Mobile,South,Online,Rep_09,7,59417,0.08,382645.48,305784.16,76861.32,20.09,Net Banking,4.2,No,2025-06
ORD101978,2025-06-02,CUST10021,Monitor,Accessories,East,Online,Rep_13,7,15770,0.08,101558.8,76095.7,25463.1,25.07,Credit Card,4.9,No,2025-06
ORD100363,2025-06-02,CUST10103,Monitor,Accessories,South,Online,Rep_02,4,18709,0.02,73339.28,48529.45,24809.83,33.83,UPI,4.0,No,2025-06
ORD100022,2025-06-03,CUST10493,Smartphone,Mobile,West,Online,Rep_19,5,42624,0.0,213120.0,138150.61,74969.39,35.18,Net Banking,4.6,Yes,2025-06
ORD103444,2025-06-03,CUST10408,Smartwatch,Wearables,East,Partner,Rep_18,7,9210,0.1,58023.0,42472.76,15550.24,26.8,UPI,3.5,Yes,2025-06
ORD100611,2025-06-03,CUST10521,Laptop,Computers,South,Partner,Rep_13,3,50733,0.08,140023.08,116141.53,23881.55,17.06,UPI,4.0,No,2025-06
ORD101964,2025-06-03,CUST10145,Tablet,Mobile,North,Retail Store,Rep_08,8,49495,0.0,395960.0,333290.82,62669.18,15.83,Credit Card,4.1,No,2025-06
ORD102701,2025-06-03,CUST10020,Keyboard,Accessories,West,Partner,Rep_05,6,3539,0.1,19110.6,18384.75,725.85,3.8,Cash,3.2,No,2025-06
ORD104366,2025-06-03,CUST10246,Mouse,Accessories,North,Partner,Rep_10,5,2090,0.08,9614.0,8172.54,1441.46,14.99,Debit Card,4.4,No,2025-06
ORD102830,2025-06-03,CUST10330,Laptop,Computers,East,Retail Store,Rep_08,3,97709,0.05,278470.65,191693.69,86776.96,31.16,Debit Card,2.8,No,2025-06
ORD104694,2025-06-03,CUST10328,Keyboard,Accessories,East,Partner,Rep_01,6,3833,0.05,21848.1,15246.75,6601.35,30.21,UPI,3.6,No,2025-06
ORD103182,2025-06-03,CUST10696,Smartphone,Mobile,Central,Online,Rep_04,6,58564,0.15,298676.4,300317.82,-1641.42,-0.55,Credit Card,5.0,No,2025-06
ORD103651,2025-06-04,CUST10700,Headphones,Audio,East,Online,Rep_02,3,11591,0.08,31991.16,24710.84,7280.32,22.76,UPI,3.9,No,2025-06
ORD100006,2025-06-04,CUST10118,Smartphone,Mobile,East,Online,Rep_14,7,14525,0.2,81340.0,70346.57,10993.43,13.52,Credit Card,4.0,No,2025-06
ORD101377,2025-06-04,CUST10378,Monitor,Accessories,North,Retail Store,Rep_03,1,25641,0.08,23589.72,20311.4,3278.32,13.9,UPI,4.0,No,2025-06
ORD104029,2025-06-04,CUST10467,Headphones,Audio,East,Online,Rep_18,4,8605,0.15,29257.0,27950.74,1306.26,4.46,UPI,3.8,No,2025-06
ORD102977,2025-06-04,CUST10414,Printer,Office,South,Online,Rep_04,1,16227,0.0,16227.0,13450.12,2776.88,17.11,Debit Card,5.0,Yes,2025-06
ORD101723,2025-06-04,CUST10347,Tablet,Mobile,East,Online,Rep_05,8,22506,0.1,162043.2,122744.7,39298.5,24.25,Cash,4.8,No,2025-06
ORD103683,2025-06-04,CUST10269,Headphones,Audio,East,Retail Store,Rep_15,3,4561,0.0,13683.0,10180.73,3502.27,25.6,Credit Card,3.9,No,2025-06
ORD104634,2025-06-04,CUST10215,Webcam,Accessories,South,Online,Rep_13,6,3302,0.05,18821.4,14488.53,4332.87,23.02,UPI,4.2,No,2025-06
ORD100678,2025-06-04,CUST10342,Monitor,Accessories,South,Online,Rep_01,7,14866,0.02,101980.76,87201.41,14779.35,14.49,UPI,3.9,No,2025-06
ORD104789,2025-06-05,CUST10318,Monitor,Accessories,Central,Online,Rep_13,7,11078,0.05,73668.7,51489.15,22179.55,30.11,Cash,3.6,No,2025-06
ORD104613,2025-06-05,CUST10003,Monitor,Accessories,West,Retail Store,Rep_02,4,21962,0.0,87848.0,71754.42,16093.58,18.32,Cash,4.3,No,2025-06
ORD104472,2025-06-05,CUST10209,Smartwatch,Wearables,West,Retail Store,Rep_14,5,21114,0.02,103458.6,68133.28,35325.32,34.14,Net Banking,3.3,No,2025-06
ORD101708,2025-06-05,CUST10711,Smartphone,Mobile,South,Online,Rep_15,2,28439,0.08,52327.76,43997.89,8329.87,15.92,Net Banking,5.0,No,2025-06
ORD103911,2025-06-05,CUST10104,Laptop,Computers,Central,Online,Rep_03,4,106776,0.0,427104.0,328959.69,98144.31,22.98,Cash,3.8,No,2025-06
ORD101269,2025-06-05,CUST10622,Mouse,Accessories,North,Online,Rep_16,7,865,0.0,6055.0,5062.4,992.6,16.39,UPI,4.3,No,2025-06
ORD100350,2025-06-05,CUST10748,Mouse,Accessories,North,Online,Rep_18,4,1682,0.0,6728.0,5675.64,1052.36,15.64,Net Banking,3.9,No,2025-06
ORD103893,2025-06-05,CUST10224,Mouse,Accessories,East,Online,Rep_17,1,652,0.08,599.84,449.28,150.56,25.1,UPI,5.0,No,2025-06
ORD102324,2025-06-05,CUST10290,Tablet,Mobile,West,Online,Rep_07,3,37111,0.08,102426.36,73378.74,29047.62,28.36,Net Banking,4.4,No,2025-06
ORD102001,2025-06-05,CUST10169,Smartphone,Mobile,North,Retail Store,Rep_02,2,58461,0.0,116922.0,92785.4,24136.6,20.64,UPI,4.1,No,2025-06
ORD104094,2025-06-06,CUST10142,Smartwatch,Wearables,West,Online,Rep_03,8,11206,0.0,89648.0,58464.08,31183.92,34.78,UPI,4.8,No,2025-06
ORD102103,2025-06-06,CUST10478,Smartphone,Mobile,West,Online,Rep_04,1,16773,0.05,15934.35,12686.36,3247.99,20.38,UPI,5.0,No,2025-06
ORD100854,2025-06-06,CUST10018,Webcam,Accessories,South,Online,Rep_10,6,8130,0.08,44877.6,42032.86,2844.74,6.34,Credit Card,3.6,No,2025-06
ORD103540,2025-06-06,CUST10267,Laptop,Computers,North,Online,Rep_19,5,65253,0.2,261012.0,282271.75,-21259.75,-8.15,Credit Card,4.3,No,2025-06
ORD102398,2025-06-06,CUST10469,Laptop,Computers,Central,Online,Rep_15,2,78853,0.08,145089.52,127769.96,17319.56,11.94,UPI,4.3,No,2025-06
ORD102834,2025-06-06,CUST10147,Smartphone,Mobile,West,Retail Store,Rep_16,5,43843,0.05,208254.25,161382.37,46871.88,22.51,Net Banking,3.9,No,2025-06
ORD103975,2025-06-07,CUST10540,Smartphone,Mobile,West,Online,Rep_07,7,31358,0.05,208530.7,142023.33,66507.37,31.89,Credit Card,2.7,No,2025-06
ORD102259,2025-06-07,CUST10090,Tablet,Mobile,North,Online,Rep_17,5,31760,0.15,134980.0,137337.04,-2357.04,-1.75,Cash,4.0,No,2025-06
ORD103559,2025-06-07,CUST10489,Laptop,Computers,South,Online,Rep_11,5,68019,0.05,323090.25,250187.21,72903.04,22.56,UPI,3.7,No,2025-06
ORD101271,2025-06-07,CUST10457,Mouse,Accessories,North,Partner,Rep_20,7,1632,0.08,10510.08,7904.06,2606.02,24.8,UPI,3.9,No,2025-06
ORD103120,2025-06-07,CUST10646,Smartphone,Mobile,Central,Retail Store,Rep_07,6,63028,0.2,302534.4,285048.33,17486.07,5.78,Credit Card,3.8,No,2025-06
ORD102074,2025-06-07,CUST10316,Webcam,Accessories,West,Online,Rep_19,6,8506,0.08,46953.12,42756.89,4196.23,8.94,Credit Card,4.0,No,2025-06
ORD101571,2025-06-07,CUST10405,Keyboard,Accessories,South,Retail Store,Rep_02,2,2327,0.1,4188.6,3116.23,1072.37,25.6,Debit Card,4.1,No,2025-06
ORD101053,2025-06-07,CUST10303,Smartwatch,Wearables,South,Online,Rep_19,2,3357,0.0,6714.0,4959.72,1754.28,26.13,Credit Card,4.3,No,2025-06
ORD100444,2025-06-07,CUST10300,Tablet,Mobile,West,Retail Store,Rep_03,5,19459,0.02,95349.1,81055.98,14293.12,14.99,UPI,3.0,No,2025-06
ORD101138,2025-06-07,CUST10481,Monitor,Accessories,South,Partner,Rep_02,6,18728,0.05,106749.6,76677.42,30072.18,28.17,Debit Card,4.5,No,2025-06
ORD102432,2025-06-07,CUST10014,Printer,Office,West,Retail Store,Rep_13,6,23711,0.15,120926.1,103237.1,17689.0,14.63,UPI,4.3,No,2025-06
ORD102139,2025-06-07,CUST10475,Smartphone,Mobile,West,Online,Rep_08,8,46707,0.1,336290.4,245241.83,91048.57,27.07,Credit Card,2.8,No,2025-06
ORD103450,2025-06-08,CUST10363,Laptop,Computers,West,Online,Rep_13,7,94443,0.0,661101.0,569924.76,91176.24,13.79,Debit Card,4.5,No,2025-06
ORD101984,2025-06-08,CUST10330,Monitor,Accessories,South,Retail Store,Rep_04,1,12436,0.0,12436.0,7972.96,4463.04,35.89,UPI,4.1,No,2025-06
ORD104834,2025-06-08,CUST10465,Smartphone,Mobile,South,Online,Rep_16,3,44531,0.08,122905.56,109841.22,13064.34,10.63,UPI,4.9,No,2025-06
ORD100708,2025-06-08,CUST10713,Printer,Office,South,Online,Rep_05,6,14985,0.05,85414.5,72160.14,13254.36,15.52,Net Banking,3.9,No,2025-06
ORD104552,2025-06-08,CUST10684,Laptop,Computers,West,Partner,Rep_07,2,65530,0.0,131060.0,108343.55,22716.45,17.33,Credit Card,3.2,No,2025-06
ORD100454,2025-06-08,CUST10529,Webcam,Accessories,East,Online,Rep_12,7,4796,0.15,28536.2,24982.0,3554.2,12.46,UPI,3.6,No,2025-06
ORD103977,2025-06-08,CUST10061,Tablet,Mobile,South,Online,Rep_01,1,18986,0.08,17467.12,14267.55,3199.57,18.32,UPI,3.4,No,2025-06
ORD104487,2025-06-08,CUST10729,Laptop,Computers,West,Retail Store,Rep_03,2,105853,0.15,179950.1,177759.16,2190.94,1.22,UPI,4.8,No,2025-06
ORD102482,2025-06-09,CUST10134,Webcam,Accessories,Central,Retail Store,Rep_10,2,5372,0.08,9884.48,7768.9,2115.58,21.4,UPI,3.5,No,2025-06
ORD104036,2025-06-09,CUST10208,Smartwatch,Wearables,North,Online,Rep_05,7,11536,0.08,74291.84,65049.48,9242.36,12.44,UPI,4.6,Yes,2025-06
ORD104693,2025-06-09,CUST10334,Tablet,Mobile,North,Online,Rep_20,2,25440,0.02,49862.4,36227.13,13635.27,27.35,Credit Card,4.7,No,2025-06
ORD104351,2025-06-09,CUST10153,Headphones,Audio,East,Online,Rep_14,6,7376,0.15,37617.6,36085.25,1532.35,4.07,Net Banking,4.2,No,2025-06
ORD102766,2025-06-09,CUST10655,Smartwatch,Wearables,Central,Partner,Rep_15,2,24980,0.1,44964.0,41806.25,3157.75,7.02,Credit Card,5.0,No,2025-06
ORD104007,2025-06-09,CUST10060,Tablet,Mobile,West,Online,Rep_16,4,53856,0.1,193881.6,155886.76,37994.84,19.6,Net Banking,3.3,No,2025-06
ORD103609,2025-06-09,CUST10005,Smartwatch,Wearables,West,Online,Rep_03,5,18682,0.15,79398.5,76610.16,2788.34,3.51,Net Banking,4.9,No,2025-06
ORD102997,2025-06-09,CUST10587,Smartphone,Mobile,North,Online,Rep_12,4,52104,0.02,204247.68,135817.45,68430.23,33.5,UPI,3.2,No,2025-06
ORD104239,2025-06-10,CUST10389,Headphones,Audio,South,Partner,Rep_18,7,5415,0.2,30324.0,25762.97,4561.03,15.04,Debit Card,3.4,No,2025-06
ORD101098,2025-06-10,CUST10034,Smartphone,Mobile,West,Online,Rep_12,3,22229,0.1,60018.3,56086.14,3932.16,6.55,Debit Card,4.7,No,2025-06
ORD100128,2025-06-10,CUST10105,Webcam,Accessories,North,Online,Rep_17,5,3914,0.02,19178.6,14807.85,4370.75,22.79,UPI,4.5,Yes,2025-06
ORD101408,2025-06-10,CUST10281,Printer,Office,South,Online,Rep_11,7,11593,0.05,77093.45,56949.49,20143.96,26.13,Debit Card,4.0,No,2025-06
ORD101558,2025-06-10,CUST10115,Monitor,Accessories,North,Retail Store,Rep_19,2,21485,0.08,39532.4,30771.24,8761.16,22.16,Net Banking,4.1,No,2025-06
ORD100779,2025-06-10,CUST10615,Headphones,Audio,South,Online,Rep_06,7,11611,0.05,77213.15,58210.75,19002.4,24.61,Cash,4.5,No,2025-06
ORD101678,2025-06-10,CUST10725,Monitor,Accessories,Central,Online,Rep_14,1,15703,0.1,14132.7,10319.64,3813.06,26.98,Net Banking,3.9,No,2025-06
ORD102650,2025-06-10,CUST10492,Monitor,Accessories,Central,Partner,Rep_18,5,18717,0.05,74868.0,67627.29,7240.71,9.67,Debit Card,4.7,No,2025-06
ORD100558,2025-06-11,CUST10030,Laptop,Computers,East,Online,Rep_06,5,91248,0.08,419740.8,337279.76,82461.04,19.65,UPI,5.0,No,2025-06
ORD104390,2025-06-11,CUST10471,Laptop,Computers,South,Online,Rep_02,8,67917,0.0,543336.0,462485.99,80850.01,14.88,Debit Card,4.7,No,2025-06
ORD100432,2025-06-11,CUST10645,Headphones,Audio,East,Retail Store,Rep_08,7,9695,0.05,64471.75,56459.93,8011.82,12.43,Net Banking,2.9,No,2025-06
ORD104383,2025-06-11,CUST10184,Keyboard,Accessories,West,Online,Rep_13,2,3102,0.08,5707.68,4264.95,1442.73,25.28,Debit Card,3.5,No,2025-06
ORD101873,2025-06-11,CUST10070,Monitor,Accessories,West,Retail Store,Rep_02,7,21066,0.02,144512.76,126748.99,17763.77,12.29,UPI,4.3,No,2025-06
ORD100908,2025-06-11,CUST10082,Tablet,Mobile,East,Online,Rep_09,2,23787,0.15,40437.9,36784.5,3653.4,9.03,UPI,3.9,No,2025-06
ORD104330,2025-06-11,CUST10146,Printer,Office,South,Online,Rep_01,5,27031,0.05,128397.25,89474.65,38922.6,30.31,Net Banking,3.5,No,2025-06
ORD101555,2025-06-11,CUST10105,Smartphone,Mobile,North,Retail Store,Rep_15,3,56714,0.08,156530.64,108045.92,48484.72,30.97,Net Banking,3.2,No,2025-06
ORD103205,2025-06-11,CUST10158,Mouse,Accessories,North,Retail Store,Rep_01,6,1633,0.1,8818.2,6702.63,2115.57,23.99,Debit Card,4.9,No,2025-06
ORD103863,2025-06-11,CUST10082,Tablet,Mobile,South,Online,Rep_05,2,23659,0.0,47318.0,32344.18,14973.82,31.65,Credit Card,5.0,No,2025-06
ORD100593,2025-06-12,CUST10030,Smartphone,Mobile,Central,Online,Rep_02,2,20706,0.08,38099.04,31644.67,6454.37,16.94,Debit Card,4.2,No,2025-06
ORD104896,2025-06-12,CUST10514,Laptop,Computers,North,Online,Rep_19,7,105885,0.05,704135.25,473284.51,230850.74,32.78,UPI,3.4,Yes,2025-06
ORD103062,2025-06-12,CUST10031,Laptop,Computers,North,Retail Store,Rep_03,4,50802,0.08,186951.36,172658.3,14293.06,7.65,Debit Card,4.5,No,2025-06
ORD101531,2025-06-12,CUST10212,Tablet,Mobile,East,Retail Store,Rep_01,8,22385,0.0,179080.0,153847.25,25232.75,14.09,UPI,4.6,No,2025-06
ORD103069,2025-06-12,CUST10373,Smartphone,Mobile,Central,Partner,Rep_18,4,59505,0.0,238020.0,206698.85,31321.15,13.16,Credit Card,4.6,No,2025-06
ORD102292,2025-06-12,CUST10614,Smartphone,Mobile,Central,Retail Store,Rep_04,3,47864,0.05,136412.4,114748.85,21663.55,15.88,UPI,4.0,No,2025-06
ORD101799,2025-06-12,CUST10052,Laptop,Computers,West,Online,Rep_06,7,84668,0.05,563042.2,494623.13,68419.07,12.15,Cash,3.9,No,2025-06
ORD102840,2025-06-12,CUST10486,Tablet,Mobile,South,Partner,Rep_08,4,45517,0.0,182068.0,159672.37,22395.63,12.3,UPI,3.7,No,2025-06
ORD104745,2025-06-12,CUST10222,Smartphone,Mobile,West,Partner,Rep_03,8,33655,0.15,228854.0,183510.02,45343.98,19.81,UPI,3.3,No,2025-06
ORD101433,2025-06-13,CUST10336,Monitor,Accessories,West,Online,Rep_11,2,12898,0.02,25280.08,20570.63,4709.45,18.63,Net Banking,4.4,No,2025-06
ORD100631,2025-06-13,CUST10058,Headphones,Audio,West,Online,Rep_01,8,10278,0.1,74001.6,72203.41,1798.19,2.43,UPI,4.1,No,2025-06
ORD104803,2025-06-13,CUST10144,Webcam,Accessories,South,Online,Rep_18,2,3382,0.15,5749.4,5638.27,111.13,1.93,Net Banking,3.8,No,2025-06
ORD102913,2025-06-13,CUST10341,Headphones,Audio,North,Online,Rep_18,7,10877,0.05,72332.05,66917.12,5414.93,7.49,Credit Card,4.0,No,2025-06
ORD101884,2025-06-13,CUST10419,Headphones,Audio,West,Retail Store,Rep_07,2,8125,0.02,15925.0,12000.74,3924.26,24.64,Cash,3.4,No,2025-06
ORD103678,2025-06-13,CUST10085,Tablet,Mobile,South,Online,Rep_18,1,38274,0.0,38274.0,26254.61,12019.39,31.4,Net Banking,3.8,No,2025-06
ORD102859,2025-06-13,CUST10402,Laptop,Computers,North,Online,Rep_12,4,94839,0.15,322452.6,278300.21,44152.39,13.69,Credit Card,4.4,No,2025-06
ORD100127,2025-06-13,CUST10371,Printer,Office,North,Retail Store,Rep_07,6,21344,0.1,115257.6,107401.4,7856.2,6.82,Debit Card,3.4,No,2025-06
ORD102550,2025-06-13,CUST10351,Laptop,Computers,West,Partner,Rep_09,2,81126,0.0,162252.0,136458.58,25793.42,15.9,Net Banking,4.1,Yes,2025-06
ORD101651,2025-06-14,CUST10743,Laptop,Computers,South,Partner,Rep_18,6,102609,0.08,566401.68,504211.9,62189.78,10.98,Net Banking,3.3,No,2025-06
ORD102876,2025-06-14,CUST10649,Monitor,Accessories,West,Partner,Rep_19,3,23138,0.08,63860.88,58718.59,5142.29,8.05,Cash,3.9,No,2025-06
ORD103791,2025-06-14,CUST10578,Smartphone,Mobile,North,Online,Rep_11,2,56550,0.05,107445.0,73712.33,33732.67,31.4,Debit Card,3.8,No,2025-06
ORD101801,2025-06-14,CUST10281,Smartwatch,Wearables,West,Online,Rep_15,5,3107,0.08,14292.2,10721.66,3570.54,24.98,UPI,4.2,No,2025-06
ORD102391,2025-06-14,CUST10497,Tablet,Mobile,West,Online,Rep_09,6,27483,0.02,161600.04,132496.34,29103.7,18.01,Credit Card,3.1,No,2025-06
ORD103936,2025-06-14,CUST10569,Keyboard,Accessories,South,Online,Rep_06,7,3812,0.15,22681.4,18769.22,3912.18,17.25,Debit Card,4.3,No,2025-06
ORD103924,2025-06-14,CUST10254,Smartphone,Mobile,South,Online,Rep_07,2,60045,0.15,102076.5,97359.01,4717.49,4.62,UPI,4.8,No,2025-06
ORD101842,2025-06-14,CUST10326,Monitor,Accessories,North,Online,Rep_20,6,16690,0.08,92128.8,82588.07,9540.73,10.36,UPI,3.7,No,2025-06
ORD103388,2025-06-14,CUST10289,Keyboard,Accessories,North,Online,Rep_07,8,3170,0.05,24092.0,15735.2,8356.8,34.69,UPI,5.0,No,2025-06
ORD104767,2025-06-14,CUST10233,Printer,Office,South,Retail Store,Rep_17,7,10043,0.1,63270.9,61229.22,2041.68,3.23,UPI,3.6,No,2025-06
ORD100286,2025-06-14,CUST10438,Laptop,Computers,South,Retail Store,Rep_04,4,87980,0.15,299132.0,268782.21,30349.79,10.15,UPI,3.9,No,2025-06
ORD103550,2025-06-15,CUST10379,Keyboard,Accessories,Central,Retail Store,Rep_03,5,2426,0.0,12130.0,9917.67,2212.33,18.24,Net Banking,4.2,No,2025-06
ORD101517,2025-06-15,CUST10335,Mouse,Accessories,West,Partner,Rep_20,3,1672,0.05,4765.2,3335.76,1429.44,30.0,Credit Card,2.3,No,2025-06
ORD101024,2025-06-15,CUST10075,Smartwatch,Wearables,North,Online,Rep_01,3,24989,0.02,73467.66,59020.01,14447.65,19.67,UPI,5.0,No,2025-06
ORD100573,2025-06-15,CUST10558,Monitor,Accessories,West,Online,Rep_03,6,24413,0.02,143548.44,121089.68,22458.76,15.65,UPI,2.7,No,2025-06
ORD104149,2025-06-15,CUST10460,Headphones,Audio,East,Online,Rep_10,7,6402,0.05,42573.3,32643.29,9930.01,23.32,UPI,3.3,No,2025-06
ORD100582,2025-06-15,CUST10514,Smartwatch,Wearables,North,Partner,Rep_14,7,15417,0.0,107919.0,69176.0,38743.0,35.9,Net Banking,3.5,No,2025-06
ORD103047,2025-06-15,CUST10169,Monitor,Accessories,North,Partner,Rep_13,2,21417,0.1,38550.6,31114.25,7436.35,19.29,UPI,4.9,No,2025-06
ORD101957,2025-06-15,CUST10019,Mouse,Accessories,South,Online,Rep_12,3,2430,0.05,6925.5,5949.38,976.12,14.09,UPI,3.2,No,2025-06
ORD103000,2025-06-15,CUST10399,Webcam,Accessories,North,Retail Store,Rep_07,7,2733,0.1,17217.9,13271.6,3946.3,22.92,Cash,4.4,No,2025-06
ORD101222,2025-06-15,CUST10075,Smartphone,Mobile,Central,Online,Rep_11,6,34298,0.08,189324.96,151480.96,37844.0,19.99,UPI,3.1,No,2025-06
ORD104352,2025-06-15,CUST10581,Keyboard,Accessories,North,Partner,Rep_17,1,2632,0.1,2368.8,2024.41,344.39,14.54,UPI,4.4,No,2025-06
ORD102718,2025-06-15,CUST10371,Smartwatch,Wearables,South,Online,Rep_16,2,11540,0.0,23080.0,16618.54,6461.46,28.0,UPI,3.6,No,2025-06
ORD104055,2025-06-15,CUST10478,Headphones,Audio,North,Online,Rep_15,1,5915,0.08,5441.8,5036.25,405.55,7.45,UPI,4.2,No,2025-06
ORD102512,2025-06-15,CUST10173,Webcam,Accessories,North,Online,Rep_19,7,5548,0.05,36894.2,27807.78,9086.42,24.63,UPI,4.4,No,2025-06
ORD104183,2025-06-15,CUST10260,Mouse,Accessories,East,Online,Rep_10,6,1306,0.08,7209.12,6872.4,336.72,4.67,Debit Card,4.0,No,2025-06
ORD101833,2025-06-16,CUST10438,Keyboard,Accessories,East,Retail Store,Rep_01,5,1415,0.15,6013.75,4977.03,1036.72,17.24,Cash,4.5,No,2025-06
ORD102393,2025-06-16,CUST10367,Monitor,Accessories,South,Retail Store,Rep_19,6,10529,0.0,63174.0,41000.92,22173.08,35.1,Net Banking,3.3,No,2025-06
ORD103454,2025-06-16,CUST10059,Tablet,Mobile,South,Partner,Rep_20,6,46285,0.05,263824.5,218736.35,45088.15,17.09,UPI,4.6,No,2025-06
ORD103297,2025-06-16,CUST10651,Mouse,Accessories,South,Partner,Rep_19,2,1831,0.05,3478.9,2632.31,846.59,24.33,Credit Card,4.4,No,2025-06
ORD102144,2025-06-16,CUST10157,Tablet,Mobile,East,Retail Store,Rep_20,2,40923,0.15,69569.1,55993.8,13575.3,19.51,Debit Card,5.0,No,2025-06
ORD104334,2025-06-16,CUST10162,Mouse,Accessories,East,Retail Store,Rep_19,7,1027,0.1,6470.1,4545.35,1924.75,29.75,Debit Card,5.0,No,2025-06
ORD100243,2025-06-16,CUST10004,Webcam,Accessories,South,Online,Rep_01,8,5010,0.1,36072.0,33758.51,2313.49,6.41,Cash,4.1,No,2025-06
ORD102681,2025-06-16,CUST10615,Smartphone,Mobile,South,Retail Store,Rep_16,2,12939,0.08,23807.76,21522.67,2285.09,9.6,Net Banking,3.1,No,2025-06
ORD100446,2025-06-16,CUST10711,Smartwatch,Wearables,South,Partner,Rep_14,4,4468,0.08,16442.24,11865.78,4576.46,27.83,UPI,3.8,No,2025-06
ORD100943,2025-06-16,CUST10099,Mouse,Accessories,South,Partner,Rep_20,7,1882,0.02,12910.52,8272.66,4637.86,35.92,UPI,3.4,No,2025-06
ORD100515,2025-06-17,CUST10232,Laptop,Computers,South,Partner,Rep_15,2,83055,0.08,152821.2,146110.88,6710.32,4.39,Net Banking,2.7,No,2025-06
ORD104458,2025-06-17,CUST10449,Smartphone,Mobile,Central,Online,Rep_02,4,45518,0.0,182072.0,129176.74,52895.26,29.05,Cash,4.3,No,2025-06
ORD102272,2025-06-17,CUST10478,Tablet,Mobile,South,Online,Rep_03,7,22272,0.05,148108.8,105231.34,42877.46,28.95,Credit Card,4.6,No,2025-06
ORD104699,2025-06-17,CUST10631,Smartphone,Mobile,North,Retail Store,Rep_04,3,53136,0.1,143467.2,119016.84,24450.36,17.04,Debit Card,3.6,No,2025-06
ORD104285,2025-06-17,CUST10443,Keyboard,Accessories,Central,Online,Rep_16,8,1427,0.2,9132.8,8143.0,989.8,10.84,Debit Card,3.6,No,2025-06
ORD104623,2025-06-17,CUST10247,Smartphone,Mobile,West,Online,Rep_03,4,25068,0.1,90244.8,62285.15,27959.65,30.98,Credit Card,4.2,No,2025-06
ORD101827,2025-06-17,CUST10725,Laptop,Computers,Central,Online,Rep_08,4,50876,0.05,193328.8,133661.02,59667.78,30.86,Net Banking,4.4,No,2025-06
ORD100261,2025-06-17,CUST10260,Mouse,Accessories,South,Retail Store,Rep_14,8,1283,0.08,9442.88,7787.95,1654.93,17.53,Debit Card,4.2,No,2025-06
ORD104222,2025-06-17,CUST10498,Mouse,Accessories,West,Retail Store,Rep_11,2,1586,0.05,3013.4,2663.76,349.64,11.6,Net Banking,3.1,No,2025-06
ORD101116,2025-06-18,CUST10587,Keyboard,Accessories,South,Online,Rep_06,5,3786,0.05,17983.5,14148.45,3835.05,21.33,Debit Card,2.8,No,2025-06
ORD103014,2025-06-18,CUST10342,Tablet,Mobile,East,Retail Store,Rep_16,7,44232,0.1,278661.6,222611.13,56050.47,20.11,UPI,3.9,No,2025-06
ORD100944,2025-06-18,CUST10679,Printer,Office,West,Retail Store,Rep_20,7,11264,0.0,78848.0,48927.08,29920.92,37.95,Cash,3.4,No,2025-06
ORD102353,2025-06-18,CUST10692,Mouse,Accessories,Central,Retail Store,Rep_13,3,2110,0.1,5697.0,4393.66,1303.34,22.88,Credit Card,3.8,No,2025-06
ORD100035,2025-06-18,CUST10214,Smartwatch,Wearables,North,Partner,Rep_05,4,11506,0.1,41421.6,32596.27,8825.33,21.31,Debit Card,2.8,No,2025-06
ORD104064,2025-06-18,CUST10492,Smartphone,Mobile,West,Partner,Rep_17,5,50205,0.05,238473.75,163013.6,75460.15,31.64,UPI,3.4,No,2025-06
ORD100167,2025-06-18,CUST10486,Tablet,Mobile,East,Online,Rep_10,3,43216,0.02,127055.04,97798.65,29256.39,23.03,Net Banking,4.4,No,2025-06
ORD102772,2025-06-18,CUST10402,Smartphone,Mobile,West,Online,Rep_16,1,21913,0.2,17530.4,14039.4,3491.0,19.91,UPI,4.3,No,2025-06
ORD101879,2025-06-18,CUST10035,Tablet,Mobile,North,Online,Rep_06,4,40241,0.1,144867.6,113618.57,31249.03,21.57,UPI,4.6,No,2025-06
ORD102917,2025-06-19,CUST10575,Headphones,Audio,West,Partner,Rep_10,7,7796,0.02,53480.56,35835.79,17644.77,32.99,Cash,3.8,No,2025-06
ORD103587,2025-06-19,CUST10077,Monitor,Accessories,North,Retail Store,Rep_06,5,8026,0.08,36919.6,27315.33,9604.27,26.01,UPI,4.1,No,2025-06
ORD102522,2025-06-19,CUST10741,Smartphone,Mobile,North,Online,Rep_20,8,51227,0.1,368834.4,263031.15,105803.25,28.69,Debit Card,3.4,No,2025-06
ORD103703,2025-06-19,CUST10617,Tablet,Mobile,South,Partner,Rep_18,2,49992,0.05,94984.8,65767.22,29217.58,30.76,Net Banking,5.0,No,2025-06
ORD101742,2025-06-19,CUST10014,Headphones,Audio,South,Online,Rep_12,2,4751,0.0,9502.0,7561.43,1940.57,20.42,Net Banking,3.6,No,2025-06
ORD100246,2025-06-19,CUST10261,Smartwatch,Wearables,North,Retail Store,Rep_06,4,22280,0.15,75752.0,60941.28,14810.72,19.55,Credit Card,4.1,No,2025-06
ORD102458,2025-06-19,CUST10630,Mouse,Accessories,East,Online,Rep_08,1,846,0.05,803.7,730.34,73.36,9.13,Net Banking,3.7,No,2025-06
ORD104187,2025-06-19,CUST10336,Smartphone,Mobile,North,Online,Rep_18,4,42028,0.05,159706.4,111279.09,48427.31,30.32,Credit Card,4.4,No,2025-06
ORD103516,2025-06-19,CUST10230,Smartwatch,Wearables,South,Partner,Rep_10,3,15038,0.08,41504.88,36999.92,4504.96,10.85,UPI,3.9,No,2025-06
ORD103344,2025-06-20,CUST10731,Smartphone,Mobile,West,Retail Store,Rep_08,5,40201,0.02,196984.9,135917.61,61067.29,31.0,Net Banking,4.6,No,2025-06
ORD102594,2025-06-20,CUST10678,Keyboard,Accessories,North,Retail Store,Rep_03,2,4254,0.1,7657.2,6723.4,933.8,12.2,Debit Card,3.5,Yes,2025-06
ORD101240,2025-06-20,CUST10642,Smartphone,Mobile,West,Online,Rep_12,1,24041,0.05,22838.95,20361.03,2477.92,10.85,Cash,5.0,No,2025-06
ORD100843,2025-06-20,CUST10200,Smartphone,Mobile,Central,Retail Store,Rep_06,4,63279,0.15,215148.6,199428.79,15719.81,7.31,Net Banking,5.0,No,2025-06
ORD104856,2025-06-20,CUST10616,Smartphone,Mobile,North,Online,Rep_07,4,30089,0.08,110727.52,81536.72,29190.8,26.36,Credit Card,4.2,No,2025-06
ORD102560,2025-06-20,CUST10309,Monitor,Accessories,West,Online,Rep_04,7,15175,0.02,104100.5,68699.49,35401.01,34.01,UPI,5.0,No,2025-06
ORD104601,2025-06-20,CUST10576,Smartphone,Mobile,South,Online,Rep_04,7,13232,0.1,83361.6,79898.2,3463.4,4.15,UPI,3.7,No,2025-06
ORD100330,2025-06-20,CUST10327,Smartphone,Mobile,West,Retail Store,Rep_15,2,14989,0.0,29978.0,22497.06,7480.94,24.95,Net Banking,5.0,No,2025-06
ORD100531,2025-06-20,CUST10512,Printer,Office,West,Online,Rep_17,4,12228,0.1,44020.8,37292.7,6728.1,15.28,UPI,4.1,No,2025-06
ORD102800,2025-06-20,CUST10606,Smartphone,Mobile,East,Online,Rep_11,4,58544,0.2,187340.8,146707.16,40633.64,21.69,UPI,5.0,Yes,2025-06
ORD102200,2025-06-21,CUST10215,Tablet,Mobile,South,Partner,Rep_03,2,20765,0.08,38207.6,33232.22,4975.38,13.02,Cash,4.3,No,2025-06
ORD103672,2025-06-21,CUST10219,Laptop,Computers,Central,Online,Rep_15,4,74926,0.1,269733.6,224005.66,45727.94,16.95,Net Banking,4.1,No,2025-06
ORD103121,2025-06-21,CUST10665,Smartphone,Mobile,Central,Partner,Rep_02,5,60385,0.05,286828.75,235799.6,51029.15,17.79,Credit Card,4.2,No,2025-06
ORD103963,2025-06-21,CUST10201,Laptop,Computers,South,Retail Store,Rep_17,2,79128,0.02,155090.88,100427.37,54663.51,35.25,UPI,2.1,No,2025-06
ORD100899,2025-06-21,CUST10715,Laptop,Computers,North,Online,Rep_17,4,89146,0.08,328057.28,310639.28,17418.0,5.31,Credit Card,3.7,Yes,2025-06
ORD103570,2025-06-21,CUST10377,Webcam,Accessories,West,Online,Rep_17,1,2663,0.05,2529.85,1664.32,865.53,34.21,Net Banking,3.1,No,2025-06
ORD104031,2025-06-21,CUST10079,Mouse,Accessories,West,Retail Store,Rep_05,5,825,0.05,3918.75,3171.94,746.81,19.06,Credit Card,5.0,No,2025-06
ORD104274,2025-06-21,CUST10602,Monitor,Accessories,North,Partner,Rep_02,7,16483,0.15,98073.85,98142.85,-69.0,-0.07,Net Banking,4.9,No,2025-06
ORD101107,2025-06-21,CUST10625,Monitor,Accessories,North,Online,Rep_01,4,22272,0.1,80179.2,57173.78,23005.42,28.69,Net Banking,4.3,No,2025-06
ORD100859,2025-06-21,CUST10573,Keyboard,Accessories,South,Partner,Rep_06,8,3627,0.05,27565.2,23958.27,3606.93,13.09,Credit Card,5.0,No,2025-06
ORD102782,2025-06-22,CUST10382,Printer,Office,West,Online,Rep_09,6,11797,0.02,69366.36,46495.79,22870.57,32.97,UPI,4.9,No,2025-06
ORD104170,2025-06-22,CUST10257,Laptop,Computers,West,Partner,Rep_02,2,78065,0.15,132710.5,117771.27,14939.23,11.26,Net Banking,4.2,Yes,2025-06
ORD101341,2025-06-22,CUST10625,Smartphone,Mobile,West,Partner,Rep_17,3,59609,0.02,175250.46,118212.99,57037.47,32.55,UPI,4.0,No,2025-06
ORD101009,2025-06-22,CUST10078,Smartphone,Mobile,North,Online,Rep_15,2,34698,0.08,63844.32,47436.52,16407.8,25.7,UPI,4.6,No,2025-06
ORD104900,2025-06-22,CUST10686,Webcam,Accessories,West,Partner,Rep_15,8,8009,0.02,62790.56,42095.66,20694.9,32.96,UPI,4.9,No,2025-06
ORD104386,2025-06-22,CUST10158,Keyboard,Accessories,West,Online,Rep_02,7,4238,0.05,28182.7,19741.12,8441.58,29.95,Credit Card,4.4,No,2025-06
ORD103063,2025-06-22,CUST10448,Keyboard,Accessories,South,Partner,Rep_10,8,1933,0.05,14690.8,10551.45,4139.35,28.18,Debit Card,3.3,No,2025-06
ORD104210,2025-06-22,CUST10212,Laptop,Computers,South,Retail Store,Rep_07,6,90460,0.2,434208.0,396009.21,38198.79,8.8,Debit Card,4.3,No,2025-06
ORD100551,2025-06-22,CUST10010,Keyboard,Accessories,West,Partner,Rep_12,8,4405,0.08,32420.8,27115.23,5305.57,16.36,Credit Card,2.9,No,2025-06
ORD102707,2025-06-22,CUST10018,Smartphone,Mobile,Central,Online,Rep_12,5,54747,0.05,260048.25,224641.92,35406.33,13.62,UPI,3.9,No,2025-06
ORD101016,2025-06-23,CUST10197,Smartwatch,Wearables,North,Retail Store,Rep_07,5,20463,0.0,102315.0,84842.61,17472.39,17.08,Debit Card,3.4,No,2025-06
ORD101061,2025-06-23,CUST10529,Webcam,Accessories,South,Retail Store,Rep_16,1,7058,0.05,6705.1,4461.29,2243.81,33.46,Credit Card,5.0,No,2025-06
ORD104538,2025-06-23,CUST10675,Mouse,Accessories,North,Retail Store,Rep_01,2,590,0.02,1156.4,990.06,166.34,14.38,UPI,4.3,No,2025-06
ORD104363,2025-06-23,CUST10668,Headphones,Audio,South,Partner,Rep_08,2,9837,0.0,19674.0,16632.33,3041.67,15.46,Net Banking,3.2,No,2025-06
ORD102919,2025-06-23,CUST10493,Monitor,Accessories,Central,Retail Store,Rep_08,4,9995,0.1,35982.0,28467.84,7514.16,20.88,UPI,3.7,No,2025-06
ORD100681,2025-06-23,CUST10302,Printer,Office,South,Retail Store,Rep_12,3,23509,0.05,67000.65,48514.12,18486.53,27.59,Cash,4.0,No,2025-06
ORD103885,2025-06-24,CUST10193,Webcam,Accessories,East,Online,Rep_05,2,1754,0.0,3508.0,2266.59,1241.41,35.39,UPI,3.7,No,2025-06
ORD104740,2025-06-24,CUST10102,Mouse,Accessories,North,Retail Store,Rep_01,2,875,0.08,1610.0,1195.19,414.81,25.76,UPI,3.0,No,2025-06
ORD103961,2025-06-24,CUST10749,Keyboard,Accessories,East,Online,Rep_12,8,2341,0.05,17791.6,11680.9,6110.7,34.35,Credit Card,3.9,No,2025-06
ORD103652,2025-06-24,CUST10538,Monitor,Accessories,Central,Online,Rep_15,2,20478,0.08,37679.52,25933.27,11746.25,31.17,Debit Card,3.6,No,2025-06
ORD102972,2025-06-24,CUST10103,Smartphone,Mobile,West,Partner,Rep_17,8,13703,0.02,107431.52,83600.25,23831.27,22.18,UPI,3.0,No,2025-06
ORD103353,2025-06-24,CUST10738,Webcam,Accessories,South,Online,Rep_09,4,7486,0.15,25452.4,22366.44,3085.96,12.12,Net Banking,3.8,No,2025-06
ORD104964,2025-06-24,CUST10258,Headphones,Audio,South,Online,Rep_09,8,3054,0.05,23210.4,18192.8,5017.6,21.62,Net Banking,4.5,Yes,2025-06
ORD103247,2025-06-24,CUST10469,Monitor,Accessories,Central,Online,Rep_19,5,14015,0.0,70075.0,49037.84,21037.16,30.02,Credit Card,3.8,No,2025-06
ORD104930,2025-06-24,CUST10265,Webcam,Accessories,North,Online,Rep_15,1,6942,0.15,5900.7,4493.05,1407.65,23.86,Debit Card,3.7,No,2025-06
ORD103001,2025-06-24,CUST10460,Mouse,Accessories,North,Online,Rep_08,3,1709,0.15,4357.95,3346.32,1011.63,23.21,Credit Card,3.8,No,2025-06
ORD104473,2025-06-25,CUST10329,Smartphone,Mobile,North,Retail Store,Rep_16,6,19921,0.05,113549.7,78362.69,35187.01,30.99,Debit Card,4.4,No,2025-06
ORD104439,2025-06-25,CUST10136,Smartwatch,Wearables,West,Online,Rep_01,7,11839,0.02,81215.54,58482.38,22733.16,27.99,Net Banking,4.0,No,2025-06
ORD101734,2025-06-25,CUST10289,Monitor,Accessories,South,Partner,Rep_19,7,28432,0.0,199024.0,128665.66,70358.34,35.35,Debit Card,4.4,No,2025-06
ORD102117,2025-06-25,CUST10545,Monitor,Accessories,South,Online,Rep_20,3,10725,0.15,27348.75,24883.74,2465.01,9.01,Net Banking,3.5,No,2025-06
ORD100780,2025-06-25,CUST10167,Mouse,Accessories,North,Online,Rep_03,2,1486,0.15,2526.2,2542.24,-16.04,-0.63,Credit Card,4.0,No,2025-06
ORD101858,2025-06-25,CUST10490,Monitor,Accessories,East,Online,Rep_08,2,24545,0.05,46635.5,40785.81,5849.69,12.54,Cash,4.2,No,2025-06
ORD103627,2025-06-25,CUST10061,Laptop,Computers,South,Retail Store,Rep_13,3,70654,0.05,201363.9,139765.01,61598.89,30.59,UPI,4.4,No,2025-06
ORD103451,2025-06-25,CUST10095,Monitor,Accessories,West,Retail Store,Rep_18,2,24964,0.15,42438.8,40003.28,2435.52,5.74,Credit Card,3.3,No,2025-06
ORD102587,2025-06-25,CUST10590,Laptop,Computers,West,Partner,Rep_13,3,75778,0.05,215967.3,144611.52,71355.78,33.04,UPI,3.0,No,2025-06
ORD104649,2025-06-25,CUST10060,Webcam,Accessories,Central,Online,Rep_05,1,5795,0.02,5679.1,4097.57,1581.53,27.85,Net Banking,4.0,No,2025-06
ORD100821,2025-06-25,CUST10638,Printer,Office,North,Online,Rep_10,6,21192,0.0,127152.0,100471.18,26680.82,20.98,Debit Card,5.0,No,2025-06
ORD101429,2025-06-26,CUST10358,Mouse,Accessories,North,Online,Rep_14,3,1970,0.1,5319.0,4278.83,1040.17,19.56,UPI,4.7,No,2025-06
ORD101579,2025-06-26,CUST10737,Mouse,Accessories,North,Retail Store,Rep_18,1,1978,0.15,1681.3,1544.87,136.43,8.11,Debit Card,3.1,No,2025-06
ORD101711,2025-06-26,CUST10147,Smartphone,Mobile,North,Online,Rep_20,3,32502,0.02,95555.88,69893.16,25662.72,26.86,Net Banking,5.0,No,2025-06
ORD102087,2025-06-26,CUST10029,Laptop,Computers,West,Retail Store,Rep_11,8,75298,0.05,572264.8,446378.7,125886.1,22.0,Net Banking,2.4,No,2025-06
ORD100122,2025-06-26,CUST10399,Webcam,Accessories,West,Online,Rep_06,7,3186,0.1,20071.8,16877.26,3194.54,15.92,Credit Card,4.0,No,2025-06
ORD103631,2025-06-26,CUST10223,Headphones,Audio,Central,Online,Rep_09,3,3282,0.0,9846.0,8601.53,1244.47,12.64,Credit Card,3.5,No,2025-06
ORD100771,2025-06-27,CUST10205,Smartphone,Mobile,East,Retail Store,Rep_07,5,48316,0.02,236748.4,168054.47,68693.93,29.02,Credit Card,3.5,No,2025-06
ORD101962,2025-06-27,CUST10108,Monitor,Accessories,South,Online,Rep_09,2,15954,0.08,29355.36,20274.48,9080.88,30.93,Debit Card,3.6,No,2025-06
ORD102529,2025-06-27,CUST10385,Laptop,Computers,West,Online,Rep_18,1,71798,0.05,68208.1,55121.67,13086.43,19.19,Debit Card,3.4,No,2025-06
ORD103702,2025-06-27,CUST10383,Mouse,Accessories,West,Online,Rep_03,4,646,0.2,2067.2,1947.48,119.72,5.79,Credit Card,3.4,Yes,2025-06
ORD100467,2025-06-27,CUST10560,Smartphone,Mobile,South,Retail Store,Rep_01,7,48779,0.15,290235.05,287185.16,3049.89,1.05,Net Banking,2.5,No,2025-06
ORD104260,2025-06-27,CUST10650,Monitor,Accessories,North,Online,Rep_12,8,29140,0.02,228457.6,180317.92,48139.68,21.07,UPI,3.8,No,2025-06
ORD104990,2025-06-27,CUST10653,Headphones,Audio,West,Online,Rep_13,8,3876,0.1,27907.2,22166.71,5740.49,20.57,UPI,4.9,No,2025-06
ORD103481,2025-06-27,CUST10058,Smartphone,Mobile,South,Retail Store,Rep_08,2,51268,0.1,92282.4,87320.28,4962.12,5.38,Credit Card,4.2,No,2025-06
ORD102797,2025-06-27,CUST10516,Laptop,Computers,West,Online,Rep_18,2,104344,0.1,187819.2,156973.53,30845.67,16.42,UPI,4.5,No,2025-06
ORD104909,2025-06-27,CUST10039,Headphones,Audio,North,Retail Store,Rep_07,8,1426,0.15,9696.8,8478.56,1218.24,12.56,Debit Card,4.4,No,2025-06
ORD102455,2025-06-27,CUST10059,Keyboard,Accessories,South,Retail Store,Rep_20,5,1921,0.02,9412.9,8166.9,1246.0,13.24,Credit Card,4.1,No,2025-06
ORD100169,2025-06-27,CUST10565,Laptop,Computers,South,Retail Store,Rep_13,8,74774,0.05,568282.4,379670.06,188612.34,33.19,UPI,4.2,No,2025-06
ORD103714,2025-06-28,CUST10170,Mouse,Accessories,South,Online,Rep_19,1,1793,0.15,1524.05,1149.53,374.52,24.57,UPI,3.6,No,2025-06
ORD100486,2025-06-28,CUST10319,Webcam,Accessories,West,Online,Rep_20,3,5514,0.0,16542.0,10727.36,5814.64,35.15,Net Banking,4.4,No,2025-06
ORD101975,2025-06-28,CUST10417,Tablet,Mobile,North,Online,Rep_03,5,52329,0.08,240713.4,180591.55,60121.85,24.98,Debit Card,4.1,Yes,2025-06
ORD104172,2025-06-28,CUST10043,Smartwatch,Wearables,Central,Retail Store,Rep_02,3,8580,0.1,23166.0,16696.92,6469.08,27.92,Cash,2.8,No,2025-06
ORD102906,2025-06-28,CUST10176,Laptop,Computers,East,Retail Store,Rep_02,2,67791,0.15,115244.7,112130.63,3114.07,2.7,Credit Card,3.2,No,2025-06
ORD100441,2025-06-28,CUST10069,Laptop,Computers,South,Online,Rep_08,7,97406,0.08,627294.64,482190.84,145103.8,23.13,UPI,4.8,No,2025-06
ORD103575,2025-06-28,CUST10158,Webcam,Accessories,South,Retail Store,Rep_15,2,6014,0.2,9622.4,9182.6,439.8,4.57,UPI,5.0,No,2025-06
ORD100616,2025-06-28,CUST10139,Smartwatch,Wearables,West,Online,Rep_18,6,17050,0.0,102300.0,74445.45,27854.55,27.23,Debit Card,4.2,No,2025-06
ORD100103,2025-06-29,CUST10496,Tablet,Mobile,Central,Online,Rep_07,6,17123,0.05,97601.1,64628.5,32972.6,33.78,Debit Card,3.7,No,2025-06
ORD103318,2025-06-29,CUST10197,Laptop,Computers,East,Online,Rep_07,7,83960,0.08,540702.4,495841.2,44861.2,8.3,UPI,3.9,No,2025-06
ORD102290,2025-06-29,CUST10270,Smartphone,Mobile,West,Online,Rep_03,4,23596,0.02,92496.32,78814.04,13682.28,14.79,Credit Card,5.0,Yes,2025-06
ORD104794,2025-06-29,CUST10023,Tablet,Mobile,South,Retail Store,Rep_06,2,20078,0.05,38148.2,33999.55,4148.65,10.88,UPI,3.6,No,2025-06
ORD104569,2025-06-29,CUST10168,Smartphone,Mobile,South,Partner,Rep_13,3,50191,0.05,143044.35,109644.22,33400.13,23.35,UPI,3.7,No,2025-06
ORD104010,2025-06-29,CUST10690,Laptop,Computers,East,Retail Store,Rep_16,3,90506,0.08,249796.56,193445.26,56351.3,22.56,UPI,4.3,No,2025-06
ORD103421,2025-06-29,CUST10548,Headphones,Audio,Central,Partner,Rep_04,3,11769,0.08,32482.44,28687.9,3794.54,11.68,UPI,3.2,No,2025-06
ORD100528,2025-06-29,CUST10556,Smartphone,Mobile,Central,Online,Rep_05,5,61593,0.15,261770.25,211785.92,49984.33,19.09,Net Banking,3.3,No,2025-06
ORD104697,2025-06-29,CUST10079,Monitor,Accessories,West,Partner,Rep_02,6,24363,0.08,134483.76,104433.53,30050.23,22.34,Credit Card,1.9,No,2025-06
ORD104158,2025-06-29,CUST10357,Printer,Office,South,Online,Rep_07,1,25386,0.02,24878.28,21900.22,2978.06,11.97,Debit Card,4.2,No,2025-06
ORD104224,2025-06-29,CUST10296,Printer,Office,North,Online,Rep_08,3,13744,0.05,39170.4,31792.24,7378.16,18.84,UPI,4.0,No,2025-06
ORD101441,2025-06-29,CUST10021,Smartwatch,Wearables,North,Online,Rep_14,7,15687,0.1,98828.1,94147.06,4681.04,4.74,Debit Card,4.0,No,2025-06
ORD100099,2025-06-29,CUST10665,Laptop,Computers,West,Partner,Rep_11,5,53457,0.0,267285.0,175706.03,91578.97,34.26,Credit Card,3.6,No,2025-06
ORD103245,2025-06-29,CUST10052,Headphones,Audio,East,Online,Rep_20,7,10263,0.05,68248.95,47828.09,20420.86,29.92,Credit Card,4.2,No,2025-06
ORD104605,2025-06-30,CUST10104,Headphones,Audio,Central,Partner,Rep_19,5,4095,0.1,18427.5,12840.17,5587.33,30.32,Cash,4.1,No,2025-06
ORD104642,2025-06-30,CUST10327,Tablet,Mobile,Central,Online,Rep_09,2,17049,0.05,32393.1,28384.78,4008.32,12.37,UPI,5.0,No,2025-06
ORD100599,2025-06-30,CUST10317,Smartphone,Mobile,West,Retail Store,Rep_10,8,29013,0.05,220498.8,200122.56,20376.24,9.24,Debit Card,4.3,No,2025-06
ORD104695,2025-06-30,CUST10715,Monitor,Accessories,North,Partner,Rep_13,8,23747,0.0,189976.0,123323.63,66652.37,35.08,Credit Card,4.5,No,2025-06
ORD103759,2025-06-30,CUST10154,Monitor,Accessories,North,Retail Store,Rep_17,4,8974,0.15,30511.6,28170.36,2341.24,7.67,Debit Card,4.5,No,2025-06
ORD100804,2025-06-30,CUST10227,Mouse,Accessories,Central,Online,Rep_03,1,520,0.08,478.4,449.84,28.56,5.97,UPI,4.6,No,2025-06
ORD100800,2025-06-30,CUST10715,Smartwatch,Wearables,Central,Retail Store,Rep_06,2,9816,0.2,15705.6,13504.67,2200.93,14.01,Cash,3.9,No,2025-06
ORD101518,2025-06-30,CUST10399,Webcam,Accessories,North,Partner,Rep_05,3,3279,0.02,9640.26,7719.05,1921.21,19.93,Net Banking,4.2,No,2025-06
ORD102484,2025-06-30,CUST10215,Smartphone,Mobile,Central,Online,Rep_09,8,57242,0.0,457936.0,296607.63,161328.37,35.23,Debit Card,4.6,No,2025-06
ORD103347,2025-06-30,CUST10021,Smartphone,Mobile,East,Retail Store,Rep_17,1,19361,0.05,18392.95,15880.93,2512.02,13.66,Credit Card,3.8,No,2025-06
ORD101589,2025-06-30,CUST10649,Monitor,Accessories,West,Partner,Rep_07,4,9559,0.15,32500.6,27898.72,4601.88,14.16,Net Banking,3.9,No,2025-06
ORD103539,2025-06-30,CUST10207,Mouse,Accessories,South,Partner,Rep_03,5,655,0.0,3275.0,2433.08,841.92,25.71,UPI,3.9,No,2025-06
ORD100209,2025-06-30,CUST10129,Laptop,Computers,East,Retail Store,Rep_11,3,45479,0.08,125522.04,99391.78,26130.26,20.82,Credit Card,3.2,No,2025-06
ORD101201,2025-07-01,CUST10722,Headphones,Audio,North,Online,Rep_07,6,2644,0.1,14277.6,11605.24,2672.36,18.72,UPI,5.0,No,2025-07
ORD101534,2025-07-01,CUST10745,Smartphone,Mobile,East,Online,Rep_04,7,61977,0.0,433839.0,315391.96,118447.04,27.3,Cash,4.4,No,2025-07
ORD101181,2025-07-01,CUST10147,Smartwatch,Wearables,West,Retail Store,Rep_03,4,13779,0.15,46848.6,44967.57,1881.03,4.02,Credit Card,3.5,No,2025-07
ORD100615,2025-07-01,CUST10700,Webcam,Accessories,Central,Online,Rep_19,3,4037,0.08,11142.12,8856.98,2285.14,20.51,Net Banking,3.7,Yes,2025-07
ORD100144,2025-07-01,CUST10639,Tablet,Mobile,West,Partner,Rep_20,7,16310,0.02,111886.6,85600.33,26286.27,23.49,UPI,3.7,No,2025-07
ORD103460,2025-07-01,CUST10204,Mouse,Accessories,East,Online,Rep_05,6,714,0.2,3427.2,2901.35,525.85,15.34,UPI,3.8,Yes,2025-07
ORD100219,2025-07-01,CUST10560,Mouse,Accessories,North,Online,Rep_13,2,1694,0.05,3218.6,2228.63,989.97,30.76,Debit Card,3.8,No,2025-07
ORD102205,2025-07-02,CUST10037,Headphones,Audio,South,Partner,Rep_10,8,2226,0.08,16383.36,11519.13,4864.23,29.69,Credit Card,3.9,No,2025-07
ORD102890,2025-07-02,CUST10026,Printer,Office,North,Retail Store,Rep_03,3,17601,0.05,50162.85,41514.56,8648.29,17.24,UPI,3.7,No,2025-07
ORD104079,2025-07-02,CUST10585,Headphones,Audio,Central,Retail Store,Rep_01,6,4132,0.08,22808.64,17927.25,4881.39,21.4,Net Banking,4.8,No,2025-07
ORD102552,2025-07-02,CUST10615,Smartphone,Mobile,North,Online,Rep_17,6,48950,0.05,279015.0,228837.81,50177.19,17.98,Debit Card,3.1,No,2025-07
ORD101370,2025-07-02,CUST10664,Smartphone,Mobile,West,Partner,Rep_07,2,61591,0.1,110863.8,101653.0,9210.8,8.31,Credit Card,4.1,No,2025-07
ORD102722,2025-07-03,CUST10345,Headphones,Audio,West,Online,Rep_19,7,5710,0.0,39970.0,34286.14,5683.86,14.22,Net Banking,4.2,No,2025-07
ORD103465,2025-07-03,CUST10498,Smartphone,Mobile,South,Online,Rep_13,6,36709,0.1,198228.6,184679.71,13548.89,6.83,UPI,3.8,No,2025-07
ORD101749,2025-07-03,CUST10530,Headphones,Audio,West,Online,Rep_20,4,10386,0.02,40713.12,30318.96,10394.16,25.53,UPI,1.8,No,2025-07
ORD103432,2025-07-03,CUST10251,Smartwatch,Wearables,North,Online,Rep_16,4,22679,0.08,83458.72,61698.38,21760.34,26.07,Debit Card,3.6,No,2025-07
ORD100556,2025-07-03,CUST10516,Monitor,Accessories,East,Online,Rep_17,6,11351,0.1,61295.4,43438.55,17856.85,29.13,UPI,4.3,No,2025-07
ORD100368,2025-07-03,CUST10529,Webcam,Accessories,West,Retail Store,Rep_10,8,1628,0.0,13024.0,8779.19,4244.81,32.59,UPI,5.0,No,2025-07
ORD102569,2025-07-03,CUST10070,Printer,Office,South,Retail Store,Rep_10,1,21304,0.02,20877.92,17545.43,3332.49,15.96,Credit Card,2.8,No,2025-07
ORD104589,2025-07-04,CUST10188,Mouse,Accessories,West,Online,Rep_10,6,785,0.08,4333.2,4122.63,210.57,4.86,Debit Card,4.3,No,2025-07
ORD103728,2025-07-04,CUST10034,Laptop,Computers,West,Online,Rep_19,3,70275,0.05,200283.75,158584.03,41699.72,20.82,Credit Card,4.3,Yes,2025-07
ORD104003,2025-07-05,CUST10062,Headphones,Audio,East,Partner,Rep_10,1,11744,0.02,11509.12,8132.48,3376.64,29.34,Debit Card,4.8,No,2025-07
ORD102313,2025-07-05,CUST10677,Monitor,Accessories,North,Online,Rep_05,6,19511,0.08,107700.72,89488.39,18212.33,16.91,Cash,4.1,No,2025-07
ORD102574,2025-07-05,CUST10378,Monitor,Accessories,West,Online,Rep_15,2,25260,0.05,47994.0,42518.02,5475.98,11.41,Debit Card,4.2,No,2025-07
ORD101724,2025-07-05,CUST10253,Laptop,Computers,West,Online,Rep_09,4,102121,0.02,400314.32,278180.74,122133.58,30.51,Credit Card,4.3,Yes,2025-07
ORD100986,2025-07-05,CUST10610,Monitor,Accessories,West,Online,Rep_17,3,28991,0.08,80015.16,74937.52,5077.64,6.35,Credit Card,4.2,No,2025-07
ORD100125,2025-07-05,CUST10578,Smartphone,Mobile,North,Online,Rep_04,5,40434,0.15,171844.5,174851.45,-3006.95,-1.75,Debit Card,3.2,No,2025-07
ORD104853,2025-07-05,CUST10021,Headphones,Audio,South,Retail Store,Rep_10,2,9297,0.15,15804.9,12313.42,3491.48,22.09,UPI,4.0,No,2025-07
ORD100968,2025-07-05,CUST10748,Tablet,Mobile,Central,Retail Store,Rep_01,5,15744,0.1,70848.0,68863.0,1985.0,2.8,Debit Card,3.3,No,2025-07
ORD101136,2025-07-05,CUST10532,Laptop,Computers,East,Partner,Rep_19,5,45815,0.08,210749.0,149394.29,61354.71,29.11,Debit Card,3.1,No,2025-07
ORD102024,2025-07-05,CUST10023,Laptop,Computers,North,Online,Rep_01,5,89666,0.0,448330.0,388665.21,59664.79,13.31,Credit Card,3.6,No,2025-07
ORD103605,2025-07-05,CUST10260,Smartphone,Mobile,South,Online,Rep_04,8,43229,0.08,318165.44,270587.38,47578.06,14.95,Net Banking,3.7,Yes,2025-07
ORD102402,2025-07-06,CUST10385,Laptop,Computers,South,Online,Rep_08,6,74752,0.1,403660.8,391143.23,12517.57,3.1,Credit Card,3.2,No,2025-07
ORD103872,2025-07-06,CUST10329,Smartphone,Mobile,North,Retail Store,Rep_17,1,33670,0.0,33670.0,27898.52,5771.48,17.14,Credit Card,3.3,No,2025-07
ORD100607,2025-07-06,CUST10089,Smartphone,Mobile,East,Online,Rep_18,5,24534,0.08,112856.4,106987.37,5869.03,5.2,Debit Card,3.9,No,2025-07
ORD103339,2025-07-06,CUST10398,Keyboard,Accessories,North,Online,Rep_16,6,2698,0.05,15378.6,11934.3,3444.3,22.4,Credit Card,3.9,No,2025-07
ORD102383,2025-07-06,CUST10068,Webcam,Accessories,West,Retail Store,Rep_18,7,4719,0.05,31381.35,24161.4,7219.95,23.01,Debit Card,3.0,No,2025-07
ORD103695,2025-07-06,CUST10294,Tablet,Mobile,East,Online,Rep_14,1,38375,0.1,34537.5,26679.67,7857.83,22.75,UPI,3.6,No,2025-07
ORD101193,2025-07-06,CUST10502,Tablet,Mobile,West,Online,Rep_11,5,53558,0.05,254400.5,166867.9,87532.6,34.41,UPI,3.4,No,2025-07
ORD101807,2025-07-06,CUST10512,Mouse,Accessories,Central,Partner,Rep_07,4,748,0.1,2692.8,2255.88,436.92,16.23,UPI,4.7,No,2025-07
ORD102230,2025-07-06,CUST10469,Tablet,Mobile,North,Partner,Rep_16,3,37307,0.15,95132.85,95907.21,-774.36,-0.81,Debit Card,3.7,No,2025-07
ORD103336,2025-07-06,CUST10112,Headphones,Audio,South,Retail Store,Rep_18,4,6424,0.0,25696.0,18832.27,6863.73,26.71,Net Banking,3.4,No,2025-07
ORD100815,2025-07-07,CUST10541,Webcam,Accessories,North,Retail Store,Rep_20,8,2643,0.15,17972.4,16896.98,1075.42,5.98,UPI,4.1,No,2025-07
ORD100919,2025-07-07,CUST10044,Headphones,Audio,South,Online,Rep_02,1,10814,0.0,10814.0,8775.79,2038.21,18.85,Credit Card,4.1,Yes,2025-07
ORD102893,2025-07-07,CUST10712,Headphones,Audio,Central,Retail Store,Rep_20,6,4241,0.15,21629.1,16330.37,5298.73,24.5,Debit Card,3.3,No,2025-07
ORD100160,2025-07-07,CUST10445,Headphones,Audio,East,Online,Rep_14,2,3063,0.1,5513.4,3891.86,1621.54,29.41,Credit Card,4.9,No,2025-07
ORD100788,2025-07-07,CUST10441,Monitor,Accessories,South,Partner,Rep_03,3,8331,0.05,23743.35,21908.2,1835.15,7.73,Credit Card,4.0,No,2025-07
ORD102929,2025-07-07,CUST10081,Headphones,Audio,North,Online,Rep_08,6,10552,0.02,62045.76,43779.24,18266.52,29.44,Cash,4.2,No,2025-07
ORD101899,2025-07-07,CUST10485,Tablet,Mobile,West,Retail Store,Rep_10,8,23606,0.08,173740.16,126907.23,46832.93,26.96,Credit Card,3.2,No,2025-07
ORD104809,2025-07-07,CUST10291,Smartphone,Mobile,South,Online,Rep_15,7,47654,0.05,316899.1,273156.31,43742.79,13.8,Net Banking,4.2,No,2025-07
ORD100647,2025-07-07,CUST10027,Keyboard,Accessories,West,Retail Store,Rep_12,5,2860,0.05,13585.0,9897.26,3687.74,27.15,Credit Card,3.9,No,2025-07
ORD103943,2025-07-07,CUST10302,Laptop,Computers,East,Retail Store,Rep_07,1,91613,0.0,91613.0,59220.41,32392.59,35.36,Credit Card,4.4,No,2025-07
ORD102344,2025-07-08,CUST10372,Tablet,Mobile,West,Retail Store,Rep_08,2,43202,0.0,86404.0,57731.26,28672.74,33.18,UPI,2.7,No,2025-07
ORD100649,2025-07-08,CUST10723,Headphones,Audio,Central,Online,Rep_09,5,11175,0.05,53081.25,45280.52,7800.73,14.7,UPI,2.3,No,2025-07
ORD100187,2025-07-08,CUST10455,Printer,Office,East,Retail Store,Rep_14,1,8832,0.1,7948.8,7014.58,934.22,11.75,Credit Card,3.6,No,2025-07
ORD102910,2025-07-08,CUST10439,Tablet,Mobile,East,Retail Store,Rep_01,4,21161,0.08,77872.48,71947.21,5925.27,7.61,UPI,3.6,No,2025-07
ORD100601,2025-07-08,CUST10125,Smartphone,Mobile,South,Online,Rep_15,4,18538,0.08,68219.84,57431.58,10788.26,15.81,UPI,4.7,Yes,2025-07
ORD102515,2025-07-08,CUST10503,Mouse,Accessories,West,Online,Rep_13,2,1707,0.2,2731.2,2413.44,317.76,11.63,Credit Card,2.7,No,2025-07
ORD102583,2025-07-08,CUST10436,Monitor,Accessories,Central,Online,Rep_05,3,19819,0.1,53511.3,47543.45,5967.85,11.15,UPI,4.4,No,2025-07
ORD103483,2025-07-09,CUST10198,Smartphone,Mobile,South,Online,Rep_10,1,29135,0.0,29135.0,23811.51,5323.49,18.27,Credit Card,3.3,No,2025-07
ORD103132,2025-07-09,CUST10141,Printer,Office,South,Partner,Rep_09,3,15220,0.05,43377.0,36919.8,6457.2,14.89,Net Banking,3.6,No,2025-07
ORD101314,2025-07-09,CUST10086,Printer,Office,South,Partner,Rep_07,7,15142,0.08,97514.48,84141.66,13372.82,13.71,UPI,3.8,No,2025-07
ORD101350,2025-07-10,CUST10077,Laptop,Computers,Central,Online,Rep_02,5,47792,0.02,234180.8,175150.72,59030.08,25.21,Net Banking,3.4,No,2025-07
ORD103334,2025-07-10,CUST10427,Smartphone,Mobile,West,Online,Rep_11,4,41198,0.05,156552.4,122281.73,34270.67,21.89,Net Banking,4.3,No,2025-07
ORD101874,2025-07-10,CUST10071,Printer,Office,South,Online,Rep_10,4,8613,0.1,31006.8,29997.23,1009.57,3.26,Debit Card,3.4,No,2025-07
ORD104810,2025-07-10,CUST10639,Printer,Office,North,Online,Rep_04,4,18607,0.08,68473.76,54187.91,14285.85,20.86,Debit Card,3.9,No,2025-07
ORD102988,2025-07-10,CUST10017,Monitor,Accessories,South,Online,Rep_15,6,23389,0.08,129107.28,99622.49,29484.79,22.84,Net Banking,3.0,No,2025-07
ORD102154,2025-07-10,CUST10367,Printer,Office,North,Partner,Rep_02,4,24645,0.15,83793.0,66635.26,17157.74,20.48,UPI,3.6,No,2025-07
ORD103164,2025-07-10,CUST10110,Monitor,Accessories,South,Online,Rep_10,3,17650,0.2,42360.0,37053.2,5306.8,12.53,UPI,3.5,No,2025-07
ORD102225,2025-07-11,CUST10184,Laptop,Computers,North,Partner,Rep_15,6,49616,0.05,282811.2,200486.71,82324.49,29.11,Credit Card,3.6,No,2025-07
ORD102303,2025-07-11,CUST10128,Keyboard,Accessories,East,Online,Rep_06,3,3253,0.05,9271.05,6196.39,3074.66,33.16,Debit Card,4.6,No,2025-07
ORD101549,2025-07-11,CUST10337,Laptop,Computers,West,Online,Rep_03,6,108159,0.08,597037.68,530208.39,66829.29,11.19,UPI,4.3,No,2025-07
ORD100012,2025-07-11,CUST10589,Smartwatch,Wearables,West,Online,Rep_15,1,19082,0.05,18127.9,16612.02,1515.88,8.36,UPI,4.2,No,2025-07
ORD102725,2025-07-11,CUST10253,Monitor,Accessories,West,Retail Store,Rep_19,2,23848,0.08,43880.32,37672.05,6208.27,14.15,Debit Card,3.9,No,2025-07
ORD103571,2025-07-11,CUST10341,Tablet,Mobile,West,Online,Rep_05,5,17925,0.05,85143.75,56061.14,29082.61,34.16,Credit Card,5.0,Yes,2025-07
ORD101845,2025-07-11,CUST10235,Smartwatch,Wearables,East,Partner,Rep_03,1,11795,0.05,11205.25,7793.81,3411.44,30.45,Debit Card,4.4,No,2025-07
ORD103222,2025-07-11,CUST10609,Smartphone,Mobile,South,Retail Store,Rep_12,2,59529,0.08,109533.36,102945.58,6587.78,6.01,Debit Card,4.9,No,2025-07
ORD101021,2025-07-11,CUST10487,Mouse,Accessories,West,Retail Store,Rep_06,3,1229,0.1,3318.3,3110.6,207.7,6.26,UPI,4.8,No,2025-07
ORD101449,2025-07-11,CUST10088,Smartwatch,Wearables,West,Online,Rep_16,3,20901,0.05,59567.85,43924.19,15643.66,26.26,Credit Card,3.0,No,2025-07
ORD104421,2025-07-12,CUST10455,Laptop,Computers,South,Online,Rep_13,7,100644,0.15,598831.8,615575.25,-16743.45,-2.8,Net Banking,4.0,No,2025-07
ORD100319,2025-07-12,CUST10331,Smartphone,Mobile,Central,Online,Rep_16,4,34539,0.05,131248.2,95160.02,36088.18,27.5,Debit Card,4.3,No,2025-07
ORD101738,2025-07-12,CUST10022,Smartphone,Mobile,North,Online,Rep_07,5,53230,0.0,266150.0,181819.75,84330.25,31.69,Cash,4.0,No,2025-07
ORD101655,2025-07-12,CUST10305,Laptop,Computers,Central,Retail Store,Rep_02,1,109729,0.08,100950.68,82033.45,18917.23,18.74,UPI,4.2,No,2025-07
ORD103792,2025-07-12,CUST10124,Laptop,Computers,South,Partner,Rep_19,1,58149,0.1,52334.1,41484.7,10849.4,20.73,Net Banking,4.5,No,2025-07
ORD104840,2025-07-12,CUST10380,Smartphone,Mobile,West,Partner,Rep_01,5,21806,0.08,100307.6,81388.43,18919.17,18.86,Net Banking,3.1,No,2025-07
ORD100356,2025-07-12,CUST10573,Mouse,Accessories,East,Partner,Rep_18,5,2005,0.05,9523.75,8547.36,976.39,10.25,Credit Card,4.6,No,2025-07
ORD104884,2025-07-12,CUST10592,Smartphone,Mobile,East,Retail Store,Rep_20,1,45324,0.08,41698.08,32214.75,9483.33,22.74,Credit Card,4.7,No,2025-07
ORD102226,2025-07-13,CUST10293,Monitor,Accessories,South,Retail Store,Rep_19,8,17867,0.08,131501.12,99740.62,31760.5,24.15,Debit Card,4.8,No,2025-07
ORD100124,2025-07-13,CUST10262,Smartphone,Mobile,West,Partner,Rep_16,5,43444,0.05,206359.0,149829.18,56529.82,27.39,UPI,4.5,No,2025-07
ORD104915,2025-07-13,CUST10359,Smartphone,Mobile,Central,Online,Rep_04,4,44054,0.05,167405.2,128351.13,39054.07,23.33,Net Banking,4.9,No,2025-07
ORD100451,2025-07-13,CUST10683,Headphones,Audio,East,Partner,Rep_09,3,3129,0.15,7978.95,6225.55,1753.4,21.98,Cash,4.0,No,2025-07
ORD103171,2025-07-13,CUST10316,Mouse,Accessories,West,Retail Store,Rep_04,6,1136,0.1,6134.4,5465.85,668.55,10.9,Net Banking,5.0,No,2025-07
ORD103083,2025-07-14,CUST10070,Smartphone,Mobile,North,Retail Store,Rep_05,7,60201,0.15,358195.95,312808.61,45387.34,12.67,UPI,3.6,No,2025-07
ORD102526,2025-07-14,CUST10379,Smartphone,Mobile,West,Online,Rep_16,1,61302,0.1,55171.8,47020.43,8151.37,14.77,UPI,4.5,No,2025-07
ORD102843,2025-07-14,CUST10126,Webcam,Accessories,West,Online,Rep_08,8,7387,0.0,59096.0,36676.61,22419.39,37.94,Cash,3.9,No,2025-07
ORD104968,2025-07-14,CUST10746,Headphones,Audio,Central,Partner,Rep_18,2,6540,0.15,11118.0,9344.99,1773.01,15.95,UPI,2.9,No,2025-07
ORD101427,2025-07-14,CUST10302,Laptop,Computers,West,Retail Store,Rep_05,8,90245,0.2,577568.0,612030.4,-34462.4,-5.97,UPI,4.5,No,2025-07
ORD101028,2025-07-14,CUST10458,Printer,Office,South,Online,Rep_02,8,17564,0.0,140512.0,104736.56,35775.44,25.46,Net Banking,4.2,No,2025-07
ORD101635,2025-07-15,CUST10043,Smartwatch,Wearables,West,Online,Rep_08,8,4353,0.0,34824.0,29105.44,5718.56,16.42,Credit Card,3.7,No,2025-07
ORD100397,2025-07-15,CUST10057,Printer,Office,Central,Online,Rep_07,8,17570,0.05,133532.0,112207.93,21324.07,15.97,Cash,4.4,No,2025-07
ORD104256,2025-07-15,CUST10662,Mouse,Accessories,North,Online,Rep_10,6,1165,0.0,6990.0,5829.27,1160.73,16.61,Debit Card,4.7,Yes,2025-07
ORD103596,2025-07-15,CUST10541,Mouse,Accessories,South,Retail Store,Rep_17,4,718,0.05,2728.4,2000.06,728.34,26.69,Credit Card,4.5,No,2025-07
ORD102158,2025-07-15,CUST10043,Tablet,Mobile,North,Partner,Rep_01,2,48876,0.08,89931.84,83605.55,6326.29,7.03,UPI,4.1,No,2025-07
ORD104116,2025-07-15,CUST10028,Tablet,Mobile,West,Online,Rep_15,1,18275,0.15,15533.75,15903.54,-369.79,-2.38,UPI,4.9,No,2025-07
ORD103240,2025-07-15,CUST10667,Keyboard,Accessories,North,Online,Rep_16,1,2788,0.1,2509.2,1989.2,520.0,20.72,Debit Card,3.8,No,2025-07
ORD100475,2025-07-15,CUST10010,Keyboard,Accessories,Central,Retail Store,Rep_15,8,1227,0.05,9325.2,6311.9,3013.3,32.31,UPI,4.4,Yes,2025-07
ORD104462,2025-07-15,CUST10476,Keyboard,Accessories,East,Retail Store,Rep_04,2,3239,0.08,5959.76,4451.93,1507.83,25.3,Credit Card,3.8,No,2025-07
ORD104874,2025-07-15,CUST10317,Smartphone,Mobile,South,Partner,Rep_08,6,27505,0.0,165030.0,117544.64,47485.36,28.77,Net Banking,4.8,No,2025-07
ORD103175,2025-07-15,CUST10514,Laptop,Computers,Central,Online,Rep_02,3,83343,0.05,237527.55,195059.94,42467.61,17.88,Credit Card,5.0,No,2025-07
ORD100399,2025-07-15,CUST10508,Headphones,Audio,Central,Online,Rep_15,7,3594,0.02,24654.84,17553.55,7101.29,28.8,Debit Card,3.1,No,2025-07
ORD103763,2025-07-16,CUST10567,Keyboard,Accessories,North,Online,Rep_03,8,3533,0.2,22611.2,22604.97,6.23,0.03,Net Banking,4.9,No,2025-07
ORD101416,2025-07-16,CUST10293,Smartwatch,Wearables,West,Online,Rep_12,2,4803,0.02,9413.88,6404.59,3009.29,31.97,Net Banking,5.0,No,2025-07
ORD101325,2025-07-16,CUST10486,Smartwatch,Wearables,East,Retail Store,Rep_03,4,8053,0.05,30601.4,20621.11,9980.29,32.61,Net Banking,3.7,No,2025-07
ORD100044,2025-07-16,CUST10610,Webcam,Accessories,West,Retail Store,Rep_16,8,3323,0.08,24457.28,19434.13,5023.15,20.54,Credit Card,2.8,No,2025-07
ORD100201,2025-07-16,CUST10265,Mouse,Accessories,East,Online,Rep_01,5,1226,0.05,5823.5,4814.0,1009.5,17.33,Credit Card,4.9,Yes,2025-07
ORD103154,2025-07-16,CUST10398,Monitor,Accessories,East,Online,Rep_11,2,26763,0.08,49243.92,42163.38,7080.54,14.38,Debit Card,5.0,No,2025-07
ORD102645,2025-07-16,CUST10220,Laptop,Computers,West,Online,Rep_04,4,59232,0.05,225081.6,179917.79,45163.81,20.07,UPI,4.2,No,2025-07
ORD102787,2025-07-16,CUST10117,Smartwatch,Wearables,North,Online,Rep_18,4,20619,0.05,65980.8,53127.32,12853.48,19.48,UPI,3.5,No,2025-07
ORD102412,2025-07-17,CUST10065,Smartphone,Mobile,Central,Online,Rep_04,4,14421,0.0,57684.0,47253.71,10430.29,18.08,Debit Card,3.6,No,2025-07
ORD101041,2025-07-17,CUST10744,Keyboard,Accessories,West,Retail Store,Rep_18,3,3644,0.2,8745.6,6803.36,1942.24,22.21,Debit Card,3.5,No,2025-07
ORD100918,2025-07-17,CUST10427,Smartwatch,Wearables,North,Partner,Rep_20,7,24458,0.02,167781.88,120237.9,47543.98,28.34,Net Banking,4.0,No,2025-07
ORD104048,2025-07-17,CUST10700,Keyboard,Accessories,South,Online,Rep_01,6,1749,0.08,9654.48,8833.61,820.87,8.5,Credit Card,3.8,No,2025-07
ORD101757,2025-07-17,CUST10379,Smartwatch,Wearables,East,Online,Rep_10,1,17297,0.05,16432.15,12014.04,4418.11,26.89,UPI,5.0,No,2025-07
ORD100370,2025-07-17,CUST10451,Laptop,Computers,South,Online,Rep_04,2,55628,0.0,111256.0,73631.32,37624.68,33.82,Cash,4.2,No,2025-07
ORD101174,2025-07-17,CUST10249,Smartphone,Mobile,South,Online,Rep_10,4,47618,0.05,180948.4,123279.93,57668.47,31.87,Credit Card,3.6,No,2025-07
ORD100254,2025-07-18,CUST10723,Tablet,Mobile,East,Retail Store,Rep_13,8,25547,0.1,183938.4,128533.04,55405.36,30.12,Cash,3.1,No,2025-07
ORD101388,2025-07-18,CUST10220,Smartphone,Mobile,East,Retail Store,Rep_15,2,60105,0.0,120210.0,87289.27,32920.73,27.39,UPI,3.3,No,2025-07
ORD102097,2025-07-18,CUST10419,Keyboard,Accessories,East,Retail Store,Rep_05,6,3929,0.08,21688.08,16736.22,4951.86,22.83,Credit Card,3.6,No,2025-07
ORD104750,2025-07-18,CUST10558,Printer,Office,North,Online,Rep_12,3,15382,0.08,42454.32,36670.53,5783.79,13.62,UPI,3.6,No,2025-07
ORD104028,2025-07-18,CUST10061,Smartphone,Mobile,South,Online,Rep_20,1,14902,0.0,14902.0,11128.18,3773.82,25.32,Cash,4.7,No,2025-07
ORD102356,2025-07-18,CUST10296,Smartphone,Mobile,South,Retail Store,Rep_03,8,47893,0.05,363986.8,295813.93,68172.87,18.73,Net Banking,4.4,No,2025-07
ORD100684,2025-07-18,CUST10230,Mouse,Accessories,West,Online,Rep_16,6,2439,0.1,13170.6,11228.18,1942.42,14.75,UPI,3.4,No,2025-07
ORD100687,2025-07-19,CUST10659,Keyboard,Accessories,North,Retail Store,Rep_04,2,4011,0.05,7620.9,5281.49,2339.41,30.7,UPI,5.0,No,2025-07
ORD100439,2025-07-19,CUST10156,Headphones,Audio,West,Online,Rep_17,7,4484,0.15,26679.8,21530.44,5149.36,19.3,Net Banking,2.9,No,2025-07
ORD103194,2025-07-19,CUST10513,Tablet,Mobile,West,Retail Store,Rep_11,8,31062,0.1,223646.4,182553.63,41092.77,18.37,Debit Card,3.9,No,2025-07
ORD100213,2025-07-19,CUST10598,Mouse,Accessories,South,Retail Store,Rep_04,7,1832,0.1,11541.6,10448.27,1093.33,9.47,Net Banking,3.1,No,2025-07
ORD101595,2025-07-19,CUST10670,Headphones,Audio,West,Online,Rep_14,4,4560,0.2,14592.0,11462.77,3129.23,21.44,UPI,4.7,Yes,2025-07
ORD104123,2025-07-19,CUST10663,Mouse,Accessories,West,Online,Rep_19,2,550,0.0,1100.0,891.15,208.85,18.99,Credit Card,4.5,No,2025-07
ORD102826,2025-07-19,CUST10610,Printer,Office,East,Online,Rep_11,3,21117,0.1,57015.9,44429.85,12586.05,22.07,Net Banking,5.0,No,2025-07
ORD103945,2025-07-19,CUST10217,Laptop,Computers,South,Retail Store,Rep_15,7,100366,0.02,688510.76,453602.61,234908.15,34.12,Net Banking,4.2,No,2025-07
ORD101099,2025-07-19,CUST10428,Headphones,Audio,North,Online,Rep_12,1,6505,0.0,6505.0,4405.83,2099.17,32.27,Credit Card,3.4,No,2025-07
ORD102652,2025-07-19,CUST10682,Tablet,Mobile,North,Partner,Rep_04,1,18823,0.05,17881.85,12433.4,5448.45,30.47,Credit Card,4.4,No,2025-07
ORD101861,2025-07-20,CUST10632,Headphones,Audio,South,Online,Rep_12,7,4602,0.08,29636.88,20549.38,9087.5,30.66,Cash,4.0,No,2025-07
ORD101965,2025-07-20,CUST10510,Keyboard,Accessories,West,Partner,Rep_15,7,4207,0.0,29449.0,25850.1,3598.9,12.22,UPI,4.0,No,2025-07
ORD100374,2025-07-20,CUST10590,Mouse,Accessories,South,Partner,Rep_03,6,2052,0.08,11327.04,7911.53,3415.51,30.15,UPI,3.8,No,2025-07
ORD104391,2025-07-20,CUST10431,Smartphone,Mobile,North,Partner,Rep_17,8,44284,0.08,325930.24,284650.24,41280.0,12.67,UPI,3.5,No,2025-07
ORD102794,2025-07-20,CUST10555,Smartphone,Mobile,West,Online,Rep_19,1,22863,0.1,20576.7,16795.39,3781.31,18.38,Debit Card,5.0,No,2025-07
ORD104211,2025-07-20,CUST10595,Laptop,Computers,West,Online,Rep_01,1,49370,0.0,49370.0,41867.66,7502.34,15.2,Net Banking,3.8,No,2025-07
ORD104192,2025-07-20,CUST10735,Webcam,Accessories,North,Retail Store,Rep_16,7,2817,0.05,18733.05,16716.68,2016.37,10.76,Credit Card,4.9,No,2025-07
ORD104914,2025-07-21,CUST10562,Smartphone,Mobile,South,Online,Rep_09,2,38093,0.2,60948.8,53709.55,7239.25,11.88,UPI,2.9,No,2025-07
ORD101695,2025-07-21,CUST10393,Tablet,Mobile,East,Partner,Rep_20,8,43530,0.1,313416.0,257444.32,55971.68,17.86,Credit Card,4.1,No,2025-07
ORD104374,2025-07-21,CUST10604,Monitor,Accessories,East,Online,Rep_19,6,9545,0.08,52688.4,36185.63,16502.77,31.32,Cash,4.4,No,2025-07
ORD101716,2025-07-21,CUST10107,Smartwatch,Wearables,South,Partner,Rep_19,6,23210,0.02,136474.8,95529.31,40945.49,30.0,Debit Card,2.5,No,2025-07
ORD101150,2025-07-21,CUST10018,Webcam,Accessories,Central,Online,Rep_11,6,2764,0.08,15257.28,11055.1,4202.18,27.54,Debit Card,4.0,No,2025-07
ORD101854,2025-07-21,CUST10261,Printer,Office,North,Online,Rep_16,5,22202,0.1,99909.0,72270.01,27638.99,27.66,Debit Card,3.5,No,2025-07
ORD103030,2025-07-21,CUST10246,Mouse,Accessories,West,Partner,Rep_16,6,1740,0.08,9604.8,9116.56,488.24,5.08,Credit Card,2.9,No,2025-07
ORD103390,2025-07-21,CUST10270,Mouse,Accessories,South,Online,Rep_08,3,441,0.05,1256.85,823.93,432.92,34.44,Credit Card,3.9,No,2025-07
ORD102675,2025-07-22,CUST10097,Webcam,Accessories,West,Online,Rep_02,3,6663,0.1,17990.1,14368.01,3622.09,20.13,Credit Card,4.5,No,2025-07
ORD101760,2025-07-22,CUST10171,Keyboard,Accessories,South,Retail Store,Rep_19,6,1650,0.0,9900.0,8240.28,1659.72,16.76,Credit Card,4.1,No,2025-07
ORD101715,2025-07-22,CUST10030,Laptop,Computers,South,Retail Store,Rep_20,7,81257,0.15,483479.15,398838.57,84640.58,17.51,UPI,3.8,No,2025-07
ORD100625,2025-07-22,CUST10400,Mouse,Accessories,South,Online,Rep_11,7,2134,0.2,11950.4,9407.74,2542.66,21.28,Credit Card,4.7,No,2025-07
ORD102531,2025-07-22,CUST10293,Mouse,Accessories,South,Online,Rep_07,7,1178,0.15,7009.1,5638.49,1370.61,19.55,Cash,4.5,Yes,2025-07
ORD102365,2025-07-22,CUST10718,Keyboard,Accessories,North,Online,Rep_15,8,1923,0.08,14153.28,12587.81,1565.47,11.06,Net Banking,3.7,No,2025-07
ORD104045,2025-07-22,CUST10020,Monitor,Accessories,East,Retail Store,Rep_18,5,12590,0.08,57914.0,53637.67,4276.33,7.38,Debit Card,3.9,No,2025-07
ORD102470,2025-07-23,CUST10222,Keyboard,Accessories,South,Online,Rep_14,4,2695,0.05,10241.0,9332.5,908.5,8.87,Credit Card,5.0,No,2025-07
ORD100156,2025-07-23,CUST10507,Smartphone,Mobile,West,Online,Rep_17,8,40647,0.15,276399.6,253634.13,22765.47,8.24,UPI,4.6,No,2025-07
ORD100450,2025-07-23,CUST10580,Laptop,Computers,South,Online,Rep_20,2,84157,0.08,154848.88,143936.81,10912.07,7.05,Debit Card,3.4,No,2025-07
ORD102743,2025-07-23,CUST10503,Smartphone,Mobile,South,Retail Store,Rep_15,8,46195,0.0,369560.0,323613.34,45946.66,12.43,Credit Card,3.9,No,2025-07
ORD100396,2025-07-23,CUST10675,Smartwatch,Wearables,Central,Online,Rep_13,2,7611,0.05,15222.0,11544.22,3677.78,24.16,Net Banking,4.9,No,2025-07
ORD104626,2025-07-23,CUST10289,Mouse,Accessories,South,Online,Rep_16,6,528,0.02,3104.64,2511.09,593.55,19.12,UPI,5.0,No,2025-07
ORD100884,2025-07-23,CUST10075,Laptop,Computers,South,Retail Store,Rep_11,2,93056,0.0,186112.0,163291.96,22820.04,12.26,Credit Card,4.3,No,2025-07
ORD101586,2025-07-23,CUST10423,Smartphone,Mobile,Central,Retail Store,Rep_01,5,12770,0.0,63850.0,49992.19,13857.81,21.7,Credit Card,3.9,No,2025-07
ORD100736,2025-07-23,CUST10015,Webcam,Accessories,East,Online,Rep_04,2,8593,0.1,15467.4,10744.66,4722.74,30.53,Debit Card,5.0,No,2025-07
ORD104788,2025-07-23,CUST10511,Webcam,Accessories,South,Online,Rep_03,2,3673,0.1,6611.4,4822.76,1788.64,27.05,UPI,3.5,No,2025-07
ORD103940,2025-07-23,CUST10084,Monitor,Accessories,North,Retail Store,Rep_17,2,10843,0.1,19517.4,17742.77,1774.63,9.09,Debit Card,4.3,No,2025-07
ORD102244,2025-07-23,CUST10161,Smartwatch,Wearables,East,Retail Store,Rep_19,5,23574,0.1,106083.0,95339.75,10743.25,10.13,Net Banking,4.6,No,2025-07
ORD101499,2025-07-23,CUST10311,Tablet,Mobile,South,Retail Store,Rep_15,4,29700,0.05,112860.0,92275.78,20584.22,18.24,UPI,3.9,No,2025-07
ORD103313,2025-07-23,CUST10213,Headphones,Audio,South,Online,Rep_20,3,4699,0.0,14097.0,9713.03,4383.97,31.1,Debit Card,2.7,Yes,2025-07
ORD101414,2025-07-24,CUST10693,Laptop,Computers,South,Retail Store,Rep_20,6,66554,0.02,391337.52,335886.06,55451.46,14.17,Net Banking,4.2,No,2025-07
ORD104353,2025-07-24,CUST10658,Monitor,Accessories,West,Online,Rep_08,3,20973,0.08,57885.48,54385.91,3499.57,6.05,UPI,3.5,No,2025-07
ORD103612,2025-07-24,CUST10502,Smartphone,Mobile,North,Online,Rep_17,3,47176,0.1,127375.2,106860.64,20514.56,16.11,Net Banking,3.7,No,2025-07
ORD102050,2025-07-24,CUST10531,Laptop,Computers,Central,Retail Store,Rep_15,7,101485,0.05,674875.25,514045.49,160829.76,23.83,UPI,3.7,No,2025-07
ORD103055,2025-07-24,CUST10449,Mouse,Accessories,West,Online,Rep_09,3,2280,0.08,6292.8,5121.53,1171.27,18.61,UPI,4.7,No,2025-07
ORD102523,2025-07-24,CUST10087,Tablet,Mobile,Central,Retail Store,Rep_16,4,44995,0.05,170981.0,128981.75,41999.25,24.56,Net Banking,4.4,No,2025-07
ORD101091,2025-07-24,CUST10731,Smartwatch,Wearables,South,Retail Store,Rep_01,7,2629,0.02,18034.94,14854.66,3180.28,17.63,Debit Card,3.6,No,2025-07
ORD103108,2025-07-24,CUST10478,Laptop,Computers,North,Online,Rep_14,4,84474,0.1,304106.4,276571.84,27534.56,9.05,Credit Card,3.7,No,2025-07
ORD102413,2025-07-24,CUST10553,Monitor,Accessories,West,Partner,Rep_17,8,21806,0.05,165725.6,144646.15,21079.45,12.72,Debit Card,2.7,No,2025-07
ORD104396,2025-07-25,CUST10652,Printer,Office,East,Retail Store,Rep_12,4,23582,0.08,86781.76,60480.26,26301.5,30.31,Debit Card,2.7,No,2025-07
ORD104940,2025-07-25,CUST10465,Printer,Office,Central,Online,Rep_04,4,10839,0.15,36852.6,36147.81,704.79,1.91,Net Banking,3.0,No,2025-07
ORD100294,2025-07-25,CUST10092,Tablet,Mobile,South,Retail Store,Rep_12,6,47981,0.15,244703.1,242584.87,2118.23,0.87,Net Banking,4.5,No,2025-07
ORD101293,2025-07-25,CUST10376,Keyboard,Accessories,Central,Online,Rep_10,6,1260,0.05,7182.0,5921.0,1261.0,17.56,UPI,5.0,Yes,2025-07
ORD103621,2025-07-26,CUST10443,Mouse,Accessories,West,Online,Rep_12,5,2373,0.15,10085.25,10441.07,-355.82,-3.53,UPI,3.7,No,2025-07
ORD100238,2025-07-26,CUST10254,Laptop,Computers,Central,Online,Rep_06,3,87687,0.08,242016.12,180681.15,61334.97,25.34,Credit Card,4.2,No,2025-07
ORD102199,2025-07-26,CUST10369,Keyboard,Accessories,West,Retail Store,Rep_15,6,3395,0.05,19351.5,17719.32,1632.18,8.43,Cash,4.4,No,2025-07
ORD100283,2025-07-26,CUST10370,Tablet,Mobile,Central,Retail Store,Rep_16,7,22337,0.08,143850.28,107337.03,36513.25,25.38,UPI,5.0,No,2025-07
ORD102394,2025-07-26,CUST10015,Smartphone,Mobile,South,Online,Rep_17,7,38831,0.05,258226.15,180254.85,77971.3,30.19,Net Banking,3.5,No,2025-07
ORD104584,2025-07-26,CUST10229,Headphones,Audio,Central,Partner,Rep_07,2,10178,0.0,20356.0,17204.94,3151.06,15.48,Debit Card,4.9,No,2025-07
ORD103058,2025-07-26,CUST10327,Laptop,Computers,North,Retail Store,Rep_16,6,108194,0.0,649164.0,448012.71,201151.29,30.99,Credit Card,4.3,No,2025-07
ORD100760,2025-07-26,CUST10492,Headphones,Audio,South,Online,Rep_13,2,4632,0.0,9264.0,7881.58,1382.42,14.92,UPI,2.9,No,2025-07
ORD102821,2025-07-26,CUST10397,Smartwatch,Wearables,West,Retail Store,Rep_16,8,17753,0.15,120720.4,96094.15,24626.25,20.4,Cash,3.4,Yes,2025-07
ORD104027,2025-07-27,CUST10411,Monitor,Accessories,North,Online,Rep_04,4,15908,0.1,57268.8,51121.44,6147.36,10.73,Cash,3.5,Yes,2025-07
ORD100674,2025-07-27,CUST10626,Keyboard,Accessories,South,Online,Rep_13,5,2866,0.08,13183.6,11100.8,2082.8,15.8,Net Banking,3.7,No,2025-07
ORD101792,2025-07-27,CUST10532,Headphones,Audio,South,Online,Rep_04,6,8235,0.08,45457.2,36903.81,8553.39,18.82,Credit Card,4.8,Yes,2025-07
ORD102817,2025-07-27,CUST10360,Monitor,Accessories,North,Online,Rep_04,3,9924,0.15,25306.2,22807.93,2498.27,9.87,Debit Card,4.7,No,2025-07
ORD101513,2025-07-27,CUST10093,Smartwatch,Wearables,North,Online,Rep_20,2,16702,0.0,33404.0,23474.31,9929.69,29.73,Net Banking,4.2,No,2025-07
ORD103610,2025-07-27,CUST10648,Smartwatch,Wearables,West,Retail Store,Rep_18,8,8336,0.0,66688.0,45990.02,20697.98,31.04,Credit Card,3.7,No,2025-07
ORD101889,2025-07-27,CUST10436,Headphones,Audio,Central,Online,Rep_12,6,6937,0.02,40789.56,30518.85,10270.71,25.18,Net Banking,5.0,No,2025-07
ORD103327,2025-07-27,CUST10725,Printer,Office,West,Partner,Rep_11,4,11524,0.15,39181.6,28826.83,10354.77,26.43,Net Banking,4.2,No,2025-07
ORD103273,2025-07-27,CUST10150,Headphones,Audio,Central,Retail Store,Rep_07,3,6159,0.0,18477.0,13628.69,4848.31,26.24,Debit Card,4.0,No,2025-07
ORD103601,2025-07-27,CUST10618,Smartphone,Mobile,Central,Online,Rep_19,4,27025,0.1,97290.0,82221.38,15068.62,15.49,Debit Card,5.0,No,2025-07
ORD102379,2025-07-27,CUST10073,Monitor,Accessories,North,Online,Rep_02,7,25633,0.0,179431.0,120225.71,59205.29,33.0,UPI,4.1,Yes,2025-07
ORD102739,2025-07-27,CUST10041,Smartwatch,Wearables,Central,Retail Store,Rep_07,1,14613,0.0,14613.0,10176.64,4436.36,30.36,Credit Card,4.8,No,2025-07
ORD101115,2025-07-27,CUST10458,Keyboard,Accessories,East,Online,Rep_20,8,1445,0.05,10982.0,10137.39,844.61,7.69,Debit Card,4.3,No,2025-07
ORD103128,2025-07-27,CUST10708,Laptop,Computers,East,Retail Store,Rep_03,1,56036,0.0,56036.0,42066.32,13969.68,24.93,Debit Card,4.4,No,2025-07
ORD100742,2025-07-28,CUST10321,Tablet,Mobile,East,Retail Store,Rep_11,7,33809,0.05,224829.85,150815.12,74014.73,32.92,Net Banking,4.3,No,2025-07
ORD101608,2025-07-28,CUST10662,Printer,Office,West,Online,Rep_14,3,18128,0.02,53296.32,34399.35,18896.97,35.46,Cash,3.8,No,2025-07
ORD104766,2025-07-28,CUST10206,Smartwatch,Wearables,North,Online,Rep_02,2,21630,0.05,41097.0,34022.97,7074.03,17.21,UPI,4.2,No,2025-07
ORD104775,2025-07-28,CUST10605,Tablet,Mobile,Central,Retail Store,Rep_02,4,17030,0.15,57902.0,48613.28,9288.72,16.04,Net Banking,4.9,No,2025-07
ORD102152,2025-07-28,CUST10227,Smartphone,Mobile,North,Retail Store,Rep_18,8,44293,0.1,318909.6,261945.0,56964.6,17.86,Debit Card,4.4,No,2025-07
ORD102182,2025-07-28,CUST10371,Smartphone,Mobile,South,Partner,Rep_01,6,30407,0.05,173319.9,121596.89,51723.01,29.84,Debit Card,5.0,No,2025-07
ORD100408,2025-07-28,CUST10218,Laptop,Computers,South,Retail Store,Rep_09,2,107393,0.08,197603.12,159027.81,38575.31,19.52,Cash,3.1,No,2025-07
ORD104298,2025-07-28,CUST10333,Smartphone,Mobile,West,Online,Rep_10,8,38833,0.0,310664.0,235247.95,75416.05,24.28,Credit Card,3.1,No,2025-07
ORD104850,2025-07-28,CUST10210,Laptop,Computers,Central,Retail Store,Rep_20,3,107584,0.05,306614.4,279688.45,26925.95,8.78,Credit Card,3.3,No,2025-07
ORD104424,2025-07-28,CUST10002,Headphones,Audio,East,Online,Rep_13,1,9914,0.15,8426.9,6861.78,1565.12,18.57,Cash,3.5,No,2025-07
ORD102310,2025-07-29,CUST10448,Tablet,Mobile,North,Online,Rep_06,4,35836,0.05,136176.8,102374.03,33802.77,24.82,Net Banking,3.0,No,2025-07
ORD104631,2025-07-29,CUST10613,Smartphone,Mobile,North,Online,Rep_15,8,47935,0.08,352801.6,316452.61,36348.99,10.3,Credit Card,4.8,No,2025-07
ORD100404,2025-07-29,CUST10634,Printer,Office,North,Retail Store,Rep_08,3,24161,0.1,65234.7,53559.96,11674.74,17.9,UPI,4.0,No,2025-07
ORD100642,2025-07-29,CUST10521,Tablet,Mobile,South,Partner,Rep_03,6,40632,0.0,243792.0,192004.41,51787.59,21.24,Credit Card,3.8,No,2025-07
ORD100994,2025-07-29,CUST10419,Keyboard,Accessories,South,Online,Rep_14,4,3992,0.1,14371.2,12306.35,2064.85,14.37,Debit Card,4.0,No,2025-07
ORD103381,2025-07-29,CUST10748,Tablet,Mobile,West,Retail Store,Rep_02,7,32162,0.05,213877.3,189928.24,23949.06,11.2,UPI,5.0,No,2025-07
ORD102240,2025-07-29,CUST10618,Smartphone,Mobile,North,Retail Store,Rep_09,6,25218,0.08,139203.36,110546.22,28657.14,20.59,Cash,4.6,No,2025-07
ORD101537,2025-07-29,CUST10438,Smartphone,Mobile,South,Retail Store,Rep_18,6,31158,0.05,177600.6,143073.58,34527.02,19.44,Net Banking,4.4,No,2025-07
ORD100131,2025-07-29,CUST10096,Monitor,Accessories,West,Online,Rep_17,3,10155,0.02,29855.7,25218.78,4636.92,15.53,Credit Card,3.9,No,2025-07
ORD104013,2025-07-29,CUST10077,Mouse,Accessories,North,Online,Rep_16,5,1301,0.05,6179.75,5265.33,914.42,14.8,Debit Card,4.8,No,2025-07
ORD102026,2025-07-29,CUST10627,Smartphone,Mobile,North,Partner,Rep_15,1,64607,0.1,58146.3,55156.54,2989.76,5.14,UPI,4.0,Yes,2025-07
ORD101339,2025-07-29,CUST10229,Laptop,Computers,South,Online,Rep_04,8,107774,0.02,844948.16,727557.31,117390.85,13.89,Credit Card,5.0,No,2025-07
ORD103879,2025-07-29,CUST10219,Keyboard,Accessories,East,Online,Rep_07,2,3846,0.1,6922.8,5434.01,1488.79,21.51,Net Banking,3.1,Yes,2025-07
ORD102828,2025-07-29,CUST10427,Laptop,Computers,West,Online,Rep_01,3,61714,0.2,148113.6,117892.15,30221.45,20.4,Credit Card,3.7,No,2025-07
ORD103452,2025-07-30,CUST10540,Mouse,Accessories,West,Retail Store,Rep_04,6,821,0.15,4187.1,3770.81,416.29,9.94,Debit Card,3.2,No,2025-07
ORD100415,2025-07-30,CUST10315,Mouse,Accessories,West,Online,Rep_14,5,1744,0.05,8284.0,6209.73,2074.27,25.04,Cash,3.4,No,2025-07
ORD103141,2025-07-30,CUST10449,Tablet,Mobile,West,Partner,Rep_01,6,31502,0.05,179561.4,124312.67,55248.73,30.77,Debit Card,4.6,No,2025-07
ORD100828,2025-07-30,CUST10277,Tablet,Mobile,South,Online,Rep_02,4,26448,0.0,105792.0,86648.35,19143.65,18.1,UPI,4.3,No,2025-07
ORD101242,2025-07-30,CUST10414,Headphones,Audio,Central,Online,Rep_10,6,10676,0.0,64056.0,53999.16,10056.84,15.7,Net Banking,4.6,No,2025-07
ORD101841,2025-07-30,CUST10720,Tablet,Mobile,North,Online,Rep_05,6,50598,0.1,273229.2,188868.23,84360.97,30.88,Credit Card,4.6,No,2025-07
ORD102951,2025-07-30,CUST10707,Printer,Office,South,Retail Store,Rep_16,6,8458,0.05,48210.6,41197.18,7013.42,14.55,UPI,4.0,No,2025-07
ORD102357,2025-07-30,CUST10591,Webcam,Accessories,West,Online,Rep_03,6,8066,0.02,47428.08,38217.27,9210.81,19.42,UPI,3.6,No,2025-07
ORD102321,2025-07-30,CUST10429,Webcam,Accessories,West,Retail Store,Rep_16,5,3773,0.05,17921.75,14229.7,3692.05,20.6,Cash,4.3,No,2025-07
ORD100938,2025-07-30,CUST10544,Webcam,Accessories,West,Online,Rep_11,6,4931,0.2,23668.8,21333.21,2335.59,9.87,Cash,4.8,No,2025-07
ORD100378,2025-07-30,CUST10239,Laptop,Computers,East,Online,Rep_07,2,74289,0.05,141149.1,109925.92,31223.18,22.12,Credit Card,4.9,No,2025-07
ORD103178,2025-07-31,CUST10465,Webcam,Accessories,South,Retail Store,Rep_14,2,6582,0.0,13164.0,11454.31,1709.69,12.99,Cash,5.0,No,2025-07
ORD104498,2025-07-31,CUST10036,Smartphone,Mobile,East,Online,Rep_12,5,62412,0.05,296457.0,260710.36,35746.64,12.06,UPI,4.3,No,2025-07
ORD101566,2025-07-31,CUST10501,Monitor,Accessories,North,Retail Store,Rep_06,1,16510,0.0,16510.0,11155.5,5354.5,32.43,Net Banking,3.8,Yes,2025-07
ORD100741,2025-07-31,CUST10469,Monitor,Accessories,North,Partner,Rep_05,5,28804,0.0,144020.0,104924.1,39095.9,27.15,Net Banking,2.8,No,2025-07
ORD104832,2025-07-31,CUST10141,Headphones,Audio,Central,Retail Store,Rep_16,4,6200,0.08,22816.0,16815.9,6000.1,26.3,Debit Card,4.8,No,2025-07
ORD103774,2025-07-31,CUST10062,Headphones,Audio,South,Online,Rep_10,6,8503,0.0,51018.0,43941.07,7076.93,13.87,Debit Card,5.0,No,2025-07
ORD100059,2025-07-31,CUST10299,Laptop,Computers,Central,Partner,Rep_13,4,66067,0.1,237841.2,194942.1,42899.1,18.04,UPI,4.0,No,2025-07
ORD101101,2025-07-31,CUST10703,Laptop,Computers,North,Partner,Rep_08,4,91062,0.1,327823.2,306138.78,21684.42,6.61,Credit Card,3.3,No,2025-07
ORD101587,2025-08-01,CUST10411,Mouse,Accessories,East,Online,Rep_16,3,1866,0.2,4478.4,4793.69,-315.29,-7.04,UPI,3.3,No,2025-08
ORD104641,2025-08-01,CUST10158,Smartwatch,Wearables,East,Partner,Rep_16,8,9417,0.05,71569.2,56813.34,14755.86,20.62,Net Banking,3.3,No,2025-08
ORD102047,2025-08-01,CUST10676,Laptop,Computers,Central,Retail Store,Rep_02,3,72573,0.08,200301.48,152671.56,47629.92,23.78,Cash,3.7,No,2025-08
ORD103547,2025-08-01,CUST10610,Laptop,Computers,Central,Partner,Rep_02,2,104167,0.15,177083.9,145097.95,31985.95,18.06,UPI,4.5,No,2025-08
ORD101354,2025-08-01,CUST10158,Headphones,Audio,North,Retail Store,Rep_06,1,5870,0.08,5400.4,4157.93,1242.47,23.01,UPI,5.0,No,2025-08
ORD102818,2025-08-01,CUST10663,Laptop,Computers,Central,Online,Rep_16,3,75667,0.15,192950.85,164887.68,28063.17,14.54,UPI,4.4,No,2025-08
ORD104857,2025-08-01,CUST10371,Smartphone,Mobile,North,Online,Rep_15,8,54132,0.15,368097.6,305952.05,62145.55,16.88,Debit Card,2.5,No,2025-08
ORD102595,2025-08-01,CUST10326,Smartphone,Mobile,South,Retail Store,Rep_06,6,59652,0.05,340016.4,222519.21,117497.19,34.56,Debit Card,4.6,No,2025-08
ORD103982,2025-08-01,CUST10252,Printer,Office,East,Retail Store,Rep_10,4,20845,0.1,75042.0,60965.2,14076.8,18.76,UPI,2.4,No,2025-08
ORD100110,2025-08-01,CUST10458,Laptop,Computers,West,Retail Store,Rep_16,2,102819,0.08,189186.96,144113.94,45073.02,23.82,UPI,4.2,No,2025-08
ORD101775,2025-08-01,CUST10177,Headphones,Audio,East,Retail Store,Rep_11,1,5958,0.05,5660.1,4173.81,1486.29,26.26,Net Banking,4.8,No,2025-08
ORD101221,2025-08-02,CUST10440,Smartwatch,Wearables,Central,Online,Rep_12,6,24738,0.0,148428.0,110252.86,38175.14,25.72,Net Banking,3.5,No,2025-08
ORD100574,2025-08-02,CUST10620,Mouse,Accessories,West,Retail Store,Rep_09,5,1450,0.15,6162.5,6366.53,-204.03,-3.31,Net Banking,4.8,No,2025-08
ORD102775,2025-08-02,CUST10160,Keyboard,Accessories,West,Retail Store,Rep_04,1,1405,0.1,1264.5,1135.64,128.86,10.19,UPI,3.7,No,2025-08
ORD101260,2025-08-02,CUST10542,Keyboard,Accessories,East,Online,Rep_08,8,1545,0.08,11371.2,8779.5,2591.7,22.79,Debit Card,4.1,No,2025-08
ORD102474,2025-08-02,CUST10710,Headphones,Audio,Central,Online,Rep_20,6,1342,0.0,8052.0,7008.34,1043.66,12.96,Credit Card,4.3,No,2025-08
ORD101846,2025-08-02,CUST10619,Smartphone,Mobile,North,Online,Rep_18,5,47857,0.0,239285.0,202610.37,36674.63,15.33,UPI,2.4,No,2025-08
ORD100493,2025-08-02,CUST10298,Smartphone,Mobile,Central,Partner,Rep_05,3,51491,0.05,146749.35,130423.07,16326.28,11.13,Net Banking,4.1,Yes,2025-08
ORD100273,2025-08-02,CUST10350,Webcam,Accessories,West,Partner,Rep_12,5,8757,0.08,40282.2,27169.75,13112.45,32.55,Credit Card,3.3,No,2025-08
ORD101114,2025-08-02,CUST10737,Keyboard,Accessories,North,Retail Store,Rep_04,1,3355,0.08,3086.6,2181.35,905.25,29.33,Net Banking,4.4,No,2025-08
ORD103922,2025-08-02,CUST10110,Monitor,Accessories,South,Retail Store,Rep_14,1,10700,0.0,10700.0,9314.36,1385.64,12.95,Net Banking,4.5,No,2025-08
ORD104483,2025-08-02,CUST10708,Keyboard,Accessories,South,Retail Store,Rep_04,7,1251,0.08,8056.44,5982.91,2073.53,25.74,Net Banking,4.5,No,2025-08
ORD104644,2025-08-02,CUST10065,Smartphone,Mobile,South,Online,Rep_20,7,19657,0.15,116959.15,120018.84,-3059.69,-2.62,UPI,3.5,No,2025-08
ORD104700,2025-08-02,CUST10057,Smartwatch,Wearables,South,Online,Rep_16,5,5623,0.05,26709.25,17700.48,9008.77,33.73,Cash,3.4,No,2025-08
ORD100041,2025-08-02,CUST10333,Smartphone,Mobile,West,Retail Store,Rep_06,2,30049,0.0,60098.0,50694.95,9403.05,15.65,Debit Card,4.4,No,2025-08
ORD101282,2025-08-02,CUST10024,Headphones,Audio,South,Retail Store,Rep_16,5,8973,0.1,40378.5,38935.82,1442.68,3.57,Net Banking,4.1,No,2025-08
ORD100225,2025-08-03,CUST10660,Smartphone,Mobile,North,Retail Store,Rep_06,1,54846,0.08,50458.32,47364.45,3093.87,6.13,UPI,4.3,No,2025-08
ORD104812,2025-08-03,CUST10460,Printer,Office,West,Retail Store,Rep_13,2,22839,0.0,45678.0,34724.82,10953.18,23.98,UPI,4.5,No,2025-08
ORD101869,2025-08-03,CUST10627,Smartphone,Mobile,Central,Partner,Rep_08,2,41801,0.05,79421.9,62339.34,17082.56,21.51,UPI,3.4,No,2025-08
ORD102224,2025-08-03,CUST10710,Smartphone,Mobile,North,Retail Store,Rep_20,3,27648,0.1,74649.6,67307.65,7341.95,9.84,Credit Card,3.2,No,2025-08
ORD104503,2025-08-03,CUST10541,Smartphone,Mobile,Central,Online,Rep_06,4,42901,0.05,163023.8,131075.16,31948.64,19.6,Net Banking,4.3,Yes,2025-08
ORD101052,2025-08-03,CUST10739,Keyboard,Accessories,Central,Partner,Rep_14,8,3284,0.05,24958.4,20932.1,4026.3,16.13,Cash,3.0,No,2025-08
ORD103643,2025-08-03,CUST10330,Monitor,Accessories,Central,Online,Rep_07,6,13283,0.1,71728.2,63201.31,8526.89,11.89,UPI,4.6,No,2025-08
ORD101023,2025-08-03,CUST10024,Smartwatch,Wearables,West,Retail Store,Rep_14,5,5012,0.1,22554.0,15643.79,6910.21,30.64,Net Banking,4.4,No,2025-08
ORD100772,2025-08-03,CUST10172,Printer,Office,West,Retail Store,Rep_17,4,21901,0.05,83223.8,58470.6,24753.2,29.74,Net Banking,4.5,No,2025-08
ORD101938,2025-08-03,CUST10314,Printer,Office,South,Online,Rep_18,6,12638,0.02,74311.44,59203.88,15107.56,20.33,Credit Card,4.4,No,2025-08
ORD100255,2025-08-03,CUST10329,Smartphone,Mobile,South,Partner,Rep_07,1,24710,0.05,23474.5,15442.14,8032.36,34.22,Net Banking,3.6,No,2025-08
ORD100071,2025-08-04,CUST10307,Headphones,Audio,North,Online,Rep_20,7,9057,0.15,53889.15,41008.36,12880.79,23.9,UPI,3.8,No,2025-08
ORD104049,2025-08-04,CUST10154,Printer,Office,East,Retail Store,Rep_12,6,23422,0.0,140532.0,99525.69,41006.31,29.18,UPI,4.9,No,2025-08
ORD101721,2025-08-04,CUST10011,Smartphone,Mobile,Central,Partner,Rep_09,3,29577,0.0,88731.0,59747.24,28983.76,32.66,Net Banking,3.7,No,2025-08
ORD100749,2025-08-04,CUST10411,Webcam,Accessories,West,Retail Store,Rep_19,5,7476,0.02,36632.4,27631.57,9000.83,24.57,Net Banking,3.6,No,2025-08
ORD100964,2025-08-04,CUST10077,Tablet,Mobile,South,Retail Store,Rep_07,8,29065,0.05,220894.0,184422.58,36471.42,16.51,UPI,3.9,No,2025-08
ORD101100,2025-08-04,CUST10068,Tablet,Mobile,South,Retail Store,Rep_10,8,18488,0.08,136071.68,95383.85,40687.83,29.9,Credit Card,2.9,No,2025-08
ORD104041,2025-08-04,CUST10039,Webcam,Accessories,North,Online,Rep_19,2,4181,0.0,8362.0,6021.13,2340.87,27.99,Net Banking,5.0,No,2025-08
ORD100716,2025-08-04,CUST10368,Smartwatch,Wearables,South,Partner,Rep_11,4,11306,0.15,38440.4,35300.6,3139.8,8.17,Debit Card,3.0,Yes,2025-08
ORD102551,2025-08-04,CUST10306,Tablet,Mobile,Central,Retail Store,Rep_16,7,24044,0.1,151477.2,123073.72,28403.48,18.75,UPI,3.8,No,2025-08
ORD103384,2025-08-04,CUST10725,Smartphone,Mobile,West,Online,Rep_05,6,62767,0.02,369069.96,255165.15,113904.81,30.86,Net Banking,4.0,No,2025-08
ORD101430,2025-08-05,CUST10720,Webcam,Accessories,West,Online,Rep_14,8,2315,0.02,18149.6,12954.64,5194.96,28.62,Credit Card,4.0,No,2025-08
ORD103396,2025-08-05,CUST10270,Smartwatch,Wearables,West,Partner,Rep_09,8,17120,0.1,123264.0,102387.22,20876.78,16.94,UPI,3.8,No,2025-08
ORD104388,2025-08-05,CUST10393,Laptop,Computers,South,Partner,Rep_02,4,98529,0.05,315292.8,307199.74,8093.06,2.57,Credit Card,4.7,No,2025-08
ORD102981,2025-08-05,CUST10155,Monitor,Accessories,North,Online,Rep_17,7,10860,0.02,74499.6,47920.34,26579.26,35.68,Debit Card,4.6,No,2025-08
ORD100461,2025-08-05,CUST10363,Smartphone,Mobile,South,Retail Store,Rep_13,3,42999,0.02,126417.06,87420.7,38996.36,30.85,Net Banking,2.9,No,2025-08
ORD100682,2025-08-05,CUST10234,Smartphone,Mobile,West,Retail Store,Rep_04,3,54924,0.08,151590.24,142271.18,9319.06,6.15,Net Banking,5.0,Yes,2025-08
ORD103804,2025-08-05,CUST10371,Smartwatch,Wearables,North,Retail Store,Rep_15,8,7493,0.15,50952.4,49103.8,1848.6,3.63,UPI,5.0,No,2025-08
ORD104112,2025-08-05,CUST10695,Monitor,Accessories,West,Online,Rep_20,5,26006,0.05,123528.5,85706.94,37821.56,30.62,UPI,4.6,No,2025-08
ORD102387,2025-08-05,CUST10032,Tablet,Mobile,Central,Online,Rep_13,8,20472,0.15,139209.6,112327.9,26881.7,19.31,UPI,4.4,No,2025-08
ORD104212,2025-08-05,CUST10207,Keyboard,Accessories,South,Online,Rep_16,4,2238,0.02,8772.96,5713.8,3059.16,34.87,Credit Card,4.7,No,2025-08
ORD102275,2025-08-06,CUST10007,Smartwatch,Wearables,Central,Partner,Rep_20,3,8970,0.15,22873.5,22486.96,386.54,1.69,UPI,4.8,Yes,2025-08
ORD101435,2025-08-06,CUST10341,Smartphone,Mobile,West,Online,Rep_05,5,58750,0.05,279062.5,191100.35,87962.15,31.52,Credit Card,5.0,No,2025-08
ORD100126,2025-08-06,CUST10325,Monitor,Accessories,West,Online,Rep_08,1,24225,0.05,23013.75,18420.19,4593.56,19.96,Cash,3.8,No,2025-08
ORD102665,2025-08-06,CUST10140,Mouse,Accessories,West,Retail Store,Rep_18,3,1794,0.05,5112.9,4305.88,807.02,15.78,Credit Card,4.0,No,2025-08
ORD101154,2025-08-06,CUST10020,Mouse,Accessories,South,Online,Rep_03,6,1136,0.05,6475.2,5398.37,1076.83,16.63,UPI,3.5,No,2025-08
ORD100660,2025-08-06,CUST10196,Keyboard,Accessories,West,Partner,Rep_15,5,3952,0.05,18772.0,12425.17,6346.83,33.81,Debit Card,4.1,No,2025-08
ORD102880,2025-08-06,CUST10104,Smartphone,Mobile,East,Retail Store,Rep_17,6,34706,0.05,197824.2,129588.09,68236.11,34.49,Debit Card,3.2,No,2025-08
ORD102657,2025-08-06,CUST10162,Printer,Office,West,Online,Rep_18,6,11561,0.15,58961.1,59302.79,-341.69,-0.58,Credit Card,4.3,No,2025-08
ORD104611,2025-08-06,CUST10217,Tablet,Mobile,South,Retail Store,Rep_14,5,30839,0.05,146485.25,103449.82,43035.43,29.38,UPI,4.2,No,2025-08
ORD104600,2025-08-06,CUST10609,Smartphone,Mobile,Central,Online,Rep_10,8,64069,0.15,435669.2,433627.78,2041.42,0.47,UPI,4.8,No,2025-08
ORD103523,2025-08-06,CUST10658,Smartphone,Mobile,South,Partner,Rep_12,6,58171,0.05,331574.7,234024.16,97550.54,29.42,Net Banking,4.7,No,2025-08
ORD101576,2025-08-07,CUST10733,Laptop,Computers,South,Retail Store,Rep_15,8,107038,0.08,787799.68,561168.14,226631.54,28.77,UPI,3.7,No,2025-08
ORD101403,2025-08-07,CUST10539,Laptop,Computers,Central,Retail Store,Rep_08,7,100463,0.05,668078.95,489568.95,178510.0,26.72,UPI,3.6,No,2025-08
ORD100341,2025-08-07,CUST10530,Monitor,Accessories,East,Retail Store,Rep_20,8,27971,0.1,201391.2,158892.36,42498.84,21.1,Debit Card,3.3,No,2025-08
ORD100183,2025-08-07,CUST10556,Smartwatch,Wearables,South,Online,Rep_07,8,11011,0.0,88088.0,58908.26,29179.74,33.13,Cash,3.1,No,2025-08
ORD104578,2025-08-07,CUST10068,Smartphone,Mobile,North,Retail Store,Rep_06,5,41852,0.05,198797.0,180583.39,18213.61,9.16,Debit Card,3.5,No,2025-08
ORD102478,2025-08-07,CUST10604,Printer,Office,Central,Partner,Rep_12,4,6283,0.05,23875.4,17819.51,6055.89,25.36,Net Banking,4.5,No,2025-08
ORD101063,2025-08-08,CUST10037,Headphones,Audio,West,Retail Store,Rep_08,6,1985,0.08,10957.2,8458.29,2498.91,22.81,Net Banking,4.6,No,2025-08
ORD104758,2025-08-08,CUST10367,Headphones,Audio,Central,Online,Rep_16,4,4230,0.0,16920.0,11973.18,4946.82,29.24,UPI,5.0,No,2025-08
ORD104807,2025-08-08,CUST10325,Laptop,Computers,West,Retail Store,Rep_08,5,101963,0.05,484324.25,402450.92,81873.33,16.9,Credit Card,4.0,No,2025-08
ORD100718,2025-08-08,CUST10398,Smartwatch,Wearables,West,Online,Rep_15,3,23920,0.1,64584.0,63030.09,1553.91,2.41,UPI,3.8,No,2025-08
ORD103823,2025-08-08,CUST10004,Printer,Office,Central,Online,Rep_15,2,12959,0.02,25399.64,21396.99,4002.65,15.76,UPI,3.9,No,2025-08
ORD101618,2025-08-08,CUST10489,Mouse,Accessories,Central,Online,Rep_20,1,817,0.08,751.64,649.87,101.77,13.54,Credit Card,3.8,No,2025-08
ORD100179,2025-08-09,CUST10155,Smartwatch,Wearables,South,Online,Rep_09,8,2511,0.15,17074.8,15627.01,1447.79,8.48,UPI,4.3,No,2025-08
ORD101546,2025-08-09,CUST10092,Monitor,Accessories,West,Online,Rep_08,4,17139,0.05,65128.2,49988.55,15139.65,23.25,UPI,3.1,No,2025-08
ORD103741,2025-08-09,CUST10311,Webcam,Accessories,West,Partner,Rep_13,4,2440,0.02,9564.8,6855.54,2709.26,28.33,Credit Card,3.8,No,2025-08
ORD102203,2025-08-09,CUST10741,Monitor,Accessories,West,Retail Store,Rep_18,4,17137,0.05,65120.6,49012.23,16108.37,24.74,Net Banking,4.0,No,2025-08
ORD104921,2025-08-09,CUST10663,Smartwatch,Wearables,South,Partner,Rep_18,7,18747,0.02,128604.42,89845.18,38759.24,30.14,UPI,3.6,Yes,2025-08
ORD103274,2025-08-09,CUST10714,Keyboard,Accessories,North,Partner,Rep_02,2,4462,0.1,8031.6,6880.31,1151.29,14.33,Credit Card,4.6,No,2025-08
ORD100719,2025-08-09,CUST10180,Smartphone,Mobile,Central,Retail Store,Rep_11,4,24363,0.05,92579.4,64560.22,28019.18,30.27,Debit Card,5.0,No,2025-08
ORD100335,2025-08-09,CUST10723,Laptop,Computers,North,Online,Rep_11,4,51193,0.0,204772.0,164662.21,40109.79,19.59,Net Banking,3.6,No,2025-08
ORD104590,2025-08-09,CUST10700,Headphones,Audio,East,Retail Store,Rep_07,2,4236,0.05,8048.4,6375.95,1672.45,20.78,UPI,3.9,No,2025-08
ORD104802,2025-08-09,CUST10515,Laptop,Computers,East,Online,Rep_07,6,69525,0.0,417150.0,336388.08,80761.92,19.36,Credit Card,4.0,No,2025-08
ORD103213,2025-08-09,CUST10339,Smartphone,Mobile,South,Online,Rep_07,8,31960,0.2,204544.0,172336.9,32207.1,15.75,UPI,4.8,No,2025-08
ORD104017,2025-08-09,CUST10506,Webcam,Accessories,North,Retail Store,Rep_17,6,6100,0.1,32940.0,25796.52,7143.48,21.69,Cash,3.4,No,2025-08
ORD102374,2025-08-09,CUST10338,Monitor,Accessories,South,Online,Rep_11,8,29481,0.05,224055.6,194807.94,29247.66,13.05,Net Banking,4.1,No,2025-08
ORD103155,2025-08-09,CUST10646,Monitor,Accessories,Central,Online,Rep_14,5,19642,0.1,88389.0,66782.86,21606.14,24.44,Credit Card,3.7,No,2025-08
ORD100218,2025-08-09,CUST10182,Headphones,Audio,West,Online,Rep_19,7,2029,0.08,13066.76,9803.15,3263.61,24.98,UPI,4.3,Yes,2025-08
ORD103554,2025-08-09,CUST10125,Monitor,Accessories,Central,Retail Store,Rep_05,3,11374,0.1,30709.8,22745.69,7964.11,25.93,Cash,3.1,No,2025-08
ORD103180,2025-08-09,CUST10724,Mouse,Accessories,Central,Retail Store,Rep_17,8,733,0.05,5570.8,4691.46,879.34,15.78,UPI,4.4,No,2025-08
ORD101362,2025-08-09,CUST10494,Smartphone,Mobile,South,Partner,Rep_05,3,36902,0.0,110706.0,72110.29,38595.71,34.86,Credit Card,3.8,No,2025-08
ORD103582,2025-08-09,CUST10702,Printer,Office,South,Online,Rep_20,3,20212,0.15,51540.6,41497.77,10042.83,19.49,Net Banking,3.8,No,2025-08
ORD103041,2025-08-09,CUST10527,Smartphone,Mobile,East,Partner,Rep_09,1,37379,0.0,37379.0,30460.68,6918.32,18.51,Debit Card,4.7,No,2025-08
ORD101156,2025-08-10,CUST10356,Headphones,Audio,South,Online,Rep_15,6,10630,0.1,57402.0,42012.65,15389.35,26.81,Debit Card,4.1,No,2025-08
ORD101268,2025-08-10,CUST10204,Monitor,Accessories,West,Retail Store,Rep_17,7,15751,0.0,110257.0,78680.52,31576.48,28.64,UPI,3.6,No,2025-08
ORD103354,2025-08-10,CUST10008,Monitor,Accessories,Central,Online,Rep_05,4,14838,0.05,56384.4,41617.98,14766.42,26.19,UPI,4.2,Yes,2025-08
ORD101364,2025-08-10,CUST10106,Mouse,Accessories,East,Online,Rep_12,3,2246,0.08,6198.96,5343.02,855.94,13.81,Credit Card,4.0,No,2025-08
ORD103973,2025-08-10,CUST10699,Smartphone,Mobile,East,Retail Store,Rep_05,2,41692,0.08,76713.28,54195.72,22517.56,29.35,Credit Card,4.5,No,2025-08
ORD102276,2025-08-10,CUST10600,Mouse,Accessories,East,Online,Rep_20,3,1289,0.05,3673.65,2939.82,733.83,19.98,Debit Card,4.3,Yes,2025-08
ORD103994,2025-08-10,CUST10576,Laptop,Computers,South,Online,Rep_01,7,86175,0.08,554967.0,437189.03,117777.97,21.22,Debit Card,3.0,No,2025-08
ORD102905,2025-08-11,CUST10278,Keyboard,Accessories,East,Partner,Rep_06,2,930,0.05,1767.0,1452.75,314.25,17.78,Credit Card,5.0,No,2025-08
ORD102870,2025-08-11,CUST10038,Tablet,Mobile,South,Partner,Rep_18,2,42484,0.02,83268.64,58935.37,24333.27,29.22,UPI,3.7,No,2025-08
ORD102032,2025-08-11,CUST10538,Keyboard,Accessories,East,Online,Rep_05,8,1607,0.08,11827.52,8411.64,3415.88,28.88,UPI,4.2,No,2025-08
ORD101471,2025-08-11,CUST10304,Keyboard,Accessories,North,Partner,Rep_09,1,4459,0.08,4102.28,2805.1,1297.18,31.62,UPI,4.8,No,2025-08
ORD101526,2025-08-12,CUST10679,Smartphone,Mobile,South,Partner,Rep_15,3,15983,0.1,43154.1,41326.14,1827.96,4.24,UPI,4.1,No,2025-08
ORD103846,2025-08-12,CUST10703,Mouse,Accessories,South,Online,Rep_09,1,947,0.15,804.95,762.05,42.9,5.33,Debit Card,4.3,No,2025-08
ORD104963,2025-08-12,CUST10481,Tablet,Mobile,Central,Partner,Rep_05,2,47223,0.0,94446.0,78281.53,16164.47,17.12,Cash,4.6,No,2025-08
ORD102078,2025-08-12,CUST10238,Monitor,Accessories,West,Retail Store,Rep_13,8,20072,0.05,152547.2,130987.8,21559.4,14.13,Credit Card,3.1,Yes,2025-08
ORD100610,2025-08-12,CUST10601,Mouse,Accessories,South,Online,Rep_11,5,944,0.02,4625.6,2954.28,1671.32,36.13,UPI,4.3,No,2025-08
ORD104008,2025-08-12,CUST10477,Monitor,Accessories,North,Online,Rep_10,1,20638,0.08,18986.96,18107.43,879.53,4.63,Credit Card,4.8,No,2025-08
ORD100590,2025-08-13,CUST10609,Smartphone,Mobile,Central,Online,Rep_07,3,50620,0.05,144267.0,95895.7,48371.3,33.53,UPI,3.2,No,2025-08
ORD101877,2025-08-13,CUST10549,Keyboard,Accessories,South,Online,Rep_04,7,2077,0.0,14539.0,12173.56,2365.44,16.27,Debit Card,4.0,No,2025-08
ORD100711,2025-08-13,CUST10244,Headphones,Audio,West,Online,Rep_16,6,11130,0.1,60102.0,49268.48,10833.52,18.03,Debit Card,4.5,No,2025-08
ORD102299,2025-08-13,CUST10639,Laptop,Computers,West,Retail Store,Rep_20,8,53540,0.08,394054.4,358658.34,35396.06,8.98,Debit Card,4.0,No,2025-08
ORD101368,2025-08-13,CUST10226,Webcam,Accessories,West,Partner,Rep_09,8,5070,0.05,38532.0,32819.85,5712.15,14.82,Credit Card,3.3,Yes,2025-08
ORD102980,2025-08-13,CUST10696,Smartwatch,Wearables,West,Online,Rep_20,7,9648,0.0,67536.0,47370.09,20165.91,29.86,UPI,4.2,No,2025-08
ORD101611,2025-08-13,CUST10633,Webcam,Accessories,South,Partner,Rep_17,6,3866,0.15,19716.6,20196.83,-480.23,-2.44,Credit Card,4.3,No,2025-08
ORD102670,2025-08-14,CUST10198,Tablet,Mobile,North,Online,Rep_16,6,38298,0.15,195319.8,142737.46,52582.34,26.92,Credit Card,4.5,No,2025-08
ORD100114,2025-08-14,CUST10380,Printer,Office,North,Retail Store,Rep_10,3,20860,0.0,62580.0,51521.15,11058.85,17.67,Credit Card,3.9,No,2025-08
ORD103349,2025-08-14,CUST10056,Tablet,Mobile,East,Retail Store,Rep_06,4,17567,0.0,70268.0,54115.85,16152.15,22.99,Debit Card,4.2,No,2025-08
ORD101175,2025-08-14,CUST10736,Mouse,Accessories,East,Online,Rep_03,5,2493,0.02,12215.7,10345.42,1870.28,15.31,UPI,4.3,No,2025-08
ORD101258,2025-08-14,CUST10124,Monitor,Accessories,South,Partner,Rep_13,5,21218,0.15,90176.5,71255.11,18921.39,20.98,Debit Card,4.5,No,2025-08
ORD100203,2025-08-14,CUST10168,Smartphone,Mobile,South,Retail Store,Rep_15,3,26940,0.02,79203.6,55890.28,23313.32,29.43,Debit Card,4.0,No,2025-08
ORD100984,2025-08-14,CUST10353,Laptop,Computers,West,Online,Rep_03,4,96653,0.02,378879.76,335217.37,43662.39,11.52,Debit Card,5.0,No,2025-08
ORD104154,2025-08-14,CUST10228,Tablet,Mobile,South,Online,Rep_08,6,41563,0.1,224440.2,179247.0,45193.2,20.14,Credit Card,3.5,No,2025-08
ORD102418,2025-08-14,CUST10298,Laptop,Computers,North,Partner,Rep_06,3,106522,0.05,303587.7,245202.54,58385.16,19.23,UPI,3.8,No,2025-08
ORD102785,2025-08-14,CUST10391,Printer,Office,East,Retail Store,Rep_14,7,17918,0.05,119154.7,94860.75,24293.95,20.39,Credit Card,2.8,No,2025-08
ORD103862,2025-08-14,CUST10737,Mouse,Accessories,Central,Online,Rep_07,4,1655,0.08,6090.4,5566.22,524.18,8.61,Debit Card,3.6,No,2025-08
ORD100232,2025-08-14,CUST10173,Monitor,Accessories,West,Online,Rep_20,6,15375,0.08,84870.0,70355.36,14514.64,17.1,UPI,3.6,No,2025-08
ORD104186,2025-08-14,CUST10740,Mouse,Accessories,West,Partner,Rep_10,3,749,0.1,2022.3,1858.16,164.14,8.12,UPI,4.7,No,2025-08
ORD101532,2025-08-14,CUST10163,Mouse,Accessories,North,Online,Rep_12,1,2462,0.05,2338.9,1695.47,643.43,27.51,UPI,3.7,No,2025-08
ORD103431,2025-08-15,CUST10443,Keyboard,Accessories,South,Online,Rep_01,7,3863,0.1,24336.9,16892.96,7443.94,30.59,Net Banking,4.2,No,2025-08
ORD100537,2025-08-15,CUST10488,Printer,Office,South,Retail Store,Rep_13,2,7526,0.05,14299.4,12028.07,2271.33,15.88,Debit Card,4.7,No,2025-08
ORD102599,2025-08-15,CUST10055,Smartphone,Mobile,Central,Online,Rep_06,8,12413,0.08,91359.68,67449.6,23910.08,26.17,Credit Card,4.4,No,2025-08
ORD101127,2025-08-15,CUST10323,Laptop,Computers,Central,Retail Store,Rep_04,5,54154,0.1,243693.0,221573.7,22119.3,9.08,UPI,4.2,No,2025-08
ORD101199,2025-08-15,CUST10194,Headphones,Audio,Central,Online,Rep_14,4,4267,0.1,15361.2,12690.39,2670.81,17.39,Credit Card,4.3,No,2025-08
ORD103560,2025-08-15,CUST10633,Monitor,Accessories,South,Retail Store,Rep_19,8,19763,0.1,142293.6,106399.16,35894.44,25.23,Cash,3.8,No,2025-08
ORD100361,2025-08-15,CUST10740,Tablet,Mobile,West,Online,Rep_08,8,39107,0.1,281570.4,196768.67,84801.73,30.12,Net Banking,4.0,No,2025-08
ORD104312,2025-08-15,CUST10524,Smartwatch,Wearables,South,Retail Store,Rep_04,4,20058,0.02,78627.36,54651.09,23976.27,30.49,Credit Card,4.9,No,2025-08
ORD101681,2025-08-16,CUST10245,Tablet,Mobile,West,Online,Rep_10,8,26203,0.05,199142.8,136361.46,62781.34,31.53,Cash,4.2,No,2025-08
ORD102946,2025-08-16,CUST10362,Laptop,Computers,North,Online,Rep_03,3,71301,0.05,203207.85,164088.31,39119.54,19.25,Net Banking,4.3,No,2025-08
ORD101580,2025-08-16,CUST10511,Keyboard,Accessories,North,Online,Rep_05,6,1899,0.0,11394.0,8153.1,3240.9,28.44,Credit Card,3.4,No,2025-08
ORD101164,2025-08-16,CUST10150,Headphones,Audio,West,Online,Rep_14,6,8948,0.0,53688.0,42557.8,11130.2,20.73,Cash,3.5,No,2025-08
ORD104164,2025-08-16,CUST10121,Tablet,Mobile,North,Online,Rep_01,7,22807,0.05,151666.55,134731.79,16934.76,11.17,UPI,3.5,No,2025-08
ORD103619,2025-08-16,CUST10383,Printer,Office,South,Retail Store,Rep_15,8,13414,0.0,107312.0,72972.66,34339.34,32.0,Debit Card,4.3,No,2025-08
ORD104951,2025-08-16,CUST10098,Monitor,Accessories,West,Online,Rep_11,8,28400,0.15,193120.0,186452.36,6667.64,3.45,Credit Card,4.8,No,2025-08
ORD103287,2025-08-16,CUST10229,Tablet,Mobile,Central,Online,Rep_12,1,39970,0.1,35973.0,33025.54,2947.46,8.19,UPI,4.1,No,2025-08
ORD102036,2025-08-16,CUST10427,Tablet,Mobile,North,Online,Rep_16,7,22311,0.05,148368.15,104415.75,43952.4,29.62,Credit Card,3.5,No,2025-08
ORD100830,2025-08-17,CUST10442,Monitor,Accessories,East,Retail Store,Rep_13,3,9959,0.0,29877.0,22539.91,7337.09,24.56,UPI,3.2,No,2025-08
ORD101642,2025-08-17,CUST10531,Printer,Office,West,Retail Store,Rep_09,1,11823,0.05,11231.85,9227.36,2004.49,17.85,Debit Card,4.5,No,2025-08
ORD102593,2025-08-17,CUST10496,Keyboard,Accessories,East,Retail Store,Rep_06,5,3687,0.02,18066.3,14600.95,3465.35,19.18,Credit Card,5.0,No,2025-08
ORD101228,2025-08-17,CUST10743,Smartphone,Mobile,South,Online,Rep_03,1,45428,0.1,40885.2,32539.57,8345.63,20.41,Net Banking,4.6,No,2025-08
ORD102168,2025-08-17,CUST10277,Smartphone,Mobile,East,Online,Rep_20,3,62261,0.05,177443.85,123022.71,54421.14,30.67,UPI,3.5,No,2025-08
ORD104380,2025-08-17,CUST10444,Monitor,Accessories,West,Online,Rep_10,1,25396,0.1,22856.4,19044.19,3812.21,16.68,Debit Card,3.3,Yes,2025-08
ORD104413,2025-08-17,CUST10215,Mouse,Accessories,North,Retail Store,Rep_08,6,404,0.0,2424.0,1659.42,764.58,31.54,Credit Card,4.1,No,2025-08
ORD100113,2025-08-17,CUST10452,Smartwatch,Wearables,North,Retail Store,Rep_09,1,16413,0.08,15099.96,13616.33,1483.63,9.83,Credit Card,3.9,No,2025-08
ORD103229,2025-08-17,CUST10513,Laptop,Computers,North,Retail Store,Rep_15,1,46127,0.0,46127.0,38607.41,7519.59,16.3,Cash,4.6,No,2025-08
ORD101621,2025-08-17,CUST10689,Monitor,Accessories,West,Online,Rep_16,2,16756,0.1,30160.8,22387.39,7773.41,25.77,Debit Card,4.1,No,2025-08
ORD100945,2025-08-17,CUST10306,Smartphone,Mobile,South,Online,Rep_17,1,52245,0.05,49632.75,41679.68,7953.07,16.02,UPI,4.0,No,2025-08
ORD101278,2025-08-17,CUST10224,Smartwatch,Wearables,East,Partner,Rep_10,8,6542,0.15,44485.6,34753.32,9732.28,21.88,Debit Card,4.9,No,2025-08
ORD102792,2025-08-17,CUST10462,Smartwatch,Wearables,South,Online,Rep_04,2,9441,0.15,16049.7,16337.52,-287.82,-1.79,UPI,2.8,No,2025-08
ORD102239,2025-08-17,CUST10617,Laptop,Computers,North,Retail Store,Rep_05,6,82422,0.0,494532.0,385943.25,108588.75,21.96,UPI,3.3,No,2025-08
ORD100648,2025-08-18,CUST10119,Mouse,Accessories,North,Online,Rep_07,8,2497,0.05,18977.2,15437.57,3539.63,18.65,Debit Card,3.5,No,2025-08
ORD104731,2025-08-18,CUST10520,Smartphone,Mobile,North,Online,Rep_04,6,46149,0.0,276894.0,190756.46,86137.54,31.11,Debit Card,4.2,No,2025-08
ORD102100,2025-08-18,CUST10242,Monitor,Accessories,East,Retail Store,Rep_05,3,28059,0.05,79968.15,56625.95,23342.2,29.19,Net Banking,3.4,No,2025-08
ORD100662,2025-08-18,CUST10382,Smartwatch,Wearables,South,Retail Store,Rep_15,3,2829,0.15,7213.95,5346.09,1867.86,25.89,Credit Card,4.8,Yes,2025-08
ORD101998,2025-08-18,CUST10201,Laptop,Computers,North,Partner,Rep_14,3,67388,0.15,171839.4,177711.28,-5871.88,-3.42,Credit Card,3.9,No,2025-08
ORD101533,2025-08-18,CUST10557,Headphones,Audio,Central,Retail Store,Rep_15,6,5039,0.08,27815.28,23004.49,4810.79,17.3,Credit Card,4.0,Yes,2025-08
ORD104658,2025-08-18,CUST10109,Keyboard,Accessories,North,Retail Store,Rep_20,7,1722,0.05,11451.3,8579.61,2871.69,25.08,Credit Card,3.3,No,2025-08
ORD101754,2025-08-18,CUST10569,Smartphone,Mobile,South,Partner,Rep_04,3,21123,0.1,57032.1,42475.53,14556.57,25.52,Cash,3.2,Yes,2025-08
ORD102464,2025-08-18,CUST10051,Keyboard,Accessories,Central,Online,Rep_14,1,3086,0.08,2839.12,2276.73,562.39,19.81,Credit Card,5.0,No,2025-08
ORD100860,2025-08-19,CUST10264,Laptop,Computers,Central,Online,Rep_11,1,55128,0.15,46858.8,47347.6,-488.8,-1.04,UPI,4.4,No,2025-08
ORD103649,2025-08-19,CUST10527,Keyboard,Accessories,East,Retail Store,Rep_04,7,2468,0.05,16412.2,10783.77,5628.43,34.29,Net Banking,4.9,No,2025-08
ORD100310,2025-08-19,CUST10472,Smartphone,Mobile,Central,Retail Store,Rep_20,1,45431,0.0,45431.0,33142.81,12288.19,27.05,Debit Card,4.4,No,2025-08
ORD103828,2025-08-19,CUST10142,Monitor,Accessories,South,Online,Rep_13,3,21366,0.1,57688.2,46791.67,10896.53,18.89,Credit Card,3.5,No,2025-08
ORD102759,2025-08-19,CUST10433,Headphones,Audio,South,Retail Store,Rep_11,6,9855,0.15,50260.5,42926.41,7334.09,14.59,UPI,4.1,No,2025-08
ORD101049,2025-08-19,CUST10478,Webcam,Accessories,East,Retail Store,Rep_15,7,7503,0.08,48319.32,36131.54,12187.78,25.22,Debit Card,5.0,No,2025-08
ORD101453,2025-08-19,CUST10210,Webcam,Accessories,East,Retail Store,Rep_20,6,6204,0.02,36479.52,31269.99,5209.53,14.28,Cash,5.0,No,2025-08
ORD100503,2025-08-19,CUST10446,Tablet,Mobile,West,Partner,Rep_13,6,20588,0.02,121057.44,108444.69,12612.75,10.42,Debit Card,3.6,No,2025-08
ORD104121,2025-08-19,CUST10502,Tablet,Mobile,South,Online,Rep_01,5,53574,0.1,241083.0,203002.66,38080.34,15.8,Credit Card,3.9,No,2025-08
ORD101026,2025-08-20,CUST10394,Monitor,Accessories,North,Online,Rep_18,6,20149,0.05,114849.3,92297.52,22551.78,19.64,Credit Card,3.9,No,2025-08
ORD103660,2025-08-20,CUST10048,Webcam,Accessories,West,Online,Rep_01,3,4411,0.05,12571.35,11542.83,1028.52,8.18,UPI,3.1,No,2025-08
ORD103991,2025-08-20,CUST10214,Laptop,Computers,South,Online,Rep_01,5,68819,0.05,326890.25,257365.94,69524.31,21.27,UPI,2.8,No,2025-08
ORD102842,2025-08-20,CUST10108,Headphones,Audio,West,Retail Store,Rep_01,5,1329,0.0,6645.0,5244.77,1400.23,21.07,Credit Card,3.7,No,2025-08
ORD101185,2025-08-20,CUST10619,Laptop,Computers,West,Retail Store,Rep_11,5,101301,0.0,506505.0,393323.37,113181.63,22.35,UPI,3.6,No,2025-08
ORD102563,2025-08-20,CUST10376,Laptop,Computers,South,Online,Rep_20,3,68191,0.05,194344.35,174716.19,19628.16,10.1,UPI,4.3,No,2025-08
ORD100104,2025-08-20,CUST10362,Monitor,Accessories,Central,Online,Rep_13,2,25894,0.2,41430.4,39047.97,2382.43,5.75,UPI,3.7,No,2025-08
ORD103737,2025-08-20,CUST10252,Mouse,Accessories,South,Online,Rep_05,8,1758,0.05,13360.8,10570.7,2790.1,20.88,UPI,3.6,No,2025-08
ORD101456,2025-08-20,CUST10640,Smartwatch,Wearables,South,Partner,Rep_01,4,10024,0.0,40096.0,35079.67,5016.33,12.51,UPI,3.7,No,2025-08
ORD104018,2025-08-20,CUST10650,Webcam,Accessories,West,Online,Rep_10,5,8588,0.08,39504.8,29993.28,9511.52,24.08,UPI,4.0,No,2025-08
ORD103024,2025-08-20,CUST10121,Tablet,Mobile,East,Partner,Rep_08,1,21282,0.08,19579.44,16519.43,3060.01,15.63,Debit Card,4.3,No,2025-08
ORD100108,2025-08-20,CUST10490,Headphones,Audio,North,Partner,Rep_14,4,9631,0.0,38524.0,25991.19,12532.81,32.53,Credit Card,3.5,No,2025-08
ORD103919,2025-08-21,CUST10026,Mouse,Accessories,North,Online,Rep_04,3,2453,0.1,6623.1,6405.38,217.72,3.29,Net Banking,3.6,No,2025-08
ORD101458,2025-08-21,CUST10453,Mouse,Accessories,South,Online,Rep_08,2,1677,0.08,3085.68,2656.35,429.33,13.91,UPI,3.0,No,2025-08
ORD100977,2025-08-21,CUST10066,Keyboard,Accessories,North,Online,Rep_06,8,2756,0.08,20284.16,17375.58,2908.58,14.34,Debit Card,4.7,No,2025-08
ORD103458,2025-08-21,CUST10022,Mouse,Accessories,North,Retail Store,Rep_02,6,1529,0.02,8990.52,6259.54,2730.98,30.38,UPI,4.0,Yes,2025-08
ORD104938,2025-08-21,CUST10587,Keyboard,Accessories,South,Partner,Rep_19,8,3037,0.1,21866.4,15472.1,6394.3,29.24,UPI,4.3,No,2025-08
ORD104529,2025-08-21,CUST10178,Keyboard,Accessories,Central,Retail Store,Rep_18,3,2630,0.08,7258.8,6622.72,636.08,8.76,Credit Card,4.2,Yes,2025-08
ORD103016,2025-08-21,CUST10028,Tablet,Mobile,Central,Retail Store,Rep_17,6,18110,0.1,97794.0,73458.19,24335.81,24.88,Credit Card,4.3,No,2025-08
ORD102590,2025-08-21,CUST10180,Headphones,Audio,Central,Partner,Rep_10,7,5300,0.05,35245.0,24871.84,10373.16,29.43,Credit Card,4.5,No,2025-08
ORD101426,2025-08-21,CUST10615,Smartwatch,Wearables,North,Online,Rep_15,2,22152,0.2,35443.2,29348.28,6094.92,17.2,Credit Card,3.3,Yes,2025-08
ORD103022,2025-08-22,CUST10220,Monitor,Accessories,South,Online,Rep_06,4,20895,0.05,79401.0,52247.32,27153.68,34.2,Debit Card,4.1,No,2025-08
ORD102284,2025-08-22,CUST10052,Laptop,Computers,North,Retail Store,Rep_15,3,94027,0.2,225664.8,205401.33,20263.47,8.98,UPI,4.7,No,2025-08
ORD101607,2025-08-22,CUST10571,Laptop,Computers,North,Retail Store,Rep_18,3,89153,0.08,246062.28,226121.9,19940.38,8.1,UPI,4.1,No,2025-08
ORD101342,2025-08-22,CUST10335,Monitor,Accessories,North,Online,Rep_10,8,22854,0.0,182832.0,147358.8,35473.2,19.4,Credit Card,3.6,No,2025-08
ORD103624,2025-08-22,CUST10684,Webcam,Accessories,East,Online,Rep_19,1,8765,0.05,8326.75,5762.19,2564.56,30.8,Credit Card,2.8,Yes,2025-08
ORD103752,2025-08-22,CUST10646,Webcam,Accessories,South,Retail Store,Rep_09,2,3766,0.08,6929.44,4861.24,2068.2,29.85,Debit Card,5.0,No,2025-08
ORD103199,2025-08-22,CUST10298,Laptop,Computers,West,Online,Rep_07,5,49946,0.1,224757.0,172568.11,52188.89,23.22,Debit Card,4.0,No,2025-08
ORD102961,2025-08-22,CUST10494,Smartphone,Mobile,Central,Online,Rep_06,1,59035,0.08,54312.2,50923.83,3388.37,6.24,Net Banking,4.0,Yes,2025-08
ORD100879,2025-08-22,CUST10700,Laptop,Computers,South,Partner,Rep_12,4,48210,0.05,183198.0,139946.72,43251.28,23.61,Credit Card,4.4,No,2025-08
ORD103416,2025-08-22,CUST10621,Keyboard,Accessories,West,Partner,Rep_14,3,3743,0.08,10330.68,8068.6,2262.08,21.9,UPI,4.5,No,2025-08
ORD103832,2025-08-22,CUST10028,Printer,Office,Central,Online,Rep_20,7,22842,0.08,147102.48,104406.98,42695.5,29.02,UPI,3.8,No,2025-08
ORD104103,2025-08-22,CUST10526,Keyboard,Accessories,North,Retail Store,Rep_17,1,4165,0.08,3831.8,2747.03,1084.77,28.31,UPI,4.9,No,2025-08
ORD102986,2025-08-23,CUST10333,Smartwatch,Wearables,North,Retail Store,Rep_14,5,2728,0.08,12548.8,11444.17,1104.63,8.8,Credit Card,5.0,Yes,2025-08
ORD103978,2025-08-23,CUST10058,Keyboard,Accessories,West,Retail Store,Rep_06,3,2533,0.05,6079.2,5759.23,319.97,5.26,Credit Card,4.1,No,2025-08
ORD100452,2025-08-23,CUST10297,Keyboard,Accessories,South,Partner,Rep_16,4,2743,0.0,10972.0,7623.42,3348.58,30.52,Credit Card,4.1,No,2025-08
ORD103080,2025-08-23,CUST10479,Smartwatch,Wearables,East,Retail Store,Rep_04,5,7592,0.0,37960.0,30426.54,7533.46,19.85,UPI,3.4,No,2025-08
ORD103090,2025-08-23,CUST10534,Smartphone,Mobile,North,Partner,Rep_07,7,60045,0.0,420315.0,312990.41,107324.59,25.53,Credit Card,4.0,No,2025-08
ORD103021,2025-08-23,CUST10487,Smartphone,Mobile,West,Online,Rep_06,8,20379,0.05,154880.4,132739.64,22140.76,14.3,Debit Card,5.0,No,2025-08
ORD101379,2025-08-23,CUST10618,Tablet,Mobile,North,Retail Store,Rep_01,7,45238,0.08,291332.72,249464.6,41868.12,14.37,UPI,4.7,No,2025-08
ORD101398,2025-08-23,CUST10711,Smartphone,Mobile,North,Partner,Rep_15,1,33736,0.02,33061.28,29401.08,3660.2,11.07,Credit Card,5.0,No,2025-08
ORD103538,2025-08-23,CUST10126,Tablet,Mobile,North,Retail Store,Rep_08,3,42934,0.0,128802.0,105064.19,23737.81,18.43,Credit Card,4.5,No,2025-08
ORD103368,2025-08-23,CUST10699,Smartphone,Mobile,South,Partner,Rep_01,7,15734,0.08,101326.96,90924.44,10402.52,10.27,Net Banking,4.4,No,2025-08
ORD104570,2025-08-23,CUST10690,Printer,Office,South,Online,Rep_08,2,7415,0.08,13643.6,10500.15,3143.45,23.04,Debit Card,3.3,No,2025-08
ORD101205,2025-08-23,CUST10584,Monitor,Accessories,Central,Partner,Rep_19,3,13179,0.15,33606.45,28212.58,5393.87,16.05,UPI,4.4,No,2025-08
ORD102548,2025-08-23,CUST10445,Monitor,Accessories,East,Online,Rep_10,7,20415,0.05,135759.75,105273.89,30485.86,22.46,Debit Card,4.1,No,2025-08
ORD101443,2025-08-23,CUST10678,Mouse,Accessories,South,Partner,Rep_05,6,1536,0.1,8294.4,6863.11,1431.29,17.26,Debit Card,4.7,No,2025-08
ORD100664,2025-08-24,CUST10661,Smartphone,Mobile,West,Partner,Rep_04,6,25847,0.08,142675.44,121800.77,20874.67,14.63,Credit Card,5.0,No,2025-08
ORD101528,2025-08-24,CUST10265,Tablet,Mobile,East,Retail Store,Rep_01,4,29581,0.08,108858.08,80379.19,28478.89,26.16,Net Banking,4.7,No,2025-08
ORD101871,2025-08-24,CUST10727,Printer,Office,East,Retail Store,Rep_08,3,22041,0.02,64800.54,43367.51,21433.03,33.08,Net Banking,4.2,No,2025-08
ORD100877,2025-08-24,CUST10567,Headphones,Audio,North,Retail Store,Rep_08,8,10189,0.1,73360.8,66201.18,7159.62,9.76,Credit Card,4.3,Yes,2025-08
ORD104162,2025-08-24,CUST10004,Laptop,Computers,West,Online,Rep_03,4,64826,0.02,254117.92,173688.59,80429.33,31.65,Debit Card,3.7,No,2025-08
ORD102034,2025-08-24,CUST10099,Smartwatch,Wearables,Central,Online,Rep_15,8,21396,0.08,157474.56,147561.68,9912.88,6.29,Credit Card,2.9,No,2025-08
ORD104479,2025-08-24,CUST10724,Keyboard,Accessories,North,Retail Store,Rep_14,4,2540,0.15,8636.0,8253.27,382.73,4.43,Net Banking,3.9,No,2025-08
ORD100067,2025-08-24,CUST10625,Smartphone,Mobile,North,Retail Store,Rep_02,3,47207,0.15,120377.85,107631.83,12746.02,10.59,UPI,4.1,No,2025-08
ORD103706,2025-08-24,CUST10064,Webcam,Accessories,South,Online,Rep_03,6,5859,0.08,32341.68,24516.25,7825.43,24.2,Debit Card,4.4,No,2025-08
ORD103191,2025-08-24,CUST10392,Tablet,Mobile,South,Online,Rep_14,2,45432,0.08,83594.88,71053.59,12541.29,15.0,UPI,4.0,No,2025-08
ORD101369,2025-08-24,CUST10447,Smartphone,Mobile,West,Partner,Rep_10,7,12850,0.08,82754.0,71302.44,11451.56,13.84,UPI,4.9,No,2025-08
ORD101373,2025-08-24,CUST10675,Printer,Office,East,Retail Store,Rep_12,6,17187,0.1,92809.8,64957.15,27852.65,30.01,Net Banking,4.3,No,2025-08
ORD104382,2025-08-24,CUST10593,Laptop,Computers,South,Retail Store,Rep_09,7,73259,0.05,487172.35,353440.21,133732.14,27.45,UPI,5.0,No,2025-08
ORD101264,2025-08-25,CUST10413,Monitor,Accessories,Central,Online,Rep_18,2,19971,0.15,33950.7,32582.2,1368.5,4.03,Debit Card,4.1,No,2025-08
ORD103837,2025-08-25,CUST10190,Smartwatch,Wearables,North,Online,Rep_06,5,16266,0.1,73197.0,70711.46,2485.54,3.4,Debit Card,3.6,No,2025-08
ORD101297,2025-08-25,CUST10616,Smartphone,Mobile,North,Online,Rep_14,2,30794,0.08,56660.96,42265.79,14395.17,25.41,Cash,4.2,Yes,2025-08
ORD100182,2025-08-25,CUST10273,Smartphone,Mobile,Central,Retail Store,Rep_02,1,38333,0.0,38333.0,27827.53,10505.47,27.41,Net Banking,3.9,No,2025-08
ORD102483,2025-08-25,CUST10016,Smartwatch,Wearables,Central,Partner,Rep_17,2,21829,0.2,34926.4,33626.52,1299.88,3.72,Credit Card,4.1,No,2025-08
ORD101177,2025-08-25,CUST10030,Headphones,Audio,Central,Online,Rep_06,6,10969,0.0,65814.0,53328.84,12485.16,18.97,Net Banking,3.3,No,2025-08
ORD100357,2025-08-25,CUST10732,Laptop,Computers,South,Online,Rep_13,7,65880,0.2,368928.0,307436.49,61491.51,16.67,UPI,5.0,No,2025-08
ORD100560,2025-08-25,CUST10065,Mouse,Accessories,East,Online,Rep_09,4,2006,0.1,7221.6,5003.92,2217.68,30.71,Debit Card,3.4,Yes,2025-08
ORD104725,2025-08-25,CUST10331,Smartphone,Mobile,West,Partner,Rep_03,1,34866,0.08,32076.72,24045.33,8031.39,25.04,Net Banking,5.0,No,2025-08
ORD100364,2025-08-25,CUST10600,Keyboard,Accessories,North,Retail Store,Rep_13,5,3426,0.08,15759.6,14588.04,1171.56,7.43,Credit Card,3.3,No,2025-08
ORD102789,2025-08-25,CUST10512,Smartwatch,Wearables,South,Partner,Rep_16,2,11376,0.08,20931.84,17756.85,3174.99,15.17,Credit Card,4.8,No,2025-08
ORD100181,2025-08-25,CUST10663,Tablet,Mobile,South,Online,Rep_05,1,33004,0.05,31353.8,22405.16,8948.64,28.54,UPI,4.4,No,2025-08
ORD104867,2025-08-25,CUST10375,Tablet,Mobile,North,Online,Rep_17,7,17658,0.08,113717.52,78128.0,35589.52,31.3,Credit Card,4.3,No,2025-08
ORD100822,2025-08-26,CUST10171,Laptop,Computers,South,Retail Store,Rep_10,3,83835,0.08,231384.6,204493.2,26891.4,11.62,Credit Card,4.0,Yes,2025-08
ORD102325,2025-08-26,CUST10021,Printer,Office,Central,Online,Rep_15,8,25939,0.05,197136.4,151431.84,45704.56,23.18,Debit Card,5.0,No,2025-08
ORD103576,2025-08-26,CUST10146,Tablet,Mobile,South,Online,Rep_04,4,52820,0.05,200716.0,159344.93,41371.07,20.61,Debit Card,3.8,No,2025-08
ORD104987,2025-08-26,CUST10727,Headphones,Audio,West,Retail Store,Rep_03,4,5489,0.1,19760.4,15244.92,4515.48,22.85,UPI,4.7,No,2025-08
ORD100346,2025-08-26,CUST10184,Mouse,Accessories,West,Online,Rep_02,7,1391,0.05,9250.15,6040.59,3209.56,34.7,UPI,3.4,No,2025-08
ORD101500,2025-08-26,CUST10236,Webcam,Accessories,North,Retail Store,Rep_12,2,6081,0.0,12162.0,8123.32,4038.68,33.21,Credit Card,4.3,No,2025-08
ORD100033,2025-08-26,CUST10225,Laptop,Computers,Central,Online,Rep_17,7,78756,0.0,551292.0,479489.42,71802.58,13.02,UPI,3.2,No,2025-08
ORD104755,2025-08-27,CUST10728,Webcam,Accessories,West,Retail Store,Rep_07,7,2759,0.05,18347.35,12354.41,5992.94,32.66,Credit Card,5.0,No,2025-08
ORD101421,2025-08-27,CUST10078,Tablet,Mobile,South,Online,Rep_07,8,19732,0.08,145227.52,127721.24,17506.28,12.05,Credit Card,2.5,No,2025-08
ORD101835,2025-08-27,CUST10395,Printer,Office,South,Online,Rep_15,3,17329,0.15,44188.95,42699.34,1489.61,3.37,Net Banking,2.9,No,2025-08
ORD104102,2025-08-27,CUST10283,Monitor,Accessories,South,Online,Rep_07,3,29536,0.08,81519.36,59300.18,22219.18,27.26,UPI,3.2,No,2025-08
ORD100580,2025-08-27,CUST10424,Smartphone,Mobile,South,Retail Store,Rep_05,6,53196,0.05,303217.2,229347.82,73869.38,24.36,Cash,4.9,No,2025-08
ORD101849,2025-08-27,CUST10644,Webcam,Accessories,East,Retail Store,Rep_08,7,2113,0.05,14051.45,10482.16,3569.29,25.4,UPI,4.3,No,2025-08
ORD102424,2025-08-27,CUST10364,Monitor,Accessories,North,Online,Rep_12,3,17601,0.15,44882.55,42291.24,2591.31,5.77,UPI,5.0,No,2025-08
ORD102018,2025-08-27,CUST10718,Webcam,Accessories,East,Online,Rep_06,6,7102,0.08,39203.04,27169.83,12033.21,30.69,Debit Card,4.4,No,2025-08
ORD100259,2025-08-27,CUST10125,Keyboard,Accessories,East,Online,Rep_16,4,2969,0.08,10925.92,9721.81,1204.11,11.02,UPI,3.3,No,2025-08
ORD104037,2025-08-28,CUST10087,Smartwatch,Wearables,East,Partner,Rep_03,5,14355,0.15,61008.75,55656.4,5352.35,8.77,UPI,4.3,No,2025-08
ORD101454,2025-08-28,CUST10383,Keyboard,Accessories,South,Retail Store,Rep_06,7,886,0.08,5705.84,5360.2,345.64,6.06,Debit Card,4.4,Yes,2025-08
ORD102345,2025-08-28,CUST10138,Smartwatch,Wearables,South,Partner,Rep_13,2,23458,0.1,42224.4,39976.45,2247.95,5.32,UPI,4.4,No,2025-08
ORD101328,2025-08-28,CUST10247,Headphones,Audio,West,Partner,Rep_03,1,1213,0.02,1188.74,959.03,229.71,19.32,Credit Card,4.6,Yes,2025-08
ORD103114,2025-08-28,CUST10569,Laptop,Computers,South,Online,Rep_10,7,68992,0.2,386355.2,370085.18,16270.02,4.21,Credit Card,3.2,No,2025-08
ORD101482,2025-08-28,CUST10119,Smartphone,Mobile,Central,Retail Store,Rep_07,5,19543,0.02,95760.7,66111.82,29648.88,30.96,UPI,3.7,Yes,2025-08
ORD102404,2025-08-28,CUST10336,Tablet,Mobile,South,Retail Store,Rep_06,8,37903,0.08,278966.08,228219.22,50746.86,18.19,Credit Card,3.9,No,2025-08
ORD101596,2025-08-28,CUST10186,Keyboard,Accessories,North,Online,Rep_13,3,4289,0.0,12867.0,9382.25,3484.75,27.08,Credit Card,5.0,No,2025-08
ORD104966,2025-08-29,CUST10142,Smartphone,Mobile,West,Partner,Rep_06,2,34434,0.05,65424.6,51025.55,14399.05,22.01,UPI,3.7,No,2025-08
ORD103061,2025-08-29,CUST10285,Tablet,Mobile,North,Partner,Rep_09,4,46210,0.15,157114.0,115870.62,41243.38,26.25,Debit Card,3.0,No,2025-08
ORD100526,2025-08-29,CUST10553,Monitor,Accessories,North,Partner,Rep_01,4,25142,0.1,90511.2,66429.82,24081.38,26.61,Credit Card,3.6,No,2025-08
ORD104141,2025-08-29,CUST10510,Tablet,Mobile,West,Partner,Rep_17,1,43520,0.0,43520.0,27332.03,16187.97,37.2,Debit Card,3.6,No,2025-08
ORD103190,2025-08-29,CUST10047,Headphones,Audio,South,Online,Rep_11,8,5520,0.08,40627.2,27453.18,13174.02,32.43,Credit Card,4.2,No,2025-08
ORD102585,2025-08-29,CUST10707,Keyboard,Accessories,South,Retail Store,Rep_17,1,1727,0.05,1640.65,1217.76,422.89,25.78,Net Banking,4.3,Yes,2025-08
ORD102530,2025-08-30,CUST10113,Smartwatch,Wearables,South,Online,Rep_01,7,11770,0.0,82390.0,63902.18,18487.82,22.44,Debit Card,4.3,No,2025-08
ORD100084,2025-08-30,CUST10076,Laptop,Computers,South,Online,Rep_20,8,46667,0.02,365869.28,240731.61,125137.67,34.2,Debit Card,3.3,No,2025-08
ORD104367,2025-08-30,CUST10597,Laptop,Computers,North,Online,Rep_08,2,58081,0.05,110353.9,89193.32,21160.58,19.18,Debit Card,4.2,No,2025-08
ORD103769,2025-08-30,CUST10466,Smartphone,Mobile,South,Partner,Rep_05,6,20785,0.05,118474.5,88002.45,30472.05,25.72,Debit Card,4.0,No,2025-08
ORD101561,2025-08-30,CUST10230,Tablet,Mobile,Central,Retail Store,Rep_20,1,20334,0.2,16267.2,17644.55,-1377.35,-8.47,UPI,4.3,No,2025-08
ORD103558,2025-08-30,CUST10300,Monitor,Accessories,North,Partner,Rep_20,5,12377,0.0,61885.0,51096.6,10788.4,17.43,Credit Card,5.0,No,2025-08
ORD103211,2025-08-31,CUST10720,Smartphone,Mobile,East,Retail Store,Rep_17,2,34776,0.05,66074.4,52345.54,13728.86,20.78,Debit Card,5.0,No,2025-08
ORD103075,2025-08-31,CUST10559,Keyboard,Accessories,South,Retail Store,Rep_12,7,950,0.2,5320.0,5511.92,-191.92,-3.61,UPI,4.2,No,2025-08
ORD103487,2025-08-31,CUST10245,Tablet,Mobile,Central,Online,Rep_15,8,31650,0.1,227880.0,220889.29,6990.71,3.07,Credit Card,2.8,No,2025-08
ORD100816,2025-08-31,CUST10176,Keyboard,Accessories,Central,Partner,Rep_16,1,3133,0.08,2882.36,2259.29,623.07,21.62,UPI,4.2,No,2025-08
ORD100759,2025-08-31,CUST10475,Webcam,Accessories,West,Online,Rep_12,5,1756,0.0,8780.0,6775.13,2004.87,22.83,Net Banking,4.7,Yes,2025-08
ORD103633,2025-08-31,CUST10684,Monitor,Accessories,North,Retail Store,Rep_18,8,18921,0.0,151368.0,123809.89,27558.11,18.21,Credit Card,3.9,No,2025-08
ORD103873,2025-08-31,CUST10653,Smartphone,Mobile,North,Online,Rep_13,1,57772,0.1,51994.8,48118.04,3876.76,7.46,Net Banking,3.1,No,2025-08
ORD103563,2025-08-31,CUST10569,Laptop,Computers,West,Online,Rep_16,4,73557,0.02,288343.44,224883.91,63459.53,22.01,Credit Card,2.0,No,2025-08
ORD101255,2025-08-31,CUST10351,Mouse,Accessories,Central,Online,Rep_03,1,772,0.02,756.56,504.0,252.56,33.38,UPI,5.0,No,2025-08
ORD103442,2025-09-01,CUST10044,Keyboard,Accessories,East,Retail Store,Rep_02,2,4041,0.02,7920.36,5191.65,2728.71,34.45,Cash,4.3,No,2025-09
ORD103046,2025-09-01,CUST10291,Headphones,Audio,South,Online,Rep_13,4,3221,0.05,12239.8,8959.96,3279.84,26.8,Debit Card,4.5,No,2025-09
ORD101219,2025-09-01,CUST10644,Mouse,Accessories,South,Retail Store,Rep_15,2,974,0.08,1792.16,1426.66,365.5,20.39,UPI,4.0,No,2025-09
ORD102307,2025-09-01,CUST10462,Laptop,Computers,West,Online,Rep_11,1,108794,0.2,87035.2,73688.69,13346.51,15.33,Credit Card,3.8,No,2025-09
ORD102367,2025-09-01,CUST10521,Smartphone,Mobile,South,Partner,Rep_07,4,13234,0.02,51877.28,36555.72,15321.56,29.53,UPI,3.9,No,2025-09
ORD103646,2025-09-02,CUST10248,Smartphone,Mobile,North,Retail Store,Rep_18,2,42126,0.08,77511.84,52873.56,24638.28,31.79,Debit Card,4.5,No,2025-09
ORD102065,2025-09-02,CUST10431,Laptop,Computers,West,Online,Rep_14,8,73414,0.05,557946.4,464034.08,93912.32,16.83,UPI,5.0,No,2025-09
ORD103288,2025-09-02,CUST10694,Printer,Office,West,Online,Rep_13,2,6375,0.1,11475.0,8895.99,2579.01,22.48,UPI,4.7,No,2025-09
ORD102990,2025-09-02,CUST10658,Webcam,Accessories,West,Online,Rep_11,3,7798,0.05,22224.3,19764.68,2459.62,11.07,UPI,3.1,No,2025-09
ORD104063,2025-09-02,CUST10203,Headphones,Audio,South,Online,Rep_19,2,1995,0.05,3790.5,2898.87,891.63,23.52,Net Banking,3.6,No,2025-09
ORD100281,2025-09-03,CUST10165,Webcam,Accessories,Central,Partner,Rep_13,3,7118,0.0,21354.0,15775.57,5578.43,26.12,Credit Card,3.4,No,2025-09
ORD102116,2025-09-03,CUST10087,Smartphone,Mobile,Central,Online,Rep_20,4,23807,0.08,87609.76,64471.63,23138.13,26.41,UPI,3.8,No,2025-09
ORD103694,2025-09-03,CUST10666,Smartphone,Mobile,West,Online,Rep_14,7,28197,0.05,177641.1,154084.01,23557.09,13.26,Debit Card,3.9,No,2025-09
ORD104606,2025-09-03,CUST10664,Webcam,Accessories,South,Online,Rep_19,2,7691,0.08,14151.44,13209.22,942.22,6.66,Credit Card,4.5,No,2025-09
ORD101736,2025-09-03,CUST10261,Webcam,Accessories,East,Online,Rep_06,6,8729,0.1,47136.6,41256.56,5880.04,12.47,UPI,3.5,No,2025-09
ORD100971,2025-09-03,CUST10129,Mouse,Accessories,South,Retail Store,Rep_07,2,1467,0.08,2699.28,1897.16,802.12,29.72,Cash,4.2,No,2025-09
ORD103830,2025-09-03,CUST10088,Smartphone,Mobile,West,Retail Store,Rep_03,5,40647,0.05,193073.25,160980.13,32093.12,16.62,Cash,3.9,No,2025-09
ORD104268,2025-09-03,CUST10516,Laptop,Computers,East,Online,Rep_06,7,94887,0.0,664209.0,478272.34,185936.66,27.99,Credit Card,3.0,No,2025-09
ORD100077,2025-09-03,CUST10169,Headphones,Audio,North,Partner,Rep_01,5,4965,0.0,24825.0,20634.64,4190.36,16.88,Credit Card,4.1,No,2025-09
ORD102102,2025-09-03,CUST10184,Keyboard,Accessories,North,Partner,Rep_18,5,3426,0.1,15417.0,13144.56,2272.44,14.74,Debit Card,4.2,No,2025-09
ORD102090,2025-09-03,CUST10351,Tablet,Mobile,West,Partner,Rep_09,1,26802,0.2,21441.6,21578.91,-137.31,-0.64,Debit Card,4.2,No,2025-09
ORD103525,2025-09-04,CUST10635,Smartphone,Mobile,West,Online,Rep_15,5,36916,0.05,175351.0,154638.09,20712.91,11.81,Credit Card,4.1,No,2025-09
ORD104339,2025-09-04,CUST10188,Tablet,Mobile,North,Online,Rep_03,3,48901,0.1,132032.7,92105.5,39927.2,30.24,Credit Card,5.0,No,2025-09
ORD100257,2025-09-04,CUST10638,Smartwatch,Wearables,West,Online,Rep_04,6,8539,0.1,46110.6,40510.75,5599.85,12.14,Credit Card,5.0,No,2025-09
ORD102462,2025-09-04,CUST10329,Webcam,Accessories,South,Online,Rep_17,4,3081,0.15,10475.4,7790.8,2684.6,25.63,UPI,2.9,No,2025-09
ORD100088,2025-09-05,CUST10070,Mouse,Accessories,South,Retail Store,Rep_10,5,1039,0.15,4415.75,4212.14,203.61,4.61,Cash,3.2,No,2025-09
ORD100690,2025-09-05,CUST10387,Smartphone,Mobile,Central,Online,Rep_10,1,25061,0.15,21301.85,19670.89,1630.96,7.66,Credit Card,4.3,No,2025-09
ORD101050,2025-09-05,CUST10073,Laptop,Computers,West,Online,Rep_16,3,88278,0.05,251592.3,201985.83,49606.47,19.72,Credit Card,3.8,No,2025-09
ORD104555,2025-09-05,CUST10246,Monitor,Accessories,East,Online,Rep_02,2,16892,0.2,27027.2,21837.53,5189.67,19.2,Net Banking,4.7,No,2025-09
ORD104436,2025-09-05,CUST10701,Smartphone,Mobile,West,Online,Rep_18,7,37679,0.05,250565.35,183372.94,67192.41,26.82,Net Banking,3.3,No,2025-09
ORD102630,2025-09-05,CUST10441,Tablet,Mobile,South,Retail Store,Rep_07,5,43188,0.05,205143.0,168965.5,36177.5,17.64,Credit Card,3.5,No,2025-09
ORD104643,2025-09-05,CUST10661,Printer,Office,North,Online,Rep_04,5,9785,0.0,48925.0,37656.25,11268.75,23.03,Credit Card,4.7,No,2025-09
ORD104521,2025-09-05,CUST10234,Webcam,Accessories,Central,Online,Rep_04,2,8053,0.08,14817.52,11177.7,3639.82,24.56,Credit Card,5.0,No,2025-09
ORD102655,2025-09-05,CUST10367,Headphones,Audio,Central,Online,Rep_20,5,6130,0.2,24520.0,19686.69,4833.31,19.71,UPI,3.3,No,2025-09
ORD100714,2025-09-06,CUST10548,Monitor,Accessories,West,Online,Rep_03,5,9954,0.08,45788.4,42613.5,3174.9,6.93,UPI,4.1,No,2025-09
ORD104646,2025-09-06,CUST10004,Headphones,Audio,West,Retail Store,Rep_04,2,10162,0.05,19307.8,17876.38,1431.42,7.41,Credit Card,3.7,No,2025-09
ORD101725,2025-09-06,CUST10119,Mouse,Accessories,South,Online,Rep_01,4,1897,0.1,6829.2,5651.22,1177.98,17.25,Debit Card,3.9,No,2025-09
ORD103183,2025-09-06,CUST10164,Tablet,Mobile,South,Online,Rep_11,8,48203,0.0,385624.0,277256.44,108367.56,28.1,UPI,2.8,No,2025-09
ORD100696,2025-09-06,CUST10041,Mouse,Accessories,North,Online,Rep_08,2,644,0.02,1262.24,879.19,383.05,30.35,UPI,3.4,No,2025-09
ORD103176,2025-09-06,CUST10334,Smartphone,Mobile,South,Retail Store,Rep_20,7,35777,0.0,250439.0,186377.3,64061.7,25.58,Credit Card,3.3,No,2025-09
ORD101535,2025-09-06,CUST10053,Monitor,Accessories,South,Online,Rep_19,6,10736,0.02,63127.68,45565.46,17562.22,27.82,Credit Card,3.5,No,2025-09
ORD102912,2025-09-06,CUST10630,Laptop,Computers,North,Retail Store,Rep_09,6,83229,0.15,424467.9,385568.69,38899.21,9.16,Net Banking,4.5,No,2025-09
ORD102101,2025-09-06,CUST10306,Webcam,Accessories,Central,Retail Store,Rep_17,8,3091,0.15,21018.8,19119.52,1899.28,9.04,Net Banking,4.4,No,2025-09
ORD103367,2025-09-06,CUST10639,Tablet,Mobile,East,Online,Rep_15,7,32736,0.08,210819.84,170691.41,40128.43,19.03,Credit Card,3.7,No,2025-09
ORD101327,2025-09-07,CUST10697,Smartphone,Mobile,North,Retail Store,Rep_06,6,21926,0.15,111822.6,109667.15,2155.45,1.93,Credit Card,3.4,No,2025-09
ORD103856,2025-09-07,CUST10476,Laptop,Computers,Central,Retail Store,Rep_07,2,48704,0.02,95459.84,80037.31,15422.53,16.16,Net Banking,4.1,No,2025-09
ORD104193,2025-09-07,CUST10181,Monitor,Accessories,East,Retail Store,Rep_11,7,13613,0.02,93385.18,82233.12,11152.06,11.94,Credit Card,3.2,No,2025-09
ORD103008,2025-09-07,CUST10178,Laptop,Computers,South,Online,Rep_16,7,107164,0.05,712640.6,589536.47,123104.13,17.27,UPI,2.7,No,2025-09
ORD104100,2025-09-07,CUST10039,Laptop,Computers,West,Retail Store,Rep_02,4,99007,0.15,336623.8,294648.67,41975.13,12.47,Credit Card,3.6,No,2025-09
ORD103931,2025-09-07,CUST10597,Smartwatch,Wearables,South,Retail Store,Rep_16,4,23221,0.02,91026.32,58586.7,32439.62,35.64,Cash,3.7,No,2025-09
ORD100149,2025-09-07,CUST10328,Laptop,Computers,South,Retail Store,Rep_08,3,95738,0.0,287214.0,239505.73,47708.27,16.61,UPI,4.1,No,2025-09
ORD103418,2025-09-08,CUST10658,Mouse,Accessories,East,Online,Rep_01,5,2022,0.1,9099.0,8385.25,713.75,7.84,Credit Card,4.0,No,2025-09
ORD100245,2025-09-08,CUST10056,Laptop,Computers,East,Partner,Rep_05,4,98728,0.05,375166.4,260966.16,114200.24,30.44,Credit Card,3.3,No,2025-09
ORD104327,2025-09-08,CUST10487,Laptop,Computers,West,Partner,Rep_18,6,94775,0.05,540217.5,426430.04,113787.46,21.06,Net Banking,3.7,No,2025-09
ORD100134,2025-09-08,CUST10031,Tablet,Mobile,Central,Retail Store,Rep_08,1,47860,0.08,44031.2,31062.03,12969.17,29.45,Debit Card,4.7,No,2025-09
ORD100980,2025-09-08,CUST10319,Keyboard,Accessories,North,Online,Rep_20,4,3052,0.02,11963.84,9119.56,2844.28,23.77,Net Banking,3.7,No,2025-09
ORD103599,2025-09-09,CUST10461,Tablet,Mobile,South,Online,Rep_05,2,27406,0.15,46590.2,40775.09,5815.11,12.48,UPI,3.7,No,2025-09
ORD103401,2025-09-09,CUST10246,Laptop,Computers,Central,Online,Rep_13,3,79675,0.08,219903.0,178023.55,41879.45,19.04,Credit Card,3.5,No,2025-09
ORD103494,2025-09-09,CUST10127,Webcam,Accessories,South,Online,Rep_15,3,8309,0.02,24428.46,17659.96,6768.5,27.71,Credit Card,5.0,No,2025-09
ORD104206,2025-09-09,CUST10093,Monitor,Accessories,North,Online,Rep_20,8,28886,0.08,212600.96,200032.68,12568.28,5.91,UPI,4.1,Yes,2025-09
ORD100479,2025-09-09,CUST10403,Smartwatch,Wearables,East,Online,Rep_13,8,19838,0.1,142833.6,118122.6,24711.0,17.3,UPI,3.7,No,2025-09
ORD100411,2025-09-09,CUST10087,Tablet,Mobile,South,Partner,Rep_14,4,19146,0.05,72754.8,49294.08,23460.72,32.25,Debit Card,4.8,No,2025-09
ORD102014,2025-09-10,CUST10054,Smartphone,Mobile,South,Online,Rep_19,8,26337,0.0,210696.0,162492.38,48203.62,22.88,UPI,3.3,No,2025-09
ORD102955,2025-09-10,CUST10646,Smartwatch,Wearables,North,Partner,Rep_14,4,9563,0.05,36339.4,32972.36,3367.04,9.27,Debit Card,4.8,No,2025-09
ORD103322,2025-09-10,CUST10176,Laptop,Computers,South,Partner,Rep_17,1,62851,0.08,57822.92,40763.25,17059.67,29.5,Credit Card,2.5,No,2025-09
ORD100064,2025-09-10,CUST10332,Tablet,Mobile,West,Partner,Rep_19,1,27394,0.05,26024.3,17544.96,8479.34,32.58,UPI,4.7,No,2025-09
ORD103819,2025-09-10,CUST10660,Printer,Office,South,Partner,Rep_19,4,24913,0.2,79721.6,76127.04,3594.56,4.51,Cash,4.6,No,2025-09
ORD104705,2025-09-10,CUST10612,Monitor,Accessories,South,Partner,Rep_20,6,16359,0.02,96190.92,81506.91,14684.01,15.27,Credit Card,3.1,No,2025-09
ORD102029,2025-09-10,CUST10180,Smartphone,Mobile,North,Online,Rep_17,6,36838,0.0,221028.0,192237.11,28790.89,13.03,Cash,3.5,No,2025-09
ORD101816,2025-09-10,CUST10520,Smartwatch,Wearables,East,Online,Rep_19,6,4091,0.0,24546.0,17260.95,7285.05,29.68,UPI,5.0,No,2025-09
ORD103864,2025-09-10,CUST10398,Smartphone,Mobile,South,Online,Rep_04,3,20545,0.0,61635.0,49561.33,12073.67,19.59,UPI,4.8,Yes,2025-09
ORD104348,2025-09-10,CUST10411,Keyboard,Accessories,East,Online,Rep_13,3,1108,0.05,3157.8,2570.64,587.16,18.59,Credit Card,3.7,No,2025-09
ORD101440,2025-09-10,CUST10644,Mouse,Accessories,Central,Online,Rep_15,1,1088,0.0,1088.0,763.13,324.87,29.86,Credit Card,3.3,No,2025-09
ORD101752,2025-09-10,CUST10135,Smartphone,Mobile,East,Online,Rep_07,6,37120,0.05,211584.0,145447.1,66136.9,31.26,Debit Card,3.1,No,2025-09
ORD102314,2025-09-10,CUST10283,Headphones,Audio,South,Online,Rep_10,8,10598,0.02,83088.32,74058.93,9029.39,10.87,Cash,4.7,No,2025-09
ORD103375,2025-09-10,CUST10215,Printer,Office,South,Online,Rep_12,2,12306,0.1,22150.8,17680.51,4470.29,20.18,UPI,3.8,No,2025-09
ORD100887,2025-09-10,CUST10267,Mouse,Accessories,South,Online,Rep_11,6,1791,0.08,9886.32,8420.41,1465.91,14.83,Credit Card,4.5,No,2025-09
ORD102257,2025-09-10,CUST10565,Keyboard,Accessories,West,Online,Rep_07,7,979,0.1,6167.7,5273.52,894.18,14.5,Debit Card,4.9,No,2025-09
ORD101735,2025-09-10,CUST10234,Smartphone,Mobile,South,Retail Store,Rep_18,7,51695,0.05,343771.75,256793.38,86978.37,25.3,Credit Card,3.3,No,2025-09
ORD103514,2025-09-11,CUST10302,Printer,Office,West,Online,Rep_09,7,19407,0.0,135849.0,110206.14,25642.86,18.88,Cash,3.2,No,2025-09
ORD104793,2025-09-11,CUST10111,Laptop,Computers,Central,Online,Rep_15,8,94513,0.08,695615.68,647081.89,48533.79,6.98,Cash,5.0,No,2025-09
ORD104073,2025-09-11,CUST10350,Keyboard,Accessories,West,Online,Rep_02,4,3012,0.05,11445.6,8764.88,2680.72,23.42,UPI,4.1,No,2025-09
ORD102808,2025-09-11,CUST10606,Smartphone,Mobile,South,Retail Store,Rep_06,1,53237,0.15,45251.45,37434.68,7816.77,17.27,UPI,4.7,No,2025-09
ORD101507,2025-09-11,CUST10135,Keyboard,Accessories,West,Partner,Rep_15,1,1023,0.05,971.85,740.52,231.33,23.8,UPI,4.3,No,2025-09
ORD103280,2025-09-11,CUST10395,Printer,Office,West,Online,Rep_18,2,14481,0.1,26065.8,22001.27,4064.53,15.59,Debit Card,4.7,No,2025-09
ORD100159,2025-09-11,CUST10041,Smartphone,Mobile,West,Online,Rep_09,5,59686,0.0,298430.0,221227.35,77202.65,25.87,Credit Card,3.3,No,2025-09
ORD104157,2025-09-11,CUST10671,Keyboard,Accessories,South,Retail Store,Rep_17,2,1695,0.05,3220.5,2202.21,1018.29,31.62,UPI,4.0,No,2025-09
ORD104808,2025-09-11,CUST10193,Smartwatch,Wearables,West,Partner,Rep_20,6,11232,0.05,64022.4,51991.03,12031.37,18.79,UPI,3.9,Yes,2025-09
ORD100188,2025-09-12,CUST10316,Keyboard,Accessories,South,Online,Rep_12,6,3682,0.05,20987.4,15691.06,5296.34,25.24,Debit Card,4.5,No,2025-09
ORD104307,2025-09-12,CUST10456,Monitor,Accessories,East,Online,Rep_15,2,13152,0.02,25777.92,16624.48,9153.44,35.51,Debit Card,4.0,No,2025-09
ORD102914,2025-09-12,CUST10697,Smartwatch,Wearables,North,Online,Rep_20,4,4128,0.08,15191.04,10688.75,4502.29,29.64,Net Banking,4.9,No,2025-09
ORD100235,2025-09-12,CUST10243,Smartphone,Mobile,West,Online,Rep_16,4,38359,0.02,150367.28,132704.47,17662.81,11.75,UPI,4.3,No,2025-09
ORD103127,2025-09-12,CUST10378,Mouse,Accessories,East,Partner,Rep_04,8,1050,0.05,7980.0,6446.33,1533.67,19.22,UPI,4.3,No,2025-09
ORD100440,2025-09-12,CUST10723,Laptop,Computers,West,Retail Store,Rep_18,7,85676,0.2,479785.6,525703.55,-45917.95,-9.57,Debit Card,5.0,No,2025-09
ORD100150,2025-09-12,CUST10199,Smartphone,Mobile,West,Online,Rep_17,1,28761,0.05,27322.95,18053.27,9269.68,33.93,Net Banking,4.6,No,2025-09
ORD103767,2025-09-12,CUST10059,Keyboard,Accessories,East,Online,Rep_01,6,1349,0.0,8094.0,5618.0,2476.0,30.59,UPI,3.9,No,2025-09
ORD104539,2025-09-12,CUST10006,Laptop,Computers,North,Retail Store,Rep_03,4,48462,0.15,164770.8,161434.54,3336.26,2.02,Credit Card,4.6,No,2025-09
ORD101077,2025-09-12,CUST10528,Tablet,Mobile,West,Online,Rep_18,4,48246,0.05,183334.8,133465.11,49869.69,27.2,UPI,4.5,No,2025-09
ORD100663,2025-09-12,CUST10458,Mouse,Accessories,North,Partner,Rep_02,1,482,0.08,443.44,316.55,126.89,28.61,Credit Card,3.6,No,2025-09
ORD100174,2025-09-12,CUST10111,Smartphone,Mobile,Central,Online,Rep_10,5,19817,0.08,91158.2,68893.15,22265.05,24.42,Credit Card,3.6,No,2025-09
ORD103473,2025-09-12,CUST10177,Mouse,Accessories,North,Online,Rep_06,5,1265,0.02,6198.5,5385.32,813.18,13.12,Cash,3.3,No,2025-09
ORD103764,2025-09-12,CUST10425,Smartphone,Mobile,South,Partner,Rep_15,3,12620,0.02,37102.8,31629.91,5472.89,14.75,UPI,4.8,No,2025-09
ORD104535,2025-09-12,CUST10233,Keyboard,Accessories,West,Online,Rep_06,4,1840,0.05,6992.0,5680.67,1311.33,18.75,UPI,4.6,No,2025-09
ORD102094,2025-09-12,CUST10292,Keyboard,Accessories,South,Online,Rep_05,6,2690,0.05,15333.0,13664.27,1668.73,10.88,UPI,4.5,No,2025-09
ORD100927,2025-09-12,CUST10111,Smartphone,Mobile,Central,Online,Rep_11,5,25470,0.1,114615.0,106234.78,8380.22,7.31,UPI,3.9,No,2025-09
ORD100867,2025-09-12,CUST10590,Smartphone,Mobile,Central,Online,Rep_01,5,15391,0.05,73107.25,66011.79,7095.46,9.71,UPI,4.1,No,2025-09
ORD100194,2025-09-13,CUST10354,Mouse,Accessories,South,Online,Rep_20,5,1340,0.1,6030.0,5608.95,421.05,6.98,Credit Card,3.7,No,2025-09
ORD103535,2025-09-13,CUST10038,Smartphone,Mobile,North,Online,Rep_19,6,60452,0.15,308305.2,251094.42,57210.78,18.56,Net Banking,4.9,No,2025-09
ORD103778,2025-09-13,CUST10028,Keyboard,Accessories,West,Online,Rep_20,7,3382,0.0,23674.0,20380.76,3293.24,13.91,Credit Card,4.7,No,2025-09
ORD101106,2025-09-13,CUST10674,Smartphone,Mobile,North,Retail Store,Rep_04,8,60208,0.05,457580.8,307337.22,150243.58,32.83,Debit Card,4.7,No,2025-09
ORD103010,2025-09-13,CUST10328,Laptop,Computers,East,Online,Rep_07,7,79238,0.15,471466.1,461302.03,10164.07,2.16,UPI,5.0,No,2025-09
ORD104009,2025-09-13,CUST10320,Mouse,Accessories,Central,Partner,Rep_11,4,1202,0.15,4086.8,3899.81,186.99,4.58,Net Banking,3.5,No,2025-09
ORD104465,2025-09-13,CUST10525,Mouse,Accessories,South,Online,Rep_10,8,940,0.15,6392.0,6436.77,-44.77,-0.7,Cash,3.7,No,2025-09
ORD103424,2025-09-13,CUST10494,Laptop,Computers,East,Retail Store,Rep_18,3,78622,0.08,216996.72,164197.17,52799.55,24.33,UPI,3.7,No,2025-09
ORD102423,2025-09-14,CUST10718,Headphones,Audio,East,Online,Rep_14,4,8081,0.05,30707.8,22138.12,8569.68,27.91,UPI,3.6,No,2025-09
ORD103684,2025-09-14,CUST10362,Smartphone,Mobile,West,Retail Store,Rep_20,6,40080,0.15,204408.0,172329.14,32078.86,15.69,UPI,4.9,No,2025-09
ORD102181,2025-09-14,CUST10647,Tablet,Mobile,North,Online,Rep_18,2,25160,0.1,45288.0,31959.43,13328.57,29.43,Credit Card,3.6,Yes,2025-09
ORD100669,2025-09-14,CUST10412,Smartphone,Mobile,East,Retail Store,Rep_08,2,62041,0.08,114155.44,87151.07,27004.37,23.66,UPI,4.2,No,2025-09
ORD101378,2025-09-14,CUST10336,Keyboard,Accessories,Central,Retail Store,Rep_07,1,2344,0.02,2297.12,1874.75,422.37,18.39,Debit Card,4.2,No,2025-09
ORD102885,2025-09-14,CUST10707,Laptop,Computers,East,Online,Rep_13,2,94877,0.05,180266.3,119267.92,60998.38,33.84,UPI,2.5,No,2025-09
ORD103486,2025-09-14,CUST10738,Keyboard,Accessories,West,Online,Rep_18,7,1164,0.05,7740.6,6728.98,1011.62,13.07,Net Banking,4.3,No,2025-09
ORD104612,2025-09-14,CUST10635,Laptop,Computers,Central,Online,Rep_16,3,49538,0.1,133752.6,104855.92,28896.68,21.6,Debit Card,4.0,No,2025-09
ORD102442,2025-09-14,CUST10086,Keyboard,Accessories,West,Retail Store,Rep_13,5,3388,0.02,16601.2,11807.03,4794.17,28.88,Debit Card,4.4,No,2025-09
ORD102343,2025-09-14,CUST10654,Laptop,Computers,North,Online,Rep_20,5,65883,0.0,329415.0,284507.9,44907.1,13.63,Cash,5.0,Yes,2025-09
ORD102555,2025-09-14,CUST10090,Laptop,Computers,West,Online,Rep_10,3,82397,0.0,247191.0,189205.6,57985.4,23.46,Credit Card,4.8,No,2025-09
ORD102195,2025-09-14,CUST10343,Smartphone,Mobile,North,Partner,Rep_17,3,12449,0.0,37347.0,24463.15,12883.85,34.5,Credit Card,3.2,No,2025-09
ORD103611,2025-09-14,CUST10738,Keyboard,Accessories,North,Retail Store,Rep_07,6,885,0.0,5310.0,4114.67,1195.33,22.51,Credit Card,4.5,No,2025-09
ORD103980,2025-09-14,CUST10497,Monitor,Accessories,Central,Retail Store,Rep_09,6,9785,0.05,55774.5,48246.33,7528.17,13.5,UPI,4.1,No,2025-09
ORD102795,2025-09-15,CUST10201,Monitor,Accessories,North,Online,Rep_11,2,8304,0.02,16275.84,12403.8,3872.04,23.79,UPI,2.8,No,2025-09
ORD102687,2025-09-15,CUST10291,Smartphone,Mobile,North,Online,Rep_03,6,59834,0.15,305153.4,295256.27,9897.13,3.24,Cash,4.1,No,2025-09
ORD100153,2025-09-15,CUST10124,Smartphone,Mobile,South,Online,Rep_10,6,24379,0.0,146274.0,118140.15,28133.85,19.23,Credit Card,4.3,No,2025-09
ORD103314,2025-09-15,CUST10529,Laptop,Computers,West,Online,Rep_03,5,80995,0.08,372577.0,261512.72,111064.28,29.81,Debit Card,4.5,No,2025-09
ORD100111,2025-09-15,CUST10350,Smartphone,Mobile,East,Online,Rep_01,7,44338,0.05,294847.7,230990.53,63857.17,21.66,Net Banking,4.3,No,2025-09
ORD104133,2025-09-15,CUST10190,Mouse,Accessories,North,Retail Store,Rep_18,5,1125,0.15,4781.25,4423.73,357.52,7.48,UPI,3.7,No,2025-09
ORD101365,2025-09-15,CUST10427,Headphones,Audio,West,Online,Rep_14,3,4839,0.05,13791.15,9625.72,4165.43,30.2,Credit Card,3.6,No,2025-09
ORD100386,2025-09-15,CUST10482,Printer,Office,West,Online,Rep_07,4,16609,0.05,63114.2,50637.55,12476.65,19.77,UPI,4.3,No,2025-09
ORD100646,2025-09-15,CUST10749,Webcam,Accessories,South,Online,Rep_08,4,5918,0.15,20121.2,20554.84,-433.64,-2.16,Debit Card,4.7,No,2025-09
ORD102854,2025-09-16,CUST10499,Webcam,Accessories,South,Online,Rep_15,7,6018,0.15,35807.1,31418.71,4388.39,12.26,Cash,4.2,No,2025-09
ORD100671,2025-09-16,CUST10388,Smartphone,Mobile,East,Online,Rep_20,5,37337,0.05,177350.75,133455.82,43894.93,24.75,Credit Card,3.5,No,2025-09
ORD103787,2025-09-16,CUST10572,Keyboard,Accessories,South,Retail Store,Rep_03,7,3821,0.02,26212.06,21966.13,4245.93,16.2,UPI,3.3,No,2025-09
ORD101171,2025-09-16,CUST10026,Mouse,Accessories,Central,Online,Rep_20,3,1444,0.08,3985.44,3745.86,239.58,6.01,Credit Card,3.7,No,2025-09
ORD104907,2025-09-16,CUST10539,Smartwatch,Wearables,West,Retail Store,Rep_13,8,19643,0.05,149286.8,105650.3,43636.5,29.23,Cash,5.0,No,2025-09
ORD104469,2025-09-16,CUST10185,Smartwatch,Wearables,North,Retail Store,Rep_20,6,2607,0.08,14390.64,13558.47,832.17,5.78,Credit Card,4.6,No,2025-09
ORD104505,2025-09-16,CUST10161,Monitor,Accessories,West,Online,Rep_05,5,10334,0.0,51670.0,40096.68,11573.32,22.4,Net Banking,3.5,No,2025-09
ORD100513,2025-09-16,CUST10496,Smartwatch,Wearables,Central,Partner,Rep_14,7,24270,0.1,152901.0,126879.46,26021.54,17.02,Debit Card,3.4,No,2025-09
ORD100775,2025-09-16,CUST10244,Printer,Office,West,Online,Rep_07,7,23289,0.08,149981.16,101756.45,48224.71,32.15,UPI,5.0,No,2025-09
ORD103144,2025-09-16,CUST10388,Keyboard,Accessories,South,Partner,Rep_14,4,1998,0.15,6793.2,6061.76,731.44,10.77,Cash,3.3,No,2025-09
ORD103690,2025-09-16,CUST10489,Laptop,Computers,West,Online,Rep_05,5,48792,0.05,231762.0,171330.53,60431.47,26.07,UPI,3.4,No,2025-09
ORD103785,2025-09-16,CUST10185,Printer,Office,Central,Partner,Rep_10,2,18445,0.05,35045.5,25604.85,9440.65,26.94,Debit Card,4.2,No,2025-09
ORD100147,2025-09-16,CUST10633,Mouse,Accessories,South,Retail Store,Rep_18,2,558,0.05,1060.2,835.53,224.67,21.19,Net Banking,3.7,No,2025-09
ORD100552,2025-09-16,CUST10243,Printer,Office,East,Online,Rep_08,6,9371,0.05,53414.7,40024.98,13389.72,25.07,Debit Card,4.1,No,2025-09
ORD103903,2025-09-17,CUST10488,Webcam,Accessories,West,Online,Rep_11,4,4831,0.05,18357.8,12816.21,5541.59,30.19,Credit Card,5.0,No,2025-09
ORD102960,2025-09-17,CUST10309,Printer,Office,South,Online,Rep_06,4,23705,0.05,90079.0,61453.75,28625.25,31.78,Debit Card,4.0,No,2025-09
ORD103518,2025-09-17,CUST10590,Tablet,Mobile,Central,Partner,Rep_04,8,31452,0.1,226454.4,194199.84,32254.56,14.24,Credit Card,3.4,No,2025-09
ORD103762,2025-09-17,CUST10595,Headphones,Audio,East,Retail Store,Rep_06,8,10368,0.02,81285.12,52300.32,28984.8,35.66,Net Banking,3.6,No,2025-09
ORD103788,2025-09-17,CUST10474,Monitor,Accessories,North,Online,Rep_05,8,25838,0.05,196368.8,176970.06,19398.74,9.88,Credit Card,4.5,No,2025-09
ORD100856,2025-09-17,CUST10633,Smartphone,Mobile,Central,Online,Rep_09,8,43937,0.0,351496.0,286392.05,65103.95,18.52,Debit Card,3.6,No,2025-09
ORD101250,2025-09-17,CUST10061,Mouse,Accessories,South,Online,Rep_19,2,1985,0.02,3890.6,2541.04,1349.56,34.69,Credit Card,4.3,No,2025-09
ORD104114,2025-09-17,CUST10549,Laptop,Computers,North,Online,Rep_20,3,64935,0.05,185064.75,137826.44,47238.31,25.53,Credit Card,2.5,No,2025-09
ORD102803,2025-09-17,CUST10349,Smartwatch,Wearables,Central,Retail Store,Rep_12,1,2686,0.08,2471.12,2320.3,150.82,6.1,Credit Card,4.3,No,2025-09
ORD102568,2025-09-17,CUST10052,Smartphone,Mobile,Central,Online,Rep_15,2,64510,0.05,122569.0,93437.01,29131.99,23.77,Debit Card,4.3,No,2025-09
ORD103990,2025-09-18,CUST10288,Webcam,Accessories,Central,Online,Rep_03,5,5859,0.05,27830.25,18181.1,9649.15,34.67,Cash,3.9,No,2025-09
ORD100666,2025-09-18,CUST10409,Smartphone,Mobile,South,Online,Rep_16,8,63825,0.08,469752.0,378704.05,91047.95,19.38,Net Banking,3.3,No,2025-09
ORD101302,2025-09-18,CUST10410,Smartwatch,Wearables,West,Online,Rep_20,3,4333,0.05,12349.05,10096.91,2252.14,18.24,Net Banking,5.0,No,2025-09
ORD102355,2025-09-18,CUST10549,Headphones,Audio,West,Partner,Rep_15,6,2959,0.02,17398.92,13897.29,3501.63,20.13,Credit Card,4.1,No,2025-09
ORD101090,2025-09-18,CUST10375,Smartphone,Mobile,South,Online,Rep_16,3,37483,0.05,106826.55,83730.09,23096.46,21.62,Credit Card,3.8,No,2025-09
ORD102835,2025-09-18,CUST10340,Monitor,Accessories,East,Online,Rep_04,6,21148,0.02,124350.24,94174.17,30176.07,24.27,UPI,3.5,No,2025-09
ORD104004,2025-09-18,CUST10086,Smartphone,Mobile,South,Online,Rep_12,2,40408,0.05,76775.2,68384.57,8390.63,10.93,Credit Card,4.6,No,2025-09
ORD104387,2025-09-18,CUST10691,Smartwatch,Wearables,North,Online,Rep_16,7,23087,0.2,129287.2,100634.29,28652.91,22.16,UPI,4.0,No,2025-09
ORD103275,2025-09-19,CUST10213,Printer,Office,North,Online,Rep_01,3,9880,0.08,27268.8,24697.65,2571.15,9.43,Net Banking,5.0,No,2025-09
ORD100339,2025-09-19,CUST10568,Monitor,Accessories,West,Online,Rep_19,7,27983,0.05,186086.95,170223.24,15863.71,8.52,UPI,4.1,No,2025-09
ORD102815,2025-09-19,CUST10585,Keyboard,Accessories,East,Retail Store,Rep_05,5,1164,0.15,4947.0,5095.13,-148.13,-2.99,Cash,4.4,No,2025-09
ORD100524,2025-09-19,CUST10417,Printer,Office,North,Online,Rep_17,4,19408,0.08,71421.44,67901.18,3520.26,4.93,Debit Card,3.0,No,2025-09
ORD101276,2025-09-19,CUST10647,Laptop,Computers,East,Partner,Rep_19,3,104696,0.15,266974.8,248491.0,18483.8,6.92,UPI,4.7,No,2025-09
ORD104865,2025-09-19,CUST10188,Tablet,Mobile,South,Retail Store,Rep_02,7,44278,0.02,303747.08,267478.06,36269.02,11.94,Cash,2.7,No,2025-09
ORD101594,2025-09-19,CUST10379,Laptop,Computers,West,Online,Rep_03,5,52078,0.02,255182.2,165777.34,89404.86,35.04,Net Banking,4.6,No,2025-09
ORD104564,2025-09-20,CUST10132,Laptop,Computers,East,Online,Rep_08,2,52245,0.05,99265.5,68950.74,30314.76,30.54,Credit Card,4.0,No,2025-09
ORD104182,2025-09-20,CUST10652,Mouse,Accessories,West,Online,Rep_17,8,1881,0.05,14295.6,11425.18,2870.42,20.08,Credit Card,4.5,No,2025-09
ORD104734,2025-09-20,CUST10626,Smartwatch,Wearables,South,Retail Store,Rep_14,7,15116,0.02,103695.76,71292.08,32403.68,31.25,Net Banking,4.2,No,2025-09
ORD104581,2025-09-20,CUST10177,Smartwatch,Wearables,South,Online,Rep_04,7,24172,0.15,143823.4,143378.63,444.77,0.31,Credit Card,5.0,No,2025-09
ORD104258,2025-09-20,CUST10333,Monitor,Accessories,North,Online,Rep_13,7,14436,0.05,95999.4,63314.1,32685.3,34.05,Net Banking,4.4,No,2025-09
ORD103220,2025-09-20,CUST10538,Headphones,Audio,West,Online,Rep_20,1,3356,0.05,3188.2,2383.15,805.05,25.25,Debit Card,5.0,No,2025-09
ORD100691,2025-09-21,CUST10038,Tablet,Mobile,North,Retail Store,Rep_13,6,30952,0.0,185712.0,117324.01,68387.99,36.82,UPI,3.9,No,2025-09
ORD103167,2025-09-21,CUST10078,Smartwatch,Wearables,North,Online,Rep_15,1,22911,0.05,21765.45,15046.02,6719.43,30.87,Credit Card,4.7,No,2025-09
ORD103034,2025-09-21,CUST10746,Laptop,Computers,West,Online,Rep_10,2,86809,0.1,156256.2,124278.79,31977.41,20.46,UPI,3.3,No,2025-09
ORD100930,2025-09-21,CUST10608,Smartphone,Mobile,South,Retail Store,Rep_20,7,25854,0.05,171929.1,135967.09,35962.01,20.92,Net Banking,4.2,No,2025-09
ORD104272,2025-09-21,CUST10418,Smartwatch,Wearables,North,Partner,Rep_17,5,12863,0.15,54667.75,51946.01,2721.74,4.98,Credit Card,5.0,No,2025-09
ORD104282,2025-09-21,CUST10291,Headphones,Audio,South,Partner,Rep_10,1,10161,0.05,9652.95,7208.11,2444.84,25.33,UPI,3.7,No,2025-09
ORD102703,2025-09-21,CUST10636,Smartphone,Mobile,East,Online,Rep_15,7,30551,0.02,209579.86,183211.99,26367.87,12.58,UPI,3.0,No,2025-09
ORD103874,2025-09-21,CUST10414,Printer,Office,West,Online,Rep_06,6,10462,0.02,61516.56,48946.47,12570.09,20.43,UPI,3.2,No,2025-09
ORD102080,2025-09-21,CUST10568,Headphones,Audio,South,Online,Rep_09,1,5063,0.0,5063.0,3619.12,1443.88,28.52,Net Banking,3.9,No,2025-09
ORD103323,2025-09-22,CUST10584,Headphones,Audio,Central,Partner,Rep_20,7,2758,0.15,16410.1,16559.08,-148.98,-0.91,Credit Card,4.6,No,2025-09
ORD103263,2025-09-22,CUST10339,Monitor,Accessories,North,Online,Rep_17,5,13535,0.05,64291.25,49355.53,14935.72,23.23,Cash,3.8,No,2025-09
ORD104736,2025-09-22,CUST10522,Smartphone,Mobile,West,Partner,Rep_05,6,30288,0.0,181728.0,159518.05,22209.95,12.22,Debit Card,3.5,No,2025-09
ORD101937,2025-09-22,CUST10184,Smartphone,Mobile,West,Retail Store,Rep_13,4,15078,0.02,59105.76,48180.12,10925.64,18.48,Net Banking,3.8,No,2025-09
ORD104080,2025-09-22,CUST10035,Smartphone,Mobile,North,Online,Rep_09,2,20379,0.05,38720.1,31237.61,7482.49,19.32,Credit Card,3.6,No,2025-09
ORD103468,2025-09-22,CUST10129,Mouse,Accessories,South,Online,Rep_11,5,814,0.05,3866.5,2678.22,1188.28,30.73,Debit Card,4.5,No,2025-09
ORD102407,2025-09-22,CUST10105,Tablet,Mobile,South,Retail Store,Rep_17,7,38289,0.05,254621.85,194884.36,59737.49,23.46,Debit Card,3.5,No,2025-09
ORD100412,2025-09-22,CUST10031,Smartwatch,Wearables,North,Online,Rep_10,3,21515,0.2,51636.0,56502.5,-4866.5,-9.42,UPI,2.4,No,2025-09
ORD104275,2025-09-22,CUST10308,Mouse,Accessories,East,Partner,Rep_09,2,820,0.2,1312.0,1408.12,-96.12,-7.33,UPI,3.4,No,2025-09
ORD102734,2025-09-22,CUST10398,Smartwatch,Wearables,South,Partner,Rep_04,6,14132,0.05,80552.4,70544.81,10007.59,12.42,UPI,4.1,No,2025-09
ORD101910,2025-09-23,CUST10215,Smartphone,Mobile,North,Online,Rep_16,1,63341,0.0,63341.0,46139.46,17201.54,27.16,Debit Card,4.4,No,2025-09
ORD103115,2025-09-23,CUST10226,Smartphone,Mobile,West,Retail Store,Rep_16,8,45288,0.05,344188.8,238097.19,106091.61,30.82,UPI,4.6,No,2025-09
ORD103398,2025-09-23,CUST10074,Printer,Office,Central,Online,Rep_08,2,6568,0.05,12479.2,9167.75,3311.45,26.54,UPI,4.0,No,2025-09
ORD103801,2025-09-23,CUST10683,Tablet,Mobile,Central,Retail Store,Rep_07,8,35781,0.08,263348.16,226242.66,37105.5,14.09,UPI,4.5,No,2025-09
ORD103329,2025-09-23,CUST10640,Smartphone,Mobile,Central,Retail Store,Rep_18,8,53500,0.08,393760.0,344346.21,49413.79,12.55,Credit Card,3.5,No,2025-09
ORD102254,2025-09-23,CUST10737,Printer,Office,South,Partner,Rep_07,7,20251,0.15,120493.45,120376.31,117.14,0.1,UPI,3.9,No,2025-09
ORD100086,2025-09-23,CUST10048,Tablet,Mobile,East,Online,Rep_16,7,29143,0.05,193800.95,160703.79,33097.16,17.08,UPI,4.8,No,2025-09
ORD104743,2025-09-23,CUST10709,Laptop,Computers,West,Partner,Rep_01,5,104157,0.08,479122.2,369075.82,110046.38,22.97,UPI,3.6,No,2025-09
ORD102819,2025-09-23,CUST10235,Laptop,Computers,West,Retail Store,Rep_13,3,47698,0.0,143094.0,110859.12,32234.88,22.53,UPI,5.0,No,2025-09
ORD104707,2025-09-23,CUST10155,Headphones,Audio,North,Online,Rep_05,8,2981,0.05,22655.6,17659.46,4996.14,22.05,Credit Card,2.6,No,2025-09
ORD100337,2025-09-23,CUST10449,Printer,Office,Central,Online,Rep_19,6,25689,0.08,141803.28,103954.47,37848.81,26.69,Net Banking,3.2,No,2025-09
ORD103884,2025-09-23,CUST10257,Smartphone,Mobile,Central,Online,Rep_11,8,60723,0.1,437205.6,399329.97,37875.63,8.66,Debit Card,3.0,No,2025-09
ORD101057,2025-09-24,CUST10065,Headphones,Audio,South,Partner,Rep_01,2,6657,0.15,11316.9,10949.37,367.53,3.25,UPI,3.2,No,2025-09
ORD101581,2025-09-24,CUST10598,Smartphone,Mobile,West,Online,Rep_05,5,13869,0.05,65877.75,55325.69,10552.06,16.02,UPI,4.2,Yes,2025-09
ORD102601,2025-09-24,CUST10410,Mouse,Accessories,North,Online,Rep_10,3,2232,0.1,6026.4,5830.46,195.94,3.25,UPI,4.6,No,2025-09
ORD100025,2025-09-24,CUST10729,Monitor,Accessories,West,Partner,Rep_17,6,19220,0.08,106094.4,89086.68,17007.72,16.03,Credit Card,2.9,No,2025-09
ORD102992,2025-09-24,CUST10240,Printer,Office,North,Online,Rep_11,2,17448,0.08,32104.32,26824.47,5279.85,16.45,Credit Card,4.9,No,2025-09
ORD104354,2025-09-24,CUST10557,Smartwatch,Wearables,South,Online,Rep_05,2,12999,0.08,23918.16,21513.65,2404.51,10.05,Net Banking,5.0,No,2025-09
ORD100051,2025-09-24,CUST10301,Smartwatch,Wearables,North,Online,Rep_19,2,21047,0.02,41252.12,27181.68,14070.44,34.11,Net Banking,3.2,No,2025-09
ORD103372,2025-09-25,CUST10337,Keyboard,Accessories,West,Partner,Rep_06,1,1060,0.0,1060.0,851.32,208.68,19.69,Credit Card,3.5,No,2025-09
ORD104342,2025-09-25,CUST10689,Laptop,Computers,East,Online,Rep_20,3,96010,0.1,259227.0,239466.53,19760.47,7.62,Debit Card,3.6,No,2025-09
ORD102771,2025-09-25,CUST10499,Laptop,Computers,North,Online,Rep_20,6,54395,0.05,310051.5,206852.71,103198.79,33.28,Credit Card,3.9,No,2025-09
ORD102170,2025-09-25,CUST10178,Tablet,Mobile,South,Partner,Rep_20,4,49698,0.05,188852.4,145343.85,43508.55,23.04,UPI,3.2,No,2025-09
ORD102439,2025-09-25,CUST10034,Keyboard,Accessories,South,Online,Rep_15,3,800,0.2,1920.0,1725.75,194.25,10.12,UPI,3.3,No,2025-09
ORD100544,2025-09-25,CUST10171,Mouse,Accessories,Central,Online,Rep_04,7,1910,0.05,12701.5,11102.49,1599.01,12.59,UPI,4.2,No,2025-09
ORD104835,2025-09-25,CUST10096,Keyboard,Accessories,South,Retail Store,Rep_02,6,2426,0.15,12372.6,12156.0,216.6,1.75,Net Banking,3.7,No,2025-09
ORD102082,2025-09-25,CUST10734,Laptop,Computers,Central,Online,Rep_11,7,97838,0.1,616379.4,506710.9,109668.5,17.79,Debit Card,4.9,No,2025-09
ORD101741,2025-09-25,CUST10672,Printer,Office,South,Online,Rep_07,1,13005,0.08,11964.6,8834.7,3129.9,26.16,UPI,5.0,No,2025-09
ORD103407,2025-09-25,CUST10360,Printer,Office,Central,Partner,Rep_19,3,12862,0.08,35499.12,30195.16,5303.96,14.94,Credit Card,3.0,No,2025-09
ORD104305,2025-09-25,CUST10437,Printer,Office,North,Retail Store,Rep_15,3,14825,0.08,40917.0,31383.23,9533.77,23.3,Credit Card,4.1,No,2025-09
ORD102714,2025-09-25,CUST10340,Tablet,Mobile,South,Partner,Rep_09,7,31411,0.0,219877.0,143949.95,75927.05,34.53,UPI,4.5,No,2025-09
ORD103897,2025-09-26,CUST10611,Smartphone,Mobile,South,Retail Store,Rep_13,4,24623,0.2,78793.6,64650.46,14143.14,17.95,Net Banking,4.1,No,2025-09
ORD100955,2025-09-26,CUST10602,Monitor,Accessories,West,Online,Rep_16,6,29289,0.0,175734.0,110965.3,64768.7,36.86,Credit Card,3.6,No,2025-09
ORD100499,2025-09-26,CUST10349,Smartwatch,Wearables,South,Retail Store,Rep_04,8,20831,0.15,141650.8,117487.83,24162.97,17.06,Credit Card,3.9,No,2025-09
ORD104674,2025-09-26,CUST10113,Smartphone,Mobile,North,Online,Rep_13,2,53992,0.08,99345.28,68492.16,30853.12,31.06,Debit Card,3.8,No,2025-09
ORD104665,2025-09-26,CUST10441,Printer,Office,Central,Retail Store,Rep_17,1,24283,0.0,24283.0,15500.99,8782.01,36.17,UPI,3.8,No,2025-09
ORD104242,2025-09-26,CUST10341,Monitor,Accessories,East,Online,Rep_04,4,24747,0.05,94038.6,75086.48,18952.12,20.15,Debit Card,3.8,No,2025-09
ORD102770,2025-09-26,CUST10201,Mouse,Accessories,West,Online,Rep_19,2,408,0.08,750.72,664.01,86.71,11.55,UPI,4.0,No,2025-09
ORD102928,2025-09-26,CUST10532,Smartwatch,Wearables,East,Partner,Rep_15,3,5369,0.05,15301.65,13481.72,1819.93,11.89,Cash,4.8,No,2025-09
ORD102287,2025-09-26,CUST10694,Smartwatch,Wearables,West,Online,Rep_16,4,9683,0.02,37957.36,27929.41,10027.95,26.42,UPI,2.1,No,2025-09
ORD103163,2025-09-26,CUST10460,Tablet,Mobile,North,Online,Rep_15,2,49054,0.1,88297.2,63906.83,24390.37,27.62,Cash,3.0,No,2025-09
ORD102009,2025-09-27,CUST10608,Laptop,Computers,East,Retail Store,Rep_03,3,59103,0.08,163124.28,144681.36,18442.92,11.31,UPI,4.7,No,2025-09
ORD102019,2025-09-27,CUST10180,Laptop,Computers,West,Partner,Rep_03,6,87931,0.08,485379.12,399235.31,86143.81,17.75,Credit Card,4.7,No,2025-09
ORD100862,2025-09-27,CUST10435,Monitor,Accessories,West,Partner,Rep_07,7,8918,0.0,62426.0,40074.39,22351.61,35.8,UPI,3.8,No,2025-09
ORD100835,2025-09-27,CUST10651,Monitor,Accessories,West,Online,Rep_17,5,20251,0.05,96192.25,73102.52,23089.73,24.0,UPI,3.8,No,2025-09
ORD101679,2025-09-27,CUST10360,Smartphone,Mobile,Central,Retail Store,Rep_19,7,38232,0.08,246214.08,171055.41,75158.67,30.53,Cash,3.9,No,2025-09
ORD104136,2025-09-27,CUST10730,Laptop,Computers,East,Online,Rep_16,3,78875,0.02,231892.5,152864.73,79027.77,34.08,UPI,4.0,No,2025-09
ORD101786,2025-09-27,CUST10603,Webcam,Accessories,East,Retail Store,Rep_12,7,6884,0.02,47224.24,37855.11,9369.13,19.84,Net Banking,4.8,No,2025-09
ORD102202,2025-09-27,CUST10569,Smartphone,Mobile,North,Partner,Rep_07,5,56268,0.1,253206.0,245321.43,7884.57,3.11,Cash,5.0,No,2025-09
ORD101478,2025-09-27,CUST10025,Headphones,Audio,East,Retail Store,Rep_19,2,11934,0.1,21481.2,17012.15,4469.05,20.8,UPI,4.5,No,2025-09
ORD103992,2025-09-27,CUST10532,Smartphone,Mobile,South,Partner,Rep_01,7,61063,0.08,393245.72,310864.6,82381.12,20.95,Cash,3.8,No,2025-09
ORD103413,2025-09-28,CUST10034,Laptop,Computers,West,Online,Rep_16,4,98027,0.08,360739.36,327881.92,32857.44,9.11,Debit Card,4.8,No,2025-09
ORD101755,2025-09-28,CUST10254,Smartwatch,Wearables,Central,Retail Store,Rep_03,6,16798,0.1,90709.2,70859.75,19849.45,21.88,Net Banking,3.3,No,2025-09
ORD103017,2025-09-28,CUST10459,Headphones,Audio,North,Partner,Rep_02,6,5841,0.08,32242.32,25323.62,6918.7,21.46,Net Banking,3.7,No,2025-09
ORD100413,2025-09-28,CUST10100,Smartwatch,Wearables,East,Retail Store,Rep_10,7,14598,0.1,91967.4,76003.85,15963.55,17.36,Net Banking,3.8,No,2025-09
ORD103817,2025-09-28,CUST10279,Tablet,Mobile,South,Online,Rep_19,1,17090,0.02,16748.2,12655.07,4093.13,24.44,Net Banking,4.1,No,2025-09
ORD101218,2025-09-28,CUST10179,Mouse,Accessories,North,Retail Store,Rep_05,4,1618,0.1,5824.8,4861.35,963.45,16.54,Cash,3.5,No,2025-09
ORD100667,2025-09-28,CUST10081,Smartphone,Mobile,East,Online,Rep_18,6,16622,0.02,97737.36,77399.5,20337.86,20.81,Debit Card,3.3,No,2025-09
ORD102135,2025-09-28,CUST10565,Headphones,Audio,East,Online,Rep_06,1,4533,0.0,4533.0,3530.5,1002.5,22.12,UPI,3.9,No,2025-09
ORD100697,2025-09-28,CUST10129,Smartphone,Mobile,West,Online,Rep_20,1,17128,0.05,16271.6,13432.31,2839.29,17.45,Debit Card,2.3,No,2025-09
ORD102098,2025-09-28,CUST10468,Mouse,Accessories,North,Online,Rep_20,2,588,0.0,1176.0,918.49,257.51,21.9,Credit Card,4.1,No,2025-09
ORD102459,2025-09-28,CUST10113,Monitor,Accessories,Central,Online,Rep_13,8,12218,0.15,83082.4,65911.89,17170.51,20.67,Net Banking,4.3,No,2025-09
ORD103747,2025-09-28,CUST10346,Mouse,Accessories,South,Online,Rep_12,2,904,0.02,1771.84,1211.6,560.24,31.62,Credit Card,4.0,No,2025-09
ORD104841,2025-09-28,CUST10713,Smartwatch,Wearables,East,Partner,Rep_15,2,11514,0.02,22567.44,15226.28,7341.16,32.53,Cash,4.3,No,2025-09
ORD100018,2025-09-28,CUST10415,Keyboard,Accessories,West,Online,Rep_18,3,4340,0.2,10416.0,8734.96,1681.04,16.14,Credit Card,4.6,Yes,2025-09
ORD100761,2025-09-28,CUST10380,Smartphone,Mobile,South,Online,Rep_14,2,45601,0.15,77521.7,74635.54,2886.16,3.72,Credit Card,3.1,No,2025-09
ORD102347,2025-09-28,CUST10741,Mouse,Accessories,West,Online,Rep_12,7,619,0.1,3899.7,3675.41,224.29,5.75,UPI,3.9,No,2025-09
ORD103533,2025-09-29,CUST10045,Tablet,Mobile,Central,Retail Store,Rep_20,4,37313,0.05,141789.4,120888.74,20900.66,14.74,Debit Card,4.5,No,2025-09
ORD102115,2025-09-29,CUST10010,Mouse,Accessories,West,Online,Rep_15,7,2262,0.15,13458.9,9914.15,3544.75,26.34,UPI,4.0,Yes,2025-09
ORD104147,2025-09-29,CUST10155,Laptop,Computers,North,Online,Rep_02,6,68876,0.05,413256.0,335768.75,77487.25,18.75,Debit Card,5.0,No,2025-09
ORD104576,2025-09-29,CUST10676,Tablet,Mobile,West,Partner,Rep_11,3,19158,0.08,52876.08,41473.51,11402.57,21.56,UPI,5.0,No,2025-09
ORD104846,2025-09-29,CUST10212,Monitor,Accessories,South,Retail Store,Rep_16,1,24901,0.1,22410.9,16961.67,5449.23,24.32,Debit Card,3.7,No,2025-09
ORD101159,2025-09-29,CUST10018,Webcam,Accessories,South,Retail Store,Rep_05,7,3317,0.08,21361.48,15461.47,5900.01,27.62,Credit Card,3.5,No,2025-09
ORD103181,2025-09-30,CUST10008,Smartphone,Mobile,North,Partner,Rep_16,4,54284,0.0,217136.0,163272.27,53863.73,24.81,Credit Card,3.4,No,2025-09
ORD102330,2025-09-30,CUST10436,Laptop,Computers,East,Partner,Rep_03,4,61888,0.08,227747.84,209021.0,18726.84,8.22,Credit Card,4.4,Yes,2025-09
ORD104522,2025-09-30,CUST10296,Keyboard,Accessories,South,Partner,Rep_02,6,4070,0.08,22466.4,17885.8,4580.6,20.39,Cash,5.0,No,2025-09
ORD102737,2025-09-30,CUST10022,Smartwatch,Wearables,Central,Online,Rep_08,5,10317,0.0,51585.0,34205.63,17379.37,33.69,Credit Card,3.6,No,2025-09
ORD103379,2025-09-30,CUST10722,Laptop,Computers,South,Online,Rep_17,7,106197,0.2,594703.2,472294.2,122409.0,20.58,Net Banking,3.9,No,2025-09
ORD103446,2025-09-30,CUST10241,Mouse,Accessories,North,Online,Rep_05,5,570,0.05,2707.5,2284.33,423.17,15.63,Cash,3.8,No,2025-09
ORD104412,2025-09-30,CUST10068,Laptop,Computers,West,Partner,Rep_09,4,47111,0.15,160177.4,131563.83,28613.57,17.86,Debit Card,5.0,No,2025-09
ORD101407,2025-09-30,CUST10581,Printer,Office,East,Online,Rep_06,6,23802,0.08,131387.04,110393.59,20993.45,15.98,Credit Card,4.2,No,2025-09
ORD104006,2025-09-30,CUST10491,Smartphone,Mobile,West,Retail Store,Rep_15,5,58992,0.02,289060.8,247994.97,41065.83,14.21,Credit Card,4.1,No,2025-09
ORD101184,2025-09-30,CUST10124,Smartwatch,Wearables,North,Online,Rep_11,8,10483,0.02,82186.72,54425.57,27761.15,33.78,Net Banking,4.5,No,2025-09
ORD104398,2025-09-30,CUST10207,Laptop,Computers,North,Online,Rep_11,8,78221,0.05,594479.6,416426.64,178052.96,29.95,Credit Card,3.8,Yes,2025-09
ORD104218,2025-09-30,CUST10196,Monitor,Accessories,West,Partner,Rep_01,8,27617,0.1,198842.4,187671.11,11171.29,5.62,Credit Card,4.8,No,2025-09
ORD102016,2025-10-01,CUST10198,Monitor,Accessories,West,Online,Rep_09,7,15218,0.08,98003.92,81909.83,16094.09,16.42,UPI,3.9,No,2025-10
ORD104273,2025-10-01,CUST10553,Smartphone,Mobile,South,Retail Store,Rep_20,7,31227,0.2,174871.2,158735.77,16135.43,9.23,Credit Card,3.8,No,2025-10
ORD102378,2025-10-01,CUST10269,Headphones,Audio,South,Online,Rep_12,3,11451,0.0,34353.0,23527.3,10825.7,31.51,Credit Card,2.9,No,2025-10
ORD103301,2025-10-01,CUST10489,Monitor,Accessories,East,Online,Rep_12,4,14345,0.1,51642.0,42320.88,9321.12,18.05,Credit Card,3.7,No,2025-10
ORD104057,2025-10-01,CUST10687,Printer,Office,South,Online,Rep_08,1,14611,0.08,13442.12,9656.54,3785.58,28.16,Credit Card,4.6,No,2025-10
ORD101229,2025-10-01,CUST10272,Smartwatch,Wearables,South,Online,Rep_18,7,24499,0.02,168063.14,138271.55,29791.59,17.73,Net Banking,5.0,No,2025-10
ORD101285,2025-10-01,CUST10358,Tablet,Mobile,Central,Online,Rep_10,3,44421,0.15,113273.55,113214.83,58.72,0.05,Credit Card,4.5,No,2025-10
ORD100936,2025-10-02,CUST10146,Smartphone,Mobile,South,Partner,Rep_19,1,35681,0.05,33896.95,27280.0,6616.95,19.52,UPI,4.2,No,2025-10
ORD101691,2025-10-02,CUST10222,Smartphone,Mobile,West,Retail Store,Rep_16,1,37394,0.15,31784.9,28751.23,3033.67,9.54,Net Banking,4.0,No,2025-10
ORD101973,2025-10-02,CUST10748,Smartphone,Mobile,North,Online,Rep_03,2,63411,0.08,116676.24,89537.1,27139.14,23.26,Credit Card,4.4,No,2025-10
ORD103871,2025-10-02,CUST10091,Monitor,Accessories,North,Retail Store,Rep_16,3,28939,0.08,79871.64,61287.19,18584.45,23.27,Debit Card,3.4,No,2025-10
ORD102059,2025-10-02,CUST10059,Mouse,Accessories,South,Online,Rep_11,5,482,0.02,2361.8,1697.68,664.12,28.12,UPI,3.6,No,2025-10
ORD104395,2025-10-02,CUST10102,Smartwatch,Wearables,North,Retail Store,Rep_15,7,3377,0.05,22457.05,16921.82,5535.23,24.65,Net Banking,4.3,No,2025-10
ORD102688,2025-10-02,CUST10715,Monitor,Accessories,North,Retail Store,Rep_19,3,25845,0.02,75984.3,56204.09,19780.21,26.03,Credit Card,3.6,No,2025-10
ORD100132,2025-10-02,CUST10472,Smartphone,Mobile,West,Partner,Rep_04,3,59792,0.15,152469.6,135649.41,16820.19,11.03,Credit Card,4.5,No,2025-10
ORD103829,2025-10-02,CUST10280,Printer,Office,North,Online,Rep_01,5,14955,0.0,74775.0,46552.05,28222.95,37.74,UPI,5.0,No,2025-10
ORD100377,2025-10-02,CUST10112,Printer,Office,South,Partner,Rep_11,7,18696,0.15,111241.2,82105.35,29135.85,26.19,Net Banking,2.6,No,2025-10
ORD102527,2025-10-02,CUST10583,Smartphone,Mobile,North,Partner,Rep_04,8,20137,0.08,148208.32,126721.34,21486.98,14.5,UPI,3.4,No,2025-10
ORD101420,2025-10-03,CUST10552,Smartwatch,Wearables,North,Online,Rep_09,2,2961,0.02,5803.56,4544.19,1259.37,21.7,Credit Card,3.6,Yes,2025-10
ORD101474,2025-10-03,CUST10701,Monitor,Accessories,East,Retail Store,Rep_13,6,22045,0.05,125656.5,111796.8,13859.7,11.03,Credit Card,3.8,No,2025-10
ORD104960,2025-10-03,CUST10611,Headphones,Audio,West,Partner,Rep_19,2,6775,0.05,12872.5,8600.7,4271.8,33.19,Debit Card,3.5,No,2025-10
ORD100933,2025-10-03,CUST10223,Smartwatch,Wearables,East,Online,Rep_20,8,24335,0.05,184946.0,148376.42,36569.58,19.77,UPI,4.3,No,2025-10
ORD103186,2025-10-03,CUST10081,Keyboard,Accessories,East,Partner,Rep_17,3,842,0.02,2475.48,1597.36,878.12,35.47,UPI,3.3,Yes,2025-10
ORD102040,2025-10-03,CUST10499,Smartphone,Mobile,West,Retail Store,Rep_19,2,45756,0.05,86936.4,69197.94,17738.46,20.4,Net Banking,3.8,No,2025-10
ORD100783,2025-10-03,CUST10125,Smartphone,Mobile,West,Online,Rep_16,4,63280,0.0,253120.0,192469.78,60650.22,23.96,Credit Card,3.5,No,2025-10
ORD104678,2025-10-03,CUST10467,Smartwatch,Wearables,West,Retail Store,Rep_01,1,21462,0.0,21462.0,14843.15,6618.85,30.84,Cash,2.9,No,2025-10
ORD102248,2025-10-03,CUST10741,Printer,Office,South,Partner,Rep_18,1,26252,0.0,26252.0,21547.97,4704.03,17.92,Credit Card,4.5,No,2025-10
ORD101961,2025-10-03,CUST10143,Smartphone,Mobile,West,Retail Store,Rep_10,2,46740,0.15,79458.0,79399.42,58.58,0.07,UPI,3.1,No,2025-10
ORD102592,2025-10-04,CUST10029,Printer,Office,South,Online,Rep_11,5,20418,0.05,96985.5,88459.52,8525.98,8.79,UPI,4.6,No,2025-10
ORD103709,2025-10-04,CUST10587,Smartphone,Mobile,South,Retail Store,Rep_13,3,22115,0.08,61037.4,43474.67,17562.73,28.77,UPI,4.4,No,2025-10
ORD103687,2025-10-04,CUST10231,Smartwatch,Wearables,South,Online,Rep_10,3,20225,0.02,59461.5,38752.59,20708.91,34.83,UPI,3.0,No,2025-10
ORD104478,2025-10-04,CUST10106,Tablet,Mobile,South,Retail Store,Rep_04,4,43844,0.0,175376.0,152259.53,23116.47,13.18,Credit Card,4.4,No,2025-10
ORD101897,2025-10-04,CUST10495,Mouse,Accessories,West,Retail Store,Rep_06,3,643,0.0,1929.0,1452.07,476.93,24.72,Credit Card,4.0,No,2025-10
ORD103746,2025-10-04,CUST10566,Smartphone,Mobile,North,Online,Rep_12,5,45784,0.1,206028.0,175265.29,30762.71,14.93,Credit Card,3.8,No,2025-10
ORD104322,2025-10-04,CUST10689,Smartwatch,Wearables,West,Partner,Rep_02,6,16634,0.05,94813.8,82066.06,12747.74,13.45,Debit Card,4.1,No,2025-10
ORD104890,2025-10-04,CUST10718,Mouse,Accessories,East,Retail Store,Rep_04,2,1311,0.0,2622.0,2105.3,516.7,19.71,UPI,4.1,No,2025-10
ORD104541,2025-10-04,CUST10407,Smartphone,Mobile,East,Retail Store,Rep_09,8,27856,0.08,205020.16,195392.32,9627.84,4.7,Net Banking,4.2,No,2025-10
ORD100507,2025-10-04,CUST10003,Webcam,Accessories,South,Retail Store,Rep_03,6,6327,0.08,34925.04,32783.39,2141.65,6.13,Credit Card,4.5,No,2025-10
ORD100360,2025-10-04,CUST10264,Keyboard,Accessories,South,Partner,Rep_14,1,2633,0.02,2580.34,1844.53,735.81,28.52,Cash,4.6,No,2025-10
ORD102278,2025-10-05,CUST10191,Monitor,Accessories,East,Retail Store,Rep_05,1,29250,0.1,26325.0,23283.15,3041.85,11.55,UPI,4.4,No,2025-10
ORD100925,2025-10-05,CUST10652,Monitor,Accessories,South,Retail Store,Rep_03,5,22958,0.02,112494.2,80430.26,32063.94,28.5,Credit Card,2.7,Yes,2025-10
ORD103294,2025-10-05,CUST10100,Keyboard,Accessories,West,Online,Rep_12,5,3258,0.08,14986.8,14011.39,975.41,6.51,Net Banking,3.1,No,2025-10
ORD102733,2025-10-05,CUST10056,Laptop,Computers,East,Retail Store,Rep_18,3,73692,0.15,187914.6,156786.92,31127.68,16.56,Debit Card,5.0,No,2025-10
ORD101396,2025-10-05,CUST10235,Printer,Office,Central,Online,Rep_05,4,13284,0.08,48885.12,40541.36,8343.76,17.07,UPI,4.1,No,2025-10
ORD104562,2025-10-05,CUST10547,Smartphone,Mobile,East,Retail Store,Rep_18,2,12622,0.0,25244.0,20876.49,4367.51,17.3,UPI,4.1,No,2025-10
ORD103661,2025-10-05,CUST10367,Monitor,Accessories,North,Retail Store,Rep_09,7,26277,0.05,174742.05,156481.35,18260.7,10.45,Cash,5.0,No,2025-10
ORD101942,2025-10-05,CUST10450,Tablet,Mobile,South,Retail Store,Rep_07,8,27118,0.05,206096.8,162625.81,43470.99,21.09,Debit Card,4.5,No,2025-10
ORD103833,2025-10-05,CUST10528,Printer,Office,North,Partner,Rep_03,8,8572,0.0,68576.0,52184.26,16391.74,23.9,Net Banking,4.9,No,2025-10
ORD100974,2025-10-05,CUST10112,Smartphone,Mobile,North,Retail Store,Rep_11,4,59379,0.05,225640.2,194297.24,31342.96,13.89,Credit Card,4.1,No,2025-10
ORD100407,2025-10-06,CUST10343,Tablet,Mobile,West,Retail Store,Rep_10,6,43836,0.02,257755.68,197418.71,60336.97,23.41,Cash,4.5,No,2025-10
ORD104689,2025-10-06,CUST10707,Keyboard,Accessories,West,Online,Rep_10,5,3079,0.1,13855.5,9792.22,4063.28,29.33,UPI,3.7,Yes,2025-10
ORD100455,2025-10-06,CUST10137,Smartphone,Mobile,West,Online,Rep_12,4,39254,0.0,157016.0,102222.81,54793.19,34.9,Credit Card,3.8,No,2025-10
ORD101134,2025-10-06,CUST10436,Smartphone,Mobile,North,Online,Rep_08,5,41477,0.08,190794.2,146157.28,44636.92,23.4,Debit Card,4.1,No,2025-10
ORD102188,2025-10-06,CUST10204,Headphones,Audio,South,Retail Store,Rep_06,2,3113,0.08,5727.92,4266.94,1460.98,25.51,Cash,3.6,No,2025-10
ORD102877,2025-10-06,CUST10366,Monitor,Accessories,West,Partner,Rep_17,3,10034,0.05,28596.9,22516.28,6080.62,21.26,Credit Card,4.3,No,2025-10
ORD102146,2025-10-06,CUST10716,Printer,Office,West,Online,Rep_17,5,15508,0.02,75989.2,50962.88,25026.32,32.93,Debit Card,4.0,No,2025-10
ORD100133,2025-10-06,CUST10046,Smartphone,Mobile,Central,Retail Store,Rep_14,3,32141,0.0,96423.0,71049.1,25373.9,26.32,Credit Card,4.3,Yes,2025-10
ORD103184,2025-10-06,CUST10295,Smartphone,Mobile,Central,Online,Rep_13,1,63593,0.08,58505.56,48003.02,10502.54,17.95,UPI,3.0,No,2025-10
ORD104491,2025-10-06,CUST10416,Smartphone,Mobile,Central,Online,Rep_07,4,61894,0.0,247576.0,169221.95,78354.05,31.65,Debit Card,4.0,No,2025-10
ORD101279,2025-10-07,CUST10168,Smartphone,Mobile,Central,Partner,Rep_04,6,32523,0.1,175624.2,151240.29,24383.91,13.88,UPI,3.9,No,2025-10
ORD103578,2025-10-07,CUST10745,Monitor,Accessories,East,Retail Store,Rep_01,8,20190,0.08,148598.4,127513.81,21084.59,14.19,Debit Card,4.3,No,2025-10
ORD103112,2025-10-07,CUST10100,Smartphone,Mobile,South,Partner,Rep_15,3,51539,0.1,139155.3,134310.47,4844.83,3.48,Credit Card,5.0,No,2025-10
ORD104910,2025-10-07,CUST10385,Keyboard,Accessories,West,Partner,Rep_11,5,3895,0.0,19475.0,14503.68,4971.32,25.53,Debit Card,4.4,No,2025-10
ORD101295,2025-10-07,CUST10713,Printer,Office,North,Partner,Rep_07,3,11374,0.05,32415.9,26929.9,5486.0,16.92,Debit Card,3.5,No,2025-10
ORD103502,2025-10-07,CUST10728,Printer,Office,North,Online,Rep_08,4,22195,0.0,88780.0,70556.69,18223.31,20.53,Credit Card,4.5,No,2025-10
ORD104181,2025-10-07,CUST10212,Monitor,Accessories,West,Online,Rep_10,8,19489,0.0,155912.0,136846.45,19065.55,12.23,UPI,4.3,Yes,2025-10
ORD101118,2025-10-07,CUST10082,Webcam,Accessories,North,Online,Rep_18,1,6451,0.05,6128.45,5669.45,459.0,7.49,UPI,4.1,No,2025-10
ORD103844,2025-10-07,CUST10047,Monitor,Accessories,Central,Partner,Rep_20,4,14808,0.05,56270.4,38215.71,18054.69,32.09,UPI,2.9,No,2025-10
ORD104929,2025-10-07,CUST10623,Headphones,Audio,Central,Online,Rep_17,7,6907,0.15,41096.65,36493.7,4602.95,11.2,Credit Card,4.1,No,2025-10
ORD102322,2025-10-07,CUST10148,Headphones,Audio,North,Online,Rep_07,3,6549,0.15,16699.95,12737.98,3961.97,23.72,Credit Card,4.2,No,2025-10
ORD100224,2025-10-08,CUST10144,Tablet,Mobile,South,Partner,Rep_10,6,34188,0.1,184615.2,161860.52,22754.68,12.33,Debit Card,3.9,No,2025-10
ORD100935,2025-10-08,CUST10524,Smartphone,Mobile,East,Partner,Rep_12,8,37081,0.1,266983.2,252802.91,14180.29,5.31,Credit Card,2.9,No,2025-10
ORD103573,2025-10-08,CUST10243,Printer,Office,West,Partner,Rep_03,4,20395,0.0,81580.0,62073.79,19506.21,23.91,UPI,4.7,No,2025-10
ORD102183,2025-10-08,CUST10486,Laptop,Computers,Central,Online,Rep_13,6,95028,0.0,570168.0,454043.1,116124.9,20.37,Cash,5.0,No,2025-10
ORD101392,2025-10-08,CUST10387,Laptop,Computers,South,Online,Rep_02,3,69749,0.02,205062.06,149785.15,55276.91,26.96,Cash,3.4,No,2025-10
ORD100638,2025-10-08,CUST10618,Smartphone,Mobile,West,Retail Store,Rep_18,6,23206,0.15,118350.6,117278.2,1072.4,0.91,Credit Card,4.1,Yes,2025-10
ORD101872,2025-10-08,CUST10243,Smartphone,Mobile,West,Retail Store,Rep_05,4,33258,0.08,122389.44,112813.07,9576.37,7.82,UPI,3.0,No,2025-10
ORD102947,2025-10-08,CUST10053,Keyboard,Accessories,East,Retail Store,Rep_11,7,2310,0.08,14876.4,12845.09,2031.31,13.65,Net Banking,4.2,No,2025-10
ORD102028,2025-10-08,CUST10708,Smartwatch,Wearables,West,Partner,Rep_11,3,5233,0.02,15385.02,12615.69,2769.33,18.0,UPI,3.1,No,2025-10
ORD104132,2025-10-09,CUST10411,Smartphone,Mobile,East,Retail Store,Rep_04,6,57170,0.0,343020.0,231219.46,111800.54,32.59,Credit Card,3.4,No,2025-10
ORD103361,2025-10-09,CUST10031,Printer,Office,Central,Partner,Rep_20,4,13284,0.0,53136.0,43716.19,9419.81,17.73,Credit Card,3.7,No,2025-10
ORD100154,2025-10-09,CUST10583,Monitor,Accessories,East,Partner,Rep_01,7,23002,0.0,161014.0,116785.11,44228.89,27.47,Credit Card,4.2,No,2025-10
ORD102395,2025-10-09,CUST10051,Webcam,Accessories,West,Online,Rep_01,8,2435,0.1,17532.0,16645.59,886.41,5.06,UPI,4.8,No,2025-10
ORD103404,2025-10-09,CUST10418,Tablet,Mobile,North,Retail Store,Rep_16,2,19502,0.05,37053.8,24672.79,12381.01,33.41,UPI,3.4,No,2025-10
ORD104559,2025-10-09,CUST10476,Smartwatch,Wearables,Central,Partner,Rep_12,6,16092,0.02,94620.96,75664.63,18956.33,20.03,Credit Card,3.4,No,2025-10
ORD100952,2025-10-09,CUST10359,Mouse,Accessories,South,Retail Store,Rep_14,2,901,0.05,1711.9,1551.44,160.46,9.37,UPI,3.7,No,2025-10
ORD102596,2025-10-09,CUST10738,Headphones,Audio,East,Online,Rep_09,4,8394,0.05,31897.2,25289.18,6608.02,20.72,Net Banking,4.4,No,2025-10
ORD101309,2025-10-09,CUST10393,Tablet,Mobile,North,Partner,Rep_20,7,16596,0.2,92937.6,82248.64,10688.96,11.5,UPI,1.8,Yes,2025-10
ORD104628,2025-10-09,CUST10024,Monitor,Accessories,West,Retail Store,Rep_17,4,20280,0.05,77064.0,62389.33,14674.67,19.04,Net Banking,4.1,No,2025-10
ORD100722,2025-10-10,CUST10306,Smartphone,Mobile,North,Partner,Rep_03,7,22066,0.05,146738.9,114280.14,32458.76,22.12,Net Banking,4.8,No,2025-10
ORD101167,2025-10-10,CUST10104,Printer,Office,West,Online,Rep_15,7,25195,0.05,167546.75,110991.45,56555.3,33.75,Debit Card,3.8,No,2025-10
ORD100097,2025-10-10,CUST10451,Keyboard,Accessories,South,Online,Rep_10,5,1795,0.02,8795.5,5758.28,3037.22,34.53,Debit Card,3.0,No,2025-10
ORD100385,2025-10-10,CUST10461,Headphones,Audio,East,Online,Rep_06,2,6922,0.05,13151.8,11712.1,1439.7,10.95,UPI,4.6,No,2025-10
ORD101277,2025-10-10,CUST10622,Smartphone,Mobile,Central,Retail Store,Rep_06,6,31432,0.15,160303.2,149862.94,10440.26,6.51,Net Banking,4.7,No,2025-10
ORD102209,2025-10-10,CUST10369,Tablet,Mobile,West,Online,Rep_01,6,42897,0.05,244512.9,160827.54,83685.36,34.23,Credit Card,4.4,No,2025-10
ORD101038,2025-10-10,CUST10305,Headphones,Audio,North,Retail Store,Rep_20,4,10010,0.15,34034.0,30998.26,3035.74,8.92,Debit Card,4.1,No,2025-10
ORD103065,2025-10-11,CUST10693,Mouse,Accessories,West,Partner,Rep_02,4,1469,0.1,5288.4,3818.96,1469.44,27.79,Debit Card,2.7,No,2025-10
ORD100198,2025-10-11,CUST10479,Webcam,Accessories,South,Retail Store,Rep_06,1,1775,0.0,1775.0,1497.22,277.78,15.65,Credit Card,4.1,No,2025-10
ORD101470,2025-10-11,CUST10446,Headphones,Audio,South,Online,Rep_06,5,4490,0.05,21327.5,15414.74,5912.76,27.72,Cash,2.7,No,2025-10
ORD103966,2025-10-11,CUST10020,Headphones,Audio,East,Online,Rep_09,3,1763,0.08,4865.88,4298.2,567.68,11.67,Debit Card,3.9,No,2025-10
ORD101353,2025-10-11,CUST10654,Monitor,Accessories,West,Online,Rep_04,4,10022,0.2,32070.4,34405.02,-2334.62,-7.28,Net Banking,4.1,No,2025-10
ORD104433,2025-10-11,CUST10649,Monitor,Accessories,South,Partner,Rep_07,8,15708,0.05,119380.8,81419.85,37960.95,31.8,Credit Card,3.3,No,2025-10
ORD102580,2025-10-12,CUST10506,Mouse,Accessories,South,Online,Rep_19,4,2199,0.1,7916.4,7596.4,320.0,4.04,Debit Card,4.0,No,2025-10
ORD100398,2025-10-12,CUST10214,Monitor,Accessories,North,Online,Rep_20,5,14119,0.1,63535.5,50141.9,13393.6,21.08,UPI,4.5,No,2025-10
ORD104588,2025-10-12,CUST10672,Smartphone,Mobile,West,Online,Rep_13,5,31330,0.1,140985.0,118098.5,22886.5,16.23,Debit Card,5.0,No,2025-10
ORD100813,2025-10-12,CUST10450,Smartphone,Mobile,West,Online,Rep_14,8,55499,0.0,443992.0,366695.69,77296.31,17.41,Credit Card,4.7,No,2025-10
ORD104130,2025-10-12,CUST10043,Laptop,Computers,South,Retail Store,Rep_10,7,72915,0.05,484884.75,355057.83,129826.92,26.77,Debit Card,4.4,No,2025-10
ORD104369,2025-10-12,CUST10351,Smartphone,Mobile,West,Online,Rep_15,7,58620,0.08,377512.8,281603.24,95909.56,25.41,Net Banking,4.9,No,2025-10
ORD104998,2025-10-12,CUST10467,Tablet,Mobile,South,Online,Rep_18,2,37325,0.02,73157.0,59771.49,13385.51,18.3,UPI,4.0,No,2025-10
ORD101804,2025-10-12,CUST10471,Tablet,Mobile,South,Retail Store,Rep_02,7,19119,0.15,113758.05,103894.75,9863.3,8.67,UPI,4.7,Yes,2025-10
ORD102015,2025-10-12,CUST10498,Keyboard,Accessories,Central,Retail Store,Rep_18,7,2950,0.02,20237.0,15321.64,4915.36,24.29,UPI,5.0,No,2025-10
ORD102636,2025-10-13,CUST10100,Mouse,Accessories,West,Retail Store,Rep_13,2,811,0.08,1492.24,1133.83,358.41,24.02,UPI,4.0,No,2025-10
ORD104851,2025-10-13,CUST10548,Smartwatch,Wearables,West,Online,Rep_19,5,8884,0.05,42199.0,32087.56,10111.44,23.96,UPI,4.1,No,2025-10
ORD101305,2025-10-13,CUST10734,Headphones,Audio,East,Retail Store,Rep_16,5,4804,0.1,21618.0,17769.33,3848.67,17.8,Debit Card,4.4,No,2025-10
ORD104869,2025-10-13,CUST10423,Keyboard,Accessories,East,Online,Rep_02,8,3123,0.2,19987.2,21238.2,-1251.0,-6.26,Net Banking,4.6,No,2025-10
ORD100909,2025-10-13,CUST10336,Smartphone,Mobile,West,Partner,Rep_19,5,62165,0.0,310825.0,227902.76,82922.24,26.68,Credit Card,5.0,No,2025-10
ORD101784,2025-10-13,CUST10723,Mouse,Accessories,North,Retail Store,Rep_17,7,1522,0.05,10121.3,8797.06,1324.24,13.08,UPI,4.8,No,2025-10
ORD103939,2025-10-13,CUST10653,Smartphone,Mobile,South,Partner,Rep_19,1,35005,0.08,32204.6,29156.32,3048.28,9.47,Net Banking,5.0,Yes,2025-10
ORD102358,2025-10-14,CUST10419,Laptop,Computers,North,Online,Rep_06,8,73628,0.08,541902.08,483850.48,58051.6,10.71,Cash,4.2,No,2025-10
ORD101878,2025-10-14,CUST10326,Monitor,Accessories,Central,Online,Rep_08,6,27219,0.2,130651.2,129233.59,1417.61,1.09,UPI,3.1,No,2025-10
ORD101751,2025-10-14,CUST10430,Keyboard,Accessories,West,Retail Store,Rep_12,8,1842,0.08,13557.12,12831.29,725.83,5.35,Cash,2.8,No,2025-10
ORD102932,2025-10-15,CUST10497,Mouse,Accessories,Central,Online,Rep_20,6,1195,0.0,7170.0,5509.12,1660.88,23.16,Debit Card,3.4,Yes,2025-10
ORD101194,2025-10-15,CUST10530,Mouse,Accessories,East,Online,Rep_10,8,1073,0.0,8584.0,7049.19,1534.81,17.88,UPI,4.1,Yes,2025-10
ORD102417,2025-10-15,CUST10255,Tablet,Mobile,West,Online,Rep_07,6,54894,0.08,303014.88,251344.44,51670.44,17.05,Credit Card,3.9,No,2025-10
ORD102824,2025-10-15,CUST10390,Smartphone,Mobile,West,Retail Store,Rep_03,6,28655,0.05,163333.5,128498.46,34835.04,21.33,UPI,4.1,No,2025-10
ORD100410,2025-10-15,CUST10589,Laptop,Computers,North,Partner,Rep_19,2,104746,0.2,167593.6,176317.85,-8724.25,-5.21,Credit Card,4.0,No,2025-10
ORD101165,2025-10-15,CUST10716,Smartphone,Mobile,West,Online,Rep_18,8,55292,0.05,420219.2,336596.92,83622.28,19.9,Credit Card,3.5,No,2025-10
ORD104454,2025-10-15,CUST10093,Printer,Office,North,Online,Rep_09,5,24625,0.05,116968.75,81717.18,35251.57,30.14,Credit Card,4.5,No,2025-10
ORD104046,2025-10-15,CUST10221,Monitor,Accessories,North,Online,Rep_07,4,11474,0.1,41306.4,30745.09,10561.31,25.57,Credit Card,3.9,No,2025-10
ORD102282,2025-10-15,CUST10278,Tablet,Mobile,North,Online,Rep_07,1,21520,0.0,21520.0,16240.44,5279.56,24.53,Net Banking,3.3,No,2025-10
ORD102651,2025-10-16,CUST10636,Smartphone,Mobile,East,Online,Rep_20,1,13600,0.05,12920.0,9778.56,3141.44,24.31,Credit Card,4.6,No,2025-10
ORD104032,2025-10-16,CUST10749,Smartphone,Mobile,South,Online,Rep_08,4,55302,0.15,188026.8,192793.78,-4766.98,-2.54,Credit Card,4.7,No,2025-10
ORD100881,2025-10-16,CUST10607,Smartphone,Mobile,South,Online,Rep_10,5,56690,0.0,283450.0,231200.95,52249.05,18.43,Cash,3.7,No,2025-10
ORD100109,2025-10-16,CUST10039,Smartphone,Mobile,South,Online,Rep_17,4,47775,0.0,191100.0,157955.5,33144.5,17.34,Net Banking,3.8,No,2025-10
ORD101381,2025-10-16,CUST10440,Smartphone,Mobile,South,Retail Store,Rep_14,4,44001,0.02,172483.92,131368.31,41115.61,23.84,UPI,3.0,No,2025-10
ORD104711,2025-10-16,CUST10295,Monitor,Accessories,South,Retail Store,Rep_07,1,9863,0.2,7890.4,8493.18,-602.78,-7.64,Debit Card,3.9,No,2025-10
ORD101497,2025-10-16,CUST10218,Mouse,Accessories,Central,Partner,Rep_10,6,1613,0.08,8903.76,6416.66,2487.1,27.93,UPI,4.0,No,2025-10
ORD104203,2025-10-16,CUST10543,Smartphone,Mobile,South,Online,Rep_13,6,44279,0.0,265674.0,210968.29,54705.71,20.59,Debit Card,3.9,No,2025-10
ORD100579,2025-10-16,CUST10660,Monitor,Accessories,West,Online,Rep_19,7,22433,0.1,141327.9,120046.67,21281.23,15.06,UPI,4.1,No,2025-10
ORD101699,2025-10-16,CUST10587,Smartwatch,Wearables,West,Partner,Rep_18,7,21203,0.15,126157.85,125072.7,1085.15,0.86,Credit Card,3.6,No,2025-10
ORD102192,2025-10-16,CUST10512,Webcam,Accessories,West,Retail Store,Rep_06,4,6391,0.0,25564.0,18998.28,6565.72,25.68,Debit Card,4.0,No,2025-10
ORD104798,2025-10-16,CUST10011,Headphones,Audio,North,Online,Rep_10,6,9666,0.08,53356.32,49998.79,3357.53,6.29,UPI,3.1,No,2025-10
ORD102091,2025-10-16,CUST10350,Headphones,Audio,South,Retail Store,Rep_07,3,11167,0.2,26800.8,26707.55,93.25,0.35,UPI,4.6,No,2025-10
ORD101584,2025-10-17,CUST10676,Monitor,Accessories,South,Online,Rep_10,2,19543,0.15,33223.1,33580.9,-357.8,-1.08,Credit Card,3.1,No,2025-10
ORD101280,2025-10-17,CUST10107,Monitor,Accessories,East,Online,Rep_01,5,12202,0.08,56129.2,47454.34,8674.86,15.46,Net Banking,3.7,No,2025-10
ORD101772,2025-10-17,CUST10275,Headphones,Audio,North,Retail Store,Rep_14,8,2182,0.15,14837.6,11087.82,3749.78,25.27,UPI,3.3,No,2025-10
ORD104297,2025-10-17,CUST10402,Smartphone,Mobile,South,Online,Rep_15,6,55246,0.08,304957.92,260796.61,44161.31,14.48,Credit Card,4.2,No,2025-10
ORD104875,2025-10-17,CUST10230,Tablet,Mobile,North,Retail Store,Rep_12,6,46623,0.2,223790.4,187576.94,36213.46,16.18,UPI,3.5,No,2025-10
ORD104303,2025-10-17,CUST10574,Headphones,Audio,East,Partner,Rep_04,8,8923,0.15,60676.4,48240.92,12435.48,20.49,Debit Card,3.8,No,2025-10
ORD101333,2025-10-17,CUST10152,Smartphone,Mobile,East,Retail Store,Rep_19,1,64016,0.1,57614.4,43279.93,14334.47,24.88,Net Banking,3.4,No,2025-10
ORD101626,2025-10-17,CUST10212,Mouse,Accessories,Central,Online,Rep_08,4,2150,0.05,8170.0,6219.4,1950.6,23.88,Credit Card,4.3,No,2025-10
ORD100636,2025-10-18,CUST10460,Monitor,Accessories,West,Retail Store,Rep_18,4,28394,0.0,113576.0,73097.63,40478.37,35.64,UPI,5.0,No,2025-10
ORD104457,2025-10-18,CUST10727,Mouse,Accessories,North,Online,Rep_10,7,1254,0.02,8602.44,7313.14,1289.3,14.99,UPI,2.9,No,2025-10
ORD101088,2025-10-18,CUST10501,Smartphone,Mobile,West,Retail Store,Rep_04,1,26353,0.15,22400.05,20242.6,2157.45,9.63,Credit Card,3.4,No,2025-10
ORD102572,2025-10-18,CUST10719,Webcam,Accessories,South,Online,Rep_02,1,6041,0.02,5920.18,5176.84,743.34,12.56,UPI,4.5,No,2025-10
ORD102041,2025-10-18,CUST10616,Printer,Office,Central,Online,Rep_07,3,21604,0.08,59627.04,43846.33,15780.71,26.47,Credit Card,3.5,No,2025-10
ORD101787,2025-10-19,CUST10166,Mouse,Accessories,East,Online,Rep_13,6,1555,0.1,8397.0,6146.86,2250.14,26.8,Debit Card,4.8,No,2025-10
ORD101744,2025-10-19,CUST10148,Laptop,Computers,West,Partner,Rep_18,4,76811,0.1,276519.6,244713.18,31806.42,11.5,Credit Card,3.7,No,2025-10
ORD103938,2025-10-19,CUST10647,Smartphone,Mobile,Central,Retail Store,Rep_13,3,16409,0.05,46765.65,39853.28,6912.37,14.78,Credit Card,3.8,No,2025-10
ORD102855,2025-10-19,CUST10295,Laptop,Computers,North,Online,Rep_04,5,71957,0.15,305817.25,266571.87,39245.38,12.83,Cash,3.5,No,2025-10
ORD102122,2025-10-19,CUST10197,Monitor,Accessories,East,Online,Rep_15,3,9119,0.2,21885.6,20202.07,1683.53,7.69,Net Banking,4.5,No,2025-10
ORD102490,2025-10-19,CUST10360,Tablet,Mobile,West,Online,Rep_02,6,33927,0.05,193383.9,159205.61,34178.29,17.67,Net Banking,4.1,No,2025-10
ORD101463,2025-10-19,CUST10001,Laptop,Computers,South,Retail Store,Rep_03,1,93008,0.15,79056.8,62888.53,16168.27,20.45,Net Banking,4.2,No,2025-10
ORD100803,2025-10-19,CUST10331,Keyboard,Accessories,West,Retail Store,Rep_20,6,1723,0.15,8787.3,7066.24,1721.06,19.59,Credit Card,4.1,Yes,2025-10
ORD103264,2025-10-19,CUST10057,Laptop,Computers,South,Online,Rep_03,8,98318,0.05,747216.8,491121.43,256095.37,34.27,Credit Card,3.1,No,2025-10
ORD103727,2025-10-20,CUST10695,Laptop,Computers,West,Partner,Rep_20,4,57204,0.08,210510.72,160330.08,50180.64,23.84,Credit Card,3.4,No,2025-10
ORD103142,2025-10-20,CUST10706,Smartwatch,Wearables,North,Online,Rep_16,5,19143,0.0,95715.0,80857.81,14857.19,15.52,Credit Card,3.7,No,2025-10
ORD101932,2025-10-20,CUST10664,Keyboard,Accessories,West,Retail Store,Rep_12,5,1486,0.05,7058.5,6268.31,790.19,11.19,Debit Card,3.7,No,2025-10
ORD101311,2025-10-20,CUST10157,Laptop,Computers,South,Online,Rep_04,2,75733,0.02,148436.68,113392.17,35044.51,23.61,Net Banking,2.9,No,2025-10
ORD101008,2025-10-20,CUST10253,Printer,Office,East,Online,Rep_08,2,24051,0.1,43291.8,33129.93,10161.87,23.47,UPI,4.2,Yes,2025-10
ORD101603,2025-10-20,CUST10369,Smartphone,Mobile,West,Online,Rep_07,7,34062,0.0,238434.0,190708.25,47725.75,20.02,UPI,3.8,No,2025-10
ORD104565,2025-10-20,CUST10398,Smartphone,Mobile,South,Partner,Rep_04,6,64048,0.08,353544.96,240030.4,113514.56,32.11,Credit Card,4.8,No,2025-10
ORD104145,2025-10-20,CUST10517,Webcam,Accessories,North,Retail Store,Rep_07,5,7775,0.05,36931.25,32318.42,4612.83,12.49,UPI,4.7,No,2025-10
ORD102820,2025-10-20,CUST10728,Tablet,Mobile,West,Online,Rep_08,7,41807,0.15,248751.65,227159.16,21592.49,8.68,UPI,2.6,No,2025-10
ORD103854,2025-10-20,CUST10702,Smartwatch,Wearables,East,Retail Store,Rep_09,2,19327,0.05,36721.3,25230.34,11490.96,31.29,Credit Card,4.6,No,2025-10
ORD103436,2025-10-20,CUST10198,Tablet,Mobile,South,Partner,Rep_03,1,27984,0.15,23786.4,22802.82,983.58,4.14,UPI,4.8,No,2025-10
ORD103437,2025-10-20,CUST10450,Smartphone,Mobile,West,Retail Store,Rep_13,2,12927,0.02,25336.92,16574.06,8762.86,34.59,UPI,4.0,No,2025-10
ORD100016,2025-10-20,CUST10201,Smartphone,Mobile,West,Online,Rep_18,2,38798,0.05,73716.2,64783.87,8932.33,12.12,UPI,4.4,No,2025-10
ORD101554,2025-10-20,CUST10264,Webcam,Accessories,South,Online,Rep_10,5,3740,0.02,18326.0,13915.85,4410.15,24.06,UPI,4.1,No,2025-10
ORD104184,2025-10-20,CUST10382,Tablet,Mobile,East,Partner,Rep_14,2,19379,0.05,36820.1,31559.55,5260.55,14.29,Cash,3.2,No,2025-10
ORD102456,2025-10-20,CUST10360,Smartphone,Mobile,East,Retail Store,Rep_17,1,47989,0.15,40790.65,31453.84,9336.81,22.89,Cash,4.1,No,2025-10
ORD104566,2025-10-21,CUST10507,Webcam,Accessories,Central,Partner,Rep_16,2,7159,0.05,13602.1,11056.31,2545.79,18.72,UPI,3.3,No,2025-10
ORD100076,2025-10-21,CUST10570,Headphones,Audio,South,Online,Rep_14,6,9259,0.08,51109.68,36139.62,14970.06,29.29,UPI,2.8,No,2025-10
ORD102600,2025-10-21,CUST10514,Smartphone,Mobile,Central,Retail Store,Rep_11,2,41386,0.0,82772.0,69578.44,13193.56,15.94,Debit Card,4.6,No,2025-10
ORD104155,2025-10-21,CUST10579,Smartphone,Mobile,Central,Retail Store,Rep_10,6,56781,0.05,323651.7,242292.39,81359.31,25.14,Debit Card,4.3,No,2025-10
ORD100249,2025-10-21,CUST10380,Smartwatch,Wearables,East,Partner,Rep_16,1,16280,0.05,15466.0,11685.68,3780.32,24.44,Debit Card,3.6,No,2025-10
ORD102242,2025-10-21,CUST10642,Laptop,Computers,Central,Online,Rep_10,7,69273,0.2,387928.8,400145.85,-12217.05,-3.15,UPI,2.8,No,2025-10
ORD104768,2025-10-21,CUST10066,Laptop,Computers,North,Partner,Rep_16,5,58586,0.08,269495.6,197905.44,71590.16,26.56,Net Banking,3.9,No,2025-10
ORD100085,2025-10-21,CUST10169,Tablet,Mobile,South,Retail Store,Rep_11,8,46034,0.1,331444.8,279150.02,52294.78,15.78,Net Banking,3.6,No,2025-10
ORD101802,2025-10-22,CUST10123,Headphones,Audio,West,Online,Rep_19,2,4791,0.02,9390.36,7487.22,1903.14,20.27,Credit Card,4.6,No,2025-10
ORD102258,2025-10-22,CUST10006,Monitor,Accessories,West,Partner,Rep_20,3,27070,0.05,77149.5,66127.13,11022.37,14.29,Net Banking,4.6,No,2025-10
ORD104931,2025-10-22,CUST10501,Monitor,Accessories,South,Partner,Rep_17,4,20982,0.08,77213.76,53643.02,23570.74,30.53,UPI,4.9,No,2025-10
ORD101597,2025-10-22,CUST10680,Smartphone,Mobile,West,Online,Rep_19,5,12317,0.05,58505.75,41211.12,17294.63,29.56,UPI,4.3,No,2025-10
ORD104762,2025-10-22,CUST10147,Smartwatch,Wearables,West,Online,Rep_18,2,15809,0.15,26875.3,24665.92,2209.38,8.22,Cash,4.4,No,2025-10
ORD101238,2025-10-22,CUST10660,Monitor,Accessories,West,Partner,Rep_03,6,24714,0.2,118627.2,118384.38,242.82,0.2,Debit Card,5.0,No,2025-10
ORD104753,2025-10-23,CUST10351,Mouse,Accessories,West,Retail Store,Rep_03,8,827,0.05,6285.2,4525.28,1759.92,28.0,Debit Card,4.3,No,2025-10
ORD103908,2025-10-23,CUST10057,Tablet,Mobile,South,Online,Rep_14,3,28181,0.1,76088.7,56348.25,19740.45,25.94,Credit Card,4.7,No,2025-10
ORD102363,2025-10-23,CUST10372,Tablet,Mobile,West,Retail Store,Rep_04,7,26226,0.05,174402.9,139511.68,34891.22,20.01,Credit Card,3.8,No,2025-10
ORD103019,2025-10-23,CUST10631,Laptop,Computers,North,Retail Store,Rep_03,4,107217,0.08,394558.56,328011.36,66547.2,16.87,Cash,3.9,No,2025-10
ORD102886,2025-10-23,CUST10644,Smartwatch,Wearables,Central,Partner,Rep_11,1,6003,0.08,5522.76,5282.36,240.4,4.35,Credit Card,3.8,No,2025-10
ORD104913,2025-10-23,CUST10248,Keyboard,Accessories,East,Online,Rep_11,3,4178,0.08,11531.28,8027.74,3503.54,30.38,Credit Card,3.8,No,2025-10
ORD100329,2025-10-23,CUST10049,Monitor,Accessories,Central,Retail Store,Rep_16,7,27203,0.05,180899.95,163852.35,17047.6,9.42,UPI,4.0,No,2025-10
ORD103038,2025-10-23,CUST10648,Smartwatch,Wearables,South,Retail Store,Rep_19,5,23054,0.1,103743.0,90310.87,13432.13,12.95,UPI,4.9,No,2025-10
ORD100520,2025-10-23,CUST10207,Smartphone,Mobile,East,Retail Store,Rep_15,2,22687,0.0,45374.0,29527.63,15846.37,34.92,Credit Card,3.9,Yes,2025-10
ORD101006,2025-10-24,CUST10049,Mouse,Accessories,East,Retail Store,Rep_16,1,2369,0.05,2250.55,1566.59,683.96,30.39,UPI,4.5,No,2025-10
ORD101643,2025-10-24,CUST10719,Keyboard,Accessories,Central,Partner,Rep_14,5,2249,0.1,10120.5,8247.46,1873.04,18.51,Net Banking,5.0,No,2025-10
ORD103149,2025-10-24,CUST10656,Headphones,Audio,North,Online,Rep_09,4,4148,0.0,16592.0,11559.09,5032.91,30.33,Net Banking,4.4,No,2025-10
ORD100770,2025-10-24,CUST10662,Printer,Office,West,Online,Rep_15,5,15829,0.08,72813.4,53630.07,19183.33,26.35,Net Banking,3.8,No,2025-10
ORD102232,2025-10-24,CUST10359,Laptop,Computers,Central,Retail Store,Rep_02,4,88532,0.0,354128.0,307490.2,46637.8,13.17,UPI,3.7,No,2025-10
ORD103352,2025-10-24,CUST10373,Monitor,Accessories,North,Partner,Rep_02,8,22403,0.1,161301.6,120155.72,41145.88,25.51,UPI,4.6,No,2025-10
ORD100309,2025-10-24,CUST10126,Printer,Office,East,Online,Rep_19,6,25502,0.0,153012.0,104746.88,48265.12,31.54,UPI,3.9,No,2025-10
ORD101996,2025-10-24,CUST10693,Mouse,Accessories,East,Online,Rep_12,5,2015,0.15,8563.75,7483.11,1080.64,12.62,UPI,4.3,No,2025-10
ORD100827,2025-10-24,CUST10026,Tablet,Mobile,South,Online,Rep_18,3,24584,0.02,72276.96,63446.66,8830.3,12.22,UPI,3.2,No,2025-10
ORD103408,2025-10-25,CUST10582,Smartwatch,Wearables,Central,Retail Store,Rep_19,3,6555,0.02,19271.7,15873.76,3397.94,17.63,Debit Card,4.3,No,2025-10
ORD103015,2025-10-25,CUST10091,Mouse,Accessories,West,Retail Store,Rep_15,3,2056,0.1,5551.2,4005.4,1545.8,27.85,UPI,5.0,No,2025-10
ORD101383,2025-10-25,CUST10244,Smartwatch,Wearables,South,Retail Store,Rep_19,1,4776,0.15,4059.6,4099.69,-40.09,-0.99,Cash,4.1,No,2025-10
ORD100096,2025-10-25,CUST10317,Monitor,Accessories,East,Retail Store,Rep_06,6,9620,0.15,49062.0,46322.97,2739.03,5.58,Credit Card,3.8,No,2025-10
ORD103749,2025-10-25,CUST10302,Monitor,Accessories,East,Partner,Rep_07,8,19913,0.0,159304.0,122119.45,37184.55,23.34,UPI,2.5,No,2025-10
ORD103146,2025-10-26,CUST10311,Tablet,Mobile,East,Retail Store,Rep_10,3,21277,0.05,60639.45,47060.44,13579.01,22.39,Debit Card,3.1,No,2025-10
ORD101020,2025-10-26,CUST10192,Laptop,Computers,North,Retail Store,Rep_07,5,109303,0.15,464537.75,368060.64,96477.11,20.77,UPI,4.3,No,2025-10
ORD101960,2025-10-26,CUST10139,Headphones,Audio,North,Partner,Rep_17,2,11177,0.08,20565.68,18476.96,2088.72,10.16,UPI,4.1,Yes,2025-10
ORD103771,2025-10-26,CUST10447,Keyboard,Accessories,West,Online,Rep_04,7,2556,0.05,16997.4,11282.27,5715.13,33.62,UPI,4.5,Yes,2025-10
ORD100763,2025-10-26,CUST10387,Smartphone,Mobile,East,Online,Rep_13,5,44749,0.0,223745.0,142178.73,81566.27,36.46,Credit Card,3.7,No,2025-10
ORD102261,2025-10-26,CUST10088,Headphones,Audio,East,Online,Rep_08,6,3027,0.05,17253.9,15010.75,2243.15,13.0,UPI,4.0,No,2025-10
ORD101832,2025-10-26,CUST10647,Mouse,Accessories,West,Partner,Rep_08,3,1523,0.1,4112.1,3175.78,936.32,22.77,Cash,4.2,No,2025-10
ORD101485,2025-10-26,CUST10180,Tablet,Mobile,South,Online,Rep_17,4,33669,0.15,114474.6,101190.23,13284.37,11.6,Debit Card,3.0,No,2025-10
ORD102316,2025-10-26,CUST10086,Smartphone,Mobile,West,Retail Store,Rep_14,5,57452,0.08,264279.2,239499.29,24779.91,9.38,Net Banking,3.7,No,2025-10
ORD103597,2025-10-27,CUST10530,Smartphone,Mobile,West,Online,Rep_17,4,30872,0.02,121018.24,88320.51,32697.73,27.02,Credit Card,3.5,No,2025-10
ORD103907,2025-10-27,CUST10489,Keyboard,Accessories,Central,Online,Rep_06,3,1812,0.0,5436.0,4292.1,1143.9,21.04,Debit Card,4.0,No,2025-10
ORD100587,2025-10-27,CUST10478,Laptop,Computers,West,Online,Rep_14,2,68915,0.02,135073.4,94117.36,40956.04,30.32,Net Banking,4.1,No,2025-10
ORD104996,2025-10-27,CUST10563,Webcam,Accessories,Central,Online,Rep_19,8,2100,0.15,14280.0,11412.83,2867.17,20.08,Net Banking,3.1,No,2025-10
ORD100300,2025-10-27,CUST10228,Laptop,Computers,Central,Online,Rep_13,4,85312,0.0,341248.0,265429.52,75818.48,22.22,Cash,3.9,No,2025-10
ORD102562,2025-10-27,CUST10536,Headphones,Audio,Central,Online,Rep_19,6,1429,0.0,8574.0,6385.73,2188.27,25.52,Net Banking,3.4,No,2025-10
ORD103656,2025-10-27,CUST10029,Smartphone,Mobile,West,Retail Store,Rep_12,5,37842,0.08,174073.2,147836.95,26236.25,15.07,Credit Card,3.7,No,2025-10
ORD104345,2025-10-27,CUST10324,Keyboard,Accessories,North,Retail Store,Rep_18,6,4260,0.1,23004.0,16432.21,6571.79,28.57,UPI,2.7,No,2025-10
ORD102157,2025-10-27,CUST10538,Smartphone,Mobile,North,Retail Store,Rep_12,2,46282,0.02,90712.72,72316.66,18396.06,20.28,Cash,3.4,No,2025-10
ORD100192,2025-10-27,CUST10144,Webcam,Accessories,East,Online,Rep_14,5,5366,0.05,25488.5,19514.85,5973.65,23.44,Credit Card,3.4,No,2025-10
ORD100894,2025-10-27,CUST10535,Monitor,Accessories,South,Retail Store,Rep_18,6,15305,0.02,89993.4,72242.5,17750.9,19.72,UPI,5.0,No,2025-10
ORD104721,2025-10-28,CUST10382,Tablet,Mobile,West,Retail Store,Rep_09,7,46369,0.1,292124.7,205014.47,87110.23,29.82,Net Banking,2.6,No,2025-10
ORD104756,2025-10-28,CUST10115,Webcam,Accessories,North,Partner,Rep_15,8,7326,0.05,55677.6,44234.19,11443.41,20.55,UPI,4.5,No,2025-10
ORD104738,2025-10-28,CUST10266,Tablet,Mobile,Central,Retail Store,Rep_04,6,41524,0.1,224229.6,177291.43,46938.17,20.93,Credit Card,4.4,Yes,2025-10
ORD100600,2025-10-28,CUST10397,Laptop,Computers,South,Online,Rep_16,8,64766,0.05,492221.6,418951.5,73270.1,14.89,UPI,3.7,No,2025-10
ORD101422,2025-10-29,CUST10189,Monitor,Accessories,North,Online,Rep_14,6,25029,0.15,127647.9,113999.35,13648.55,10.69,Credit Card,4.5,No,2025-10
ORD102952,2025-10-29,CUST10449,Mouse,Accessories,Central,Partner,Rep_13,2,2374,0.2,3798.4,2971.78,826.62,21.76,Credit Card,3.7,No,2025-10
ORD101399,2025-10-29,CUST10134,Mouse,Accessories,Central,Partner,Rep_19,8,635,0.1,4572.0,3771.72,800.28,17.5,Net Banking,3.9,No,2025-10
ORD101740,2025-10-29,CUST10742,Monitor,Accessories,South,Retail Store,Rep_05,3,14017,0.0,42051.0,27509.13,14541.87,34.58,Net Banking,4.9,No,2025-10
ORD101051,2025-10-29,CUST10030,Webcam,Accessories,North,Retail Store,Rep_07,1,5588,0.1,5029.2,4831.75,197.45,3.93,Debit Card,5.0,No,2025-10
ORD103954,2025-10-29,CUST10525,Smartphone,Mobile,North,Online,Rep_18,1,21764,0.1,19587.6,18048.06,1539.54,7.86,UPI,4.0,No,2025-10
ORD100693,2025-10-29,CUST10173,Monitor,Accessories,South,Online,Rep_20,6,12283,0.2,58958.4,56985.97,1972.43,3.35,Net Banking,5.0,No,2025-10
ORD101395,2025-10-29,CUST10225,Tablet,Mobile,South,Partner,Rep_02,3,25752,0.05,73393.2,64120.15,9273.05,12.63,Debit Card,4.8,No,2025-10
ORD102935,2025-10-30,CUST10733,Headphones,Audio,Central,Online,Rep_16,8,8663,0.05,65838.8,48483.37,17355.43,26.36,Credit Card,3.5,No,2025-10
ORD104104,2025-10-30,CUST10407,Smartphone,Mobile,East,Online,Rep_06,5,39955,0.0,199775.0,159506.85,40268.15,20.16,UPI,3.4,No,2025-10
ORD101593,2025-10-30,CUST10097,Smartphone,Mobile,West,Retail Store,Rep_11,6,21147,0.05,120537.9,98990.47,21547.43,17.88,UPI,3.3,No,2025-10
ORD104313,2025-10-30,CUST10373,Smartphone,Mobile,South,Online,Rep_12,3,38174,0.1,103069.8,78961.41,24108.39,23.39,Credit Card,5.0,No,2025-10
ORD104347,2025-10-30,CUST10408,Printer,Office,South,Retail Store,Rep_06,1,8411,0.08,7738.12,5232.35,2505.77,32.38,Credit Card,4.3,No,2025-10
ORD103078,2025-10-30,CUST10198,Laptop,Computers,South,Retail Store,Rep_02,5,66251,0.05,314692.25,250529.86,64162.39,20.39,Credit Card,3.6,No,2025-10
ORD104585,2025-10-30,CUST10631,Mouse,Accessories,West,Partner,Rep_17,3,1375,0.08,3795.0,3291.25,503.75,13.27,UPI,3.9,Yes,2025-10
ORD103663,2025-10-30,CUST10558,Laptop,Computers,South,Online,Rep_09,5,105649,0.08,485985.4,412798.75,73186.65,15.06,Credit Card,3.6,No,2025-10
ORD104692,2025-10-30,CUST10633,Tablet,Mobile,South,Online,Rep_01,2,36116,0.02,70787.36,52886.99,17900.37,25.29,UPI,3.8,No,2025-10
ORD102076,2025-10-30,CUST10062,Webcam,Accessories,West,Online,Rep_08,7,2262,0.05,15042.3,12810.25,2232.05,14.84,UPI,4.0,No,2025-10
ORD103457,2025-10-31,CUST10513,Monitor,Accessories,Central,Online,Rep_13,3,18487,0.02,54351.78,37238.51,17113.27,31.49,UPI,4.4,No,2025-10
ORD103583,2025-10-31,CUST10031,Tablet,Mobile,South,Online,Rep_10,7,46970,0.1,295911.0,268985.45,26925.55,9.1,UPI,3.5,No,2025-10
ORD104801,2025-10-31,CUST10747,Smartphone,Mobile,South,Retail Store,Rep_07,6,45673,0.0,274038.0,229923.4,44114.6,16.1,Cash,3.4,No,2025-10
ORD104779,2025-10-31,CUST10051,Smartphone,Mobile,South,Retail Store,Rep_03,8,26362,0.0,210896.0,171170.88,39725.12,18.84,Debit Card,4.2,No,2025-10
ORD101337,2025-10-31,CUST10457,Smartphone,Mobile,South,Online,Rep_17,4,61803,0.0,247212.0,216274.29,30937.71,12.51,Credit Card,4.9,No,2025-10
ORD103972,2025-10-31,CUST10010,Keyboard,Accessories,East,Partner,Rep_10,4,2725,0.2,8720.0,8561.44,158.56,1.82,Net Banking,4.6,No,2025-10
ORD104368,2025-10-31,CUST10319,Monitor,Accessories,North,Online,Rep_09,6,11751,0.05,66980.7,53580.81,13399.89,20.01,Credit Card,3.7,No,2025-10
ORD101031,2025-10-31,CUST10037,Laptop,Computers,West,Retail Store,Rep_16,5,87498,0.1,393741.0,365048.83,28692.17,7.29,Net Banking,4.7,No,2025-10
ORD104549,2025-10-31,CUST10560,Mouse,Accessories,South,Partner,Rep_09,4,702,0.05,2667.6,2113.19,554.41,20.78,Credit Card,4.5,No,2025-10
ORD104685,2025-10-31,CUST10563,Headphones,Audio,North,Partner,Rep_18,4,9137,0.1,32893.2,31070.6,1822.6,5.54,Credit Card,3.5,No,2025-10
ORD101119,2025-11-01,CUST10595,Smartphone,Mobile,South,Online,Rep_12,1,64490,0.05,61265.5,54468.62,6796.88,11.09,Credit Card,4.9,No,2025-11
ORD104673,2025-11-01,CUST10394,Headphones,Audio,North,Retail Store,Rep_06,1,9345,0.02,9158.1,6825.13,2332.97,25.47,Credit Card,5.0,No,2025-11
ORD101303,2025-11-01,CUST10054,Laptop,Computers,North,Retail Store,Rep_09,1,78653,0.05,74720.35,53189.93,21530.42,28.81,Net Banking,4.1,No,2025-11
ORD104971,2025-11-02,CUST10372,Monitor,Accessories,Central,Partner,Rep_07,6,21371,0.0,128226.0,103482.55,24743.45,19.3,UPI,3.9,No,2025-11
ORD104156,2025-11-02,CUST10122,Laptop,Computers,South,Retail Store,Rep_11,3,89631,0.02,263515.14,205827.49,57687.65,21.89,Credit Card,3.9,No,2025-11
ORD102882,2025-11-02,CUST10246,Printer,Office,North,Retail Store,Rep_11,2,26357,0.0,52714.0,44545.35,8168.65,15.5,Credit Card,3.4,Yes,2025-11
ORD103380,2025-11-02,CUST10606,Mouse,Accessories,West,Retail Store,Rep_13,4,724,0.0,2896.0,2434.3,461.7,15.94,Net Banking,3.5,No,2025-11
ORD102399,2025-11-02,CUST10202,Mouse,Accessories,South,Retail Store,Rep_10,8,966,0.0,7728.0,6165.73,1562.27,20.22,Net Banking,4.3,No,2025-11
ORD100333,2025-11-02,CUST10287,Laptop,Computers,North,Online,Rep_11,1,73917,0.15,62829.45,57632.33,5197.12,8.27,UPI,3.3,No,2025-11
ORD100068,2025-11-02,CUST10360,Printer,Office,North,Online,Rep_17,7,21115,0.05,140414.75,101894.37,38520.38,27.43,Net Banking,3.0,No,2025-11
ORD101949,2025-11-02,CUST10046,Tablet,Mobile,Central,Retail Store,Rep_07,8,52151,0.05,396347.6,326484.24,69863.36,17.63,UPI,4.8,No,2025-11
ORD102175,2025-11-02,CUST10266,Smartphone,Mobile,East,Retail Store,Rep_18,7,46026,0.15,273854.7,222480.12,51374.58,18.76,Net Banking,5.0,No,2025-11
ORD103900,2025-11-02,CUST10186,Printer,Office,Central,Online,Rep_11,4,7867,0.05,29894.6,25379.08,4515.52,15.1,Debit Card,3.8,No,2025-11
ORD104582,2025-11-02,CUST10206,Tablet,Mobile,South,Retail Store,Rep_02,8,33834,0.1,243604.8,220917.29,22687.51,9.31,Credit Card,4.1,No,2025-11
ORD100795,2025-11-03,CUST10336,Laptop,Computers,East,Online,Rep_05,7,51385,0.08,330919.4,247213.32,83706.08,25.3,Credit Card,4.5,No,2025-11
ORD103691,2025-11-03,CUST10234,Printer,Office,West,Partner,Rep_10,5,18070,0.08,83122.0,74424.15,8697.85,10.46,Credit Card,3.6,No,2025-11
ORD103310,2025-11-03,CUST10379,Monitor,Accessories,East,Online,Rep_01,6,8710,0.08,48079.2,44910.57,3168.63,6.59,Net Banking,3.5,Yes,2025-11
ORD100400,2025-11-03,CUST10028,Headphones,Audio,West,Online,Rep_19,7,2616,0.0,18312.0,12949.83,5362.17,29.28,Net Banking,4.3,No,2025-11
ORD102089,2025-11-03,CUST10135,Printer,Office,South,Retail Store,Rep_01,2,23461,0.0,46922.0,31055.06,15866.94,33.82,UPI,5.0,No,2025-11
ORD103328,2025-11-03,CUST10394,Keyboard,Accessories,North,Partner,Rep_02,4,1156,0.1,4161.6,2968.62,1192.98,28.67,Net Banking,3.6,No,2025-11
ORD102616,2025-11-03,CUST10427,Laptop,Computers,West,Online,Rep_19,1,48577,0.05,46148.15,35960.4,10187.75,22.08,UPI,4.1,No,2025-11
ORD103011,2025-11-03,CUST10328,Keyboard,Accessories,West,Retail Store,Rep_13,4,4063,0.05,15439.4,12714.12,2725.28,17.65,Net Banking,4.0,No,2025-11
ORD103070,2025-11-03,CUST10397,Mouse,Accessories,North,Online,Rep_20,8,1331,0.0,10648.0,7451.62,3196.38,30.02,UPI,3.7,No,2025-11
ORD100050,2025-11-03,CUST10274,Smartphone,Mobile,South,Partner,Rep_11,1,32819,0.08,30193.48,26491.05,3702.43,12.26,Debit Card,3.2,No,2025-11
ORD104417,2025-11-03,CUST10581,Monitor,Accessories,North,Online,Rep_14,3,29650,0.0,88950.0,63224.67,25725.33,28.92,UPI,3.1,No,2025-11
ORD104992,2025-11-03,CUST10607,Keyboard,Accessories,West,Partner,Rep_18,4,3277,0.15,11141.8,11373.32,-231.52,-2.08,Credit Card,3.8,Yes,2025-11
ORD100215,2025-11-03,CUST10193,Headphones,Audio,West,Partner,Rep_03,2,9352,0.08,17207.68,12114.05,5093.63,29.6,UPI,4.3,No,2025-11
ORD102700,2025-11-03,CUST10370,Headphones,Audio,Central,Online,Rep_14,2,2799,0.05,5318.1,4653.92,664.18,12.49,Debit Card,2.6,No,2025-11
ORD100220,2025-11-03,CUST10228,Printer,Office,North,Partner,Rep_16,8,21394,0.05,162594.4,127714.06,34880.34,21.45,Cash,4.2,No,2025-11
ORD104362,2025-11-04,CUST10692,Mouse,Accessories,West,Online,Rep_03,5,1420,0.05,6745.0,4569.44,2175.56,32.25,UPI,3.3,No,2025-11
ORD101409,2025-11-04,CUST10044,Keyboard,Accessories,Central,Retail Store,Rep_07,6,2986,0.15,15228.6,15086.97,141.63,0.93,Cash,5.0,No,2025-11
ORD103204,2025-11-04,CUST10158,Printer,Office,South,Online,Rep_03,6,15160,0.1,81864.0,69725.51,12138.49,14.83,UPI,5.0,No,2025-11
ORD103598,2025-11-04,CUST10131,Keyboard,Accessories,West,Retail Store,Rep_04,5,1140,0.1,5130.0,4302.55,827.45,16.13,Net Banking,3.5,No,2025-11
ORD103555,2025-11-04,CUST10451,Smartphone,Mobile,East,Retail Store,Rep_13,1,46799,0.08,43055.08,39506.46,3548.62,8.24,Credit Card,4.0,No,2025-11
ORD101820,2025-11-04,CUST10027,Tablet,Mobile,North,Online,Rep_02,5,27459,0.1,123565.5,99993.04,23572.46,19.08,UPI,3.7,Yes,2025-11
ORD103959,2025-11-04,CUST10595,Laptop,Computers,West,Online,Rep_08,1,73240,0.2,58592.0,48997.37,9594.63,16.38,UPI,4.0,No,2025-11
ORD102963,2025-11-04,CUST10668,Tablet,Mobile,South,Partner,Rep_14,8,28365,0.15,192882.0,166758.64,26123.36,13.54,Debit Card,5.0,No,2025-11
ORD101298,2025-11-05,CUST10486,Laptop,Computers,Central,Partner,Rep_15,1,73368,0.0,73368.0,50189.64,23178.36,31.59,UPI,3.6,No,2025-11
ORD100056,2025-11-05,CUST10007,Smartwatch,Wearables,North,Retail Store,Rep_16,7,16408,0.08,105667.52,76727.65,28939.87,27.39,UPI,3.8,No,2025-11
ORD103425,2025-11-05,CUST10560,Printer,Office,North,Retail Store,Rep_16,7,11283,0.0,78981.0,49632.37,29348.63,37.16,Credit Card,4.0,No,2025-11
ORD103756,2025-11-05,CUST10349,Smartphone,Mobile,East,Retail Store,Rep_13,2,64944,0.05,123393.6,89397.69,33995.91,27.55,UPI,4.8,No,2025-11
ORD100229,2025-11-05,CUST10673,Webcam,Accessories,Central,Online,Rep_10,2,4329,0.1,7792.2,5560.05,2232.15,28.65,Debit Card,3.8,No,2025-11
ORD102638,2025-11-05,CUST10432,Headphones,Audio,West,Online,Rep_17,4,4567,0.0,18268.0,11708.95,6559.05,35.9,UPI,2.3,No,2025-11
ORD103648,2025-11-05,CUST10435,Monitor,Accessories,East,Online,Rep_04,8,22345,0.15,151946.0,151849.96,96.04,0.06,Credit Card,4.0,No,2025-11
ORD100119,2025-11-05,CUST10241,Webcam,Accessories,West,Retail Store,Rep_17,1,4283,0.0,4283.0,3667.79,615.21,14.36,Debit Card,2.9,No,2025-11
ORD104002,2025-11-05,CUST10421,Printer,Office,North,Retail Store,Rep_06,1,20184,0.1,18165.6,15305.2,2860.4,15.75,Credit Card,3.2,No,2025-11
ORD104051,2025-11-05,CUST10409,Smartwatch,Wearables,South,Partner,Rep_06,7,17888,0.1,112694.4,86388.93,26305.47,23.34,Credit Card,4.0,No,2025-11
ORD104657,2025-11-05,CUST10323,Printer,Office,East,Online,Rep_05,2,25485,0.0,50970.0,37416.28,13553.72,26.59,Debit Card,4.6,No,2025-11
ORD102312,2025-11-05,CUST10559,Webcam,Accessories,South,Retail Store,Rep_09,3,3686,0.05,10505.1,7974.64,2530.46,24.09,UPI,3.7,No,2025-11
ORD102021,2025-11-06,CUST10320,Smartwatch,Wearables,South,Online,Rep_09,2,20787,0.1,37416.6,31672.76,5743.84,15.35,Net Banking,4.8,No,2025-11
ORD101391,2025-11-06,CUST10014,Smartphone,Mobile,Central,Retail Store,Rep_10,7,17848,0.15,106195.6,105961.48,234.12,0.22,Credit Card,4.5,No,2025-11
ORD100516,2025-11-06,CUST10600,Laptop,Computers,South,Retail Store,Rep_13,6,88779,0.08,490060.08,379882.07,110178.01,22.48,UPI,4.3,No,2025-11
ORD100791,2025-11-06,CUST10153,Smartphone,Mobile,West,Retail Store,Rep_15,2,24280,0.05,46132.0,31182.3,14949.7,32.41,Debit Card,3.9,No,2025-11
ORD104661,2025-11-06,CUST10547,Keyboard,Accessories,South,Online,Rep_08,2,2131,0.05,4048.9,3072.7,976.2,24.11,UPI,4.6,No,2025-11
ORD100135,2025-11-06,CUST10408,Smartwatch,Wearables,East,Online,Rep_05,1,17801,0.08,16376.92,14468.76,1908.16,11.65,UPI,3.4,No,2025-11
ORD102121,2025-11-06,CUST10023,Printer,Office,South,Online,Rep_15,5,6815,0.05,32371.25,26535.51,5835.74,18.03,UPI,5.0,No,2025-11
ORD101605,2025-11-07,CUST10162,Laptop,Computers,North,Online,Rep_08,7,90959,0.05,604877.35,448806.07,156071.28,25.8,Debit Card,3.7,No,2025-11
ORD104125,2025-11-07,CUST10218,Printer,Office,North,Retail Store,Rep_19,3,9692,0.08,26749.92,19727.21,7022.71,26.25,Credit Card,5.0,No,2025-11
ORD100457,2025-11-07,CUST10518,Laptop,Computers,South,Retail Store,Rep_17,6,75905,0.08,418995.6,395416.05,23579.55,5.63,Net Banking,3.8,Yes,2025-11
ORD100895,2025-11-07,CUST10410,Mouse,Accessories,South,Online,Rep_01,4,1797,0.1,6469.2,5004.26,1464.94,22.64,Debit Card,4.3,No,2025-11
ORD100277,2025-11-07,CUST10022,Printer,Office,South,Online,Rep_07,3,6143,0.08,16954.68,13518.99,3435.69,20.26,Credit Card,3.9,No,2025-11
ORD103495,2025-11-07,CUST10114,Mouse,Accessories,North,Online,Rep_02,1,1833,0.1,1649.7,1198.34,451.36,27.36,Credit Card,3.6,No,2025-11
ORD100675,2025-11-07,CUST10517,Monitor,Accessories,South,Online,Rep_06,3,22344,0.05,63680.4,55668.74,8011.66,12.58,Credit Card,3.1,No,2025-11
ORD103887,2025-11-07,CUST10070,Webcam,Accessories,South,Retail Store,Rep_12,5,4224,0.08,19430.4,13679.77,5750.63,29.6,Credit Card,3.9,No,2025-11
ORD103123,2025-11-07,CUST10698,Laptop,Computers,East,Online,Rep_17,1,76649,0.0,76649.0,60040.16,16608.84,21.67,UPI,3.9,No,2025-11
ORD103655,2025-11-07,CUST10103,Laptop,Computers,North,Online,Rep_07,2,92596,0.1,166672.8,159069.47,7603.33,4.56,Cash,3.3,No,2025-11
ORD101790,2025-11-07,CUST10653,Keyboard,Accessories,Central,Online,Rep_09,5,1519,0.1,6835.5,6584.04,251.46,3.68,Debit Card,5.0,No,2025-11
ORD103781,2025-11-07,CUST10134,Monitor,Accessories,North,Retail Store,Rep_11,7,24317,0.05,161708.05,107951.58,53756.47,33.24,UPI,4.2,No,2025-11
ORD102554,2025-11-07,CUST10023,Smartwatch,Wearables,Central,Online,Rep_06,5,7700,0.05,36575.0,29945.92,6629.08,18.12,Debit Card,4.7,No,2025-11
ORD101125,2025-11-07,CUST10493,Mouse,Accessories,West,Online,Rep_19,1,2053,0.15,1745.05,1438.33,306.72,17.58,Credit Card,3.5,No,2025-11
ORD100199,2025-11-08,CUST10390,Webcam,Accessories,East,Retail Store,Rep_19,2,4291,0.08,7895.44,6593.47,1301.97,16.49,UPI,3.8,No,2025-11
ORD104670,2025-11-08,CUST10274,Mouse,Accessories,East,Partner,Rep_14,1,440,0.05,418.0,354.88,63.12,15.1,Net Banking,4.1,Yes,2025-11
ORD102637,2025-11-08,CUST10026,Smartwatch,Wearables,East,Retail Store,Rep_17,1,16156,0.1,14540.4,10942.69,3597.71,24.74,UPI,4.6,No,2025-11
ORD102105,2025-11-09,CUST10128,Printer,Office,South,Online,Rep_08,1,19209,0.2,15367.2,16539.46,-1172.26,-7.63,Cash,3.4,No,2025-11
ORD101632,2025-11-09,CUST10586,Tablet,Mobile,West,Online,Rep_14,8,16046,0.15,109112.8,97408.4,11704.4,10.73,UPI,2.1,No,2025-11
ORD100870,2025-11-09,CUST10184,Smartwatch,Wearables,East,Online,Rep_11,7,4381,0.1,27600.3,23101.61,4498.69,16.3,Net Banking,4.8,No,2025-11
ORD103286,2025-11-09,CUST10452,Laptop,Computers,West,Online,Rep_10,1,109666,0.0,109666.0,92658.84,17007.16,15.51,Credit Card,3.1,No,2025-11
ORD100915,2025-11-09,CUST10377,Keyboard,Accessories,Central,Retail Store,Rep_04,4,1163,0.0,4652.0,3658.28,993.72,21.36,Debit Card,3.8,No,2025-11
ORD102285,2025-11-09,CUST10405,Smartphone,Mobile,Central,Retail Store,Rep_12,6,31127,0.08,171821.04,116657.64,55163.4,32.11,UPI,3.4,No,2025-11
ORD101286,2025-11-09,CUST10370,Keyboard,Accessories,West,Retail Store,Rep_07,3,4207,0.08,11611.32,9092.69,2518.63,21.69,Debit Card,4.4,No,2025-11
ORD103810,2025-11-10,CUST10614,Laptop,Computers,North,Online,Rep_05,7,69198,0.05,460166.7,390960.32,69206.38,15.04,Debit Card,2.3,No,2025-11
ORD100731,2025-11-10,CUST10110,Smartphone,Mobile,Central,Retail Store,Rep_06,1,31503,0.1,28352.7,21270.04,7082.66,24.98,Credit Card,4.3,No,2025-11
ORD104831,2025-11-10,CUST10144,Printer,Office,West,Partner,Rep_17,1,21191,0.1,19071.9,18243.91,827.99,4.34,UPI,4.2,No,2025-11
ORD101748,2025-11-10,CUST10673,Smartphone,Mobile,South,Retail Store,Rep_15,5,39195,0.2,156780.0,148025.72,8754.28,5.58,Debit Card,3.6,No,2025-11
ORD100485,2025-11-10,CUST10650,Keyboard,Accessories,West,Partner,Rep_04,4,2349,0.0,9396.0,7839.62,1556.38,16.56,Credit Card,5.0,No,2025-11
ORD100602,2025-11-10,CUST10080,Smartphone,Mobile,West,Partner,Rep_13,3,44881,0.05,127910.85,103050.18,24860.67,19.44,UPI,4.7,No,2025-11
ORD101545,2025-11-10,CUST10575,Smartwatch,Wearables,South,Retail Store,Rep_05,3,3992,0.1,10778.4,9301.79,1476.61,13.7,UPI,2.9,No,2025-11
ORD101927,2025-11-11,CUST10744,Keyboard,Accessories,South,Online,Rep_20,5,1017,0.02,4983.3,4307.33,675.97,13.56,UPI,4.9,No,2025-11
ORD104237,2025-11-11,CUST10665,Laptop,Computers,South,Partner,Rep_11,2,52297,0.0,104594.0,83566.56,21027.44,20.1,Net Banking,4.0,No,2025-11
ORD101183,2025-11-11,CUST10698,Mouse,Accessories,South,Online,Rep_08,5,549,0.05,2607.75,1740.91,866.84,33.24,Net Banking,4.7,No,2025-11
ORD104101,2025-11-11,CUST10305,Mouse,Accessories,Central,Online,Rep_18,7,955,0.15,5682.25,4275.11,1407.14,24.76,Credit Card,4.6,No,2025-11
ORD100382,2025-11-11,CUST10002,Mouse,Accessories,South,Partner,Rep_07,5,1585,0.05,7528.75,5678.05,1850.7,24.58,UPI,3.9,Yes,2025-11
ORD100773,2025-11-11,CUST10222,Smartphone,Mobile,South,Online,Rep_16,2,60934,0.0,121868.0,81828.52,40039.48,32.85,Net Banking,4.7,No,2025-11
ORD101578,2025-11-11,CUST10585,Mouse,Accessories,South,Online,Rep_16,3,2465,0.05,7395.0,5082.42,2312.58,31.27,Debit Card,5.0,No,2025-11
ORD102875,2025-11-12,CUST10510,Headphones,Audio,East,Online,Rep_06,4,3099,0.02,12148.08,10201.79,1946.29,16.02,Credit Card,3.8,No,2025-11
ORD101739,2025-11-12,CUST10078,Tablet,Mobile,East,Retail Store,Rep_05,7,38065,0.08,245138.6,218356.5,26782.1,10.93,Debit Card,4.6,No,2025-11
ORD104677,2025-11-12,CUST10315,Laptop,Computers,South,Online,Rep_16,1,94279,0.05,89565.05,74600.83,14964.22,16.71,Net Banking,4.1,No,2025-11
ORD102445,2025-11-12,CUST10712,Monitor,Accessories,North,Retail Store,Rep_11,4,10749,0.08,39556.32,30414.47,9141.85,23.11,UPI,3.8,No,2025-11
ORD103378,2025-11-12,CUST10073,Smartphone,Mobile,South,Online,Rep_19,2,46994,0.05,89288.6,62416.04,26872.56,30.1,Credit Card,4.3,No,2025-11
ORD102271,2025-11-13,CUST10121,Laptop,Computers,West,Online,Rep_02,7,69825,0.05,464336.25,415505.49,48830.76,10.52,Debit Card,4.0,No,2025-11
ORD101920,2025-11-13,CUST10659,Monitor,Accessories,East,Online,Rep_20,2,20647,0.15,35099.9,35722.63,-622.73,-1.77,Net Banking,4.7,No,2025-11
ORD102118,2025-11-13,CUST10339,Mouse,Accessories,North,Retail Store,Rep_09,6,553,0.02,3251.64,2207.22,1044.42,32.12,Credit Card,3.0,No,2025-11
ORD101900,2025-11-13,CUST10313,Headphones,Audio,North,Online,Rep_11,3,7770,0.2,18648.0,19188.97,-540.97,-2.9,UPI,4.9,No,2025-11
ORD102993,2025-11-13,CUST10286,Keyboard,Accessories,Central,Online,Rep_05,2,3295,0.05,6260.5,5717.48,543.02,8.67,Net Banking,4.3,No,2025-11
ORD101909,2025-11-13,CUST10350,Tablet,Mobile,South,Online,Rep_06,1,50145,0.02,49142.1,36504.65,12637.45,25.72,UPI,5.0,No,2025-11
ORD102918,2025-11-13,CUST10661,Printer,Office,East,Online,Rep_08,6,24882,0.0,149292.0,130319.22,18972.78,12.71,Credit Card,3.4,No,2025-11
ORD101078,2025-11-13,CUST10748,Mouse,Accessories,West,Retail Store,Rep_14,2,1047,0.05,1989.3,1814.48,174.82,8.79,UPI,5.0,No,2025-11
ORD103730,2025-11-13,CUST10404,Keyboard,Accessories,South,Retail Store,Rep_09,2,2070,0.0,4140.0,3100.88,1039.12,25.1,Credit Card,4.0,No,2025-11
ORD104264,2025-11-13,CUST10479,Tablet,Mobile,West,Retail Store,Rep_07,1,52618,0.08,48408.56,35012.96,13395.6,27.67,Credit Card,5.0,No,2025-11
ORD102793,2025-11-13,CUST10700,Keyboard,Accessories,Central,Retail Store,Rep_10,5,4230,0.08,19458.0,18425.63,1032.37,5.31,Debit Card,4.2,No,2025-11
ORD103409,2025-11-13,CUST10020,Smartphone,Mobile,South,Retail Store,Rep_17,8,52351,0.05,397867.6,268421.28,129446.32,32.54,Credit Card,3.2,No,2025-11
ORD104056,2025-11-14,CUST10661,Laptop,Computers,West,Partner,Rep_16,1,98874,0.0,98874.0,82319.15,16554.85,16.74,UPI,2.9,No,2025-11
ORD103357,2025-11-14,CUST10093,Mouse,Accessories,South,Online,Rep_15,5,1919,0.1,8635.5,7385.11,1250.39,14.48,Credit Card,4.1,No,2025-11
ORD101563,2025-11-14,CUST10034,Headphones,Audio,South,Retail Store,Rep_01,1,1800,0.02,1764.0,1456.97,307.03,17.41,Net Banking,3.0,Yes,2025-11
ORD103622,2025-11-14,CUST10490,Smartphone,Mobile,Central,Partner,Rep_12,1,57502,0.02,56351.96,45985.12,10366.84,18.4,Net Banking,4.0,No,2025-11
ORD103330,2025-11-14,CUST10571,Mouse,Accessories,East,Online,Rep_04,5,1335,0.08,6141.0,4455.0,1686.0,27.45,Credit Card,3.8,No,2025-11
ORD101536,2025-11-14,CUST10233,Smartphone,Mobile,West,Online,Rep_16,8,64558,0.05,490640.8,397036.71,93604.09,19.08,UPI,4.1,No,2025-11
ORD104526,2025-11-14,CUST10678,Monitor,Accessories,North,Retail Store,Rep_20,3,28394,0.05,80922.9,61546.69,19376.21,23.94,Debit Card,3.7,No,2025-11
ORD100477,2025-11-14,CUST10167,Laptop,Computers,South,Retail Store,Rep_18,5,72686,0.05,345258.5,246073.63,99184.87,28.73,Cash,4.8,No,2025-11
ORD104437,2025-11-14,CUST10436,Tablet,Mobile,West,Online,Rep_19,2,37622,0.05,71481.8,50337.56,21144.24,29.58,Debit Card,4.7,No,2025-11
ORD103434,2025-11-14,CUST10036,Monitor,Accessories,East,Online,Rep_13,1,24272,0.0,24272.0,16571.05,7700.95,31.73,Cash,4.0,No,2025-11
ORD104426,2025-11-14,CUST10477,Monitor,Accessories,Central,Retail Store,Rep_18,2,9759,0.2,15614.4,12396.29,3218.11,20.61,Net Banking,3.3,No,2025-11
ORD103007,2025-11-14,CUST10162,Webcam,Accessories,South,Online,Rep_13,7,4531,0.2,25373.6,23960.59,1413.01,5.57,Credit Card,5.0,No,2025-11
ORD103236,2025-11-15,CUST10010,Smartphone,Mobile,East,Online,Rep_20,5,38033,0.05,180656.75,162885.55,17771.2,9.84,Credit Card,3.3,No,2025-11
ORD104221,2025-11-15,CUST10420,Tablet,Mobile,South,Online,Rep_08,1,33616,0.0,33616.0,28656.15,4959.85,14.75,UPI,5.0,No,2025-11
ORD103395,2025-11-15,CUST10028,Webcam,Accessories,North,Online,Rep_10,5,6808,0.02,33359.2,24312.93,9046.27,27.12,Net Banking,2.7,No,2025-11
ORD101704,2025-11-15,CUST10623,Monitor,Accessories,East,Online,Rep_12,8,27318,0.05,207616.8,155910.67,51706.13,24.9,Cash,4.1,No,2025-11
ORD103758,2025-11-15,CUST10352,Tablet,Mobile,West,Online,Rep_19,1,26452,0.08,24335.84,19417.89,4917.95,20.21,Net Banking,4.3,No,2025-11
ORD103257,2025-11-15,CUST10719,Mouse,Accessories,South,Online,Rep_12,7,416,0.1,2620.8,2009.03,611.77,23.34,Credit Card,4.1,No,2025-11
ORD103161,2025-11-16,CUST10420,Monitor,Accessories,West,Partner,Rep_01,2,17227,0.02,33764.92,23077.34,10687.58,31.65,Credit Card,3.3,No,2025-11
ORD101922,2025-11-16,CUST10030,Laptop,Computers,Central,Retail Store,Rep_11,1,48286,0.05,45871.7,32370.66,13501.04,29.43,Cash,3.8,No,2025-11
ORD101200,2025-11-16,CUST10312,Smartphone,Mobile,West,Online,Rep_14,5,38738,0.08,178194.8,128810.36,49384.44,27.71,UPI,4.6,Yes,2025-11
ORD104511,2025-11-16,CUST10352,Smartphone,Mobile,South,Partner,Rep_11,8,27034,0.15,183831.2,183993.14,-161.94,-0.09,Credit Card,3.8,No,2025-11
ORD101591,2025-11-16,CUST10447,Mouse,Accessories,North,Online,Rep_10,4,508,0.08,1869.44,1500.85,368.59,19.72,UPI,3.5,No,2025-11
ORD102173,2025-11-16,CUST10730,Smartphone,Mobile,South,Retail Store,Rep_13,2,30721,0.08,56526.64,51479.15,5047.49,8.93,UPI,3.0,No,2025-11
ORD104115,2025-11-16,CUST10009,Mouse,Accessories,North,Retail Store,Rep_18,6,482,0.0,2892.0,2506.74,385.26,13.32,Credit Card,4.1,No,2025-11
ORD103805,2025-11-16,CUST10083,Smartphone,Mobile,Central,Partner,Rep_05,4,20807,0.05,79066.6,56702.68,22363.92,28.28,Net Banking,4.9,No,2025-11
ORD100864,2025-11-16,CUST10297,Monitor,Accessories,North,Retail Store,Rep_04,2,9613,0.1,17303.4,15159.82,2143.58,12.39,Credit Card,4.2,No,2025-11
ORD102726,2025-11-16,CUST10640,Tablet,Mobile,North,Online,Rep_16,7,26509,0.08,170717.96,127519.23,43198.73,25.3,UPI,3.0,No,2025-11
ORD101868,2025-11-16,CUST10177,Smartphone,Mobile,East,Retail Store,Rep_15,7,17996,0.2,100777.6,83829.57,16948.03,16.82,Net Banking,4.4,No,2025-11
ORD103004,2025-11-16,CUST10063,Mouse,Accessories,West,Retail Store,Rep_09,1,2419,0.05,2298.05,1877.37,420.68,18.31,Net Banking,3.6,No,2025-11
ORD104343,2025-11-17,CUST10611,Printer,Office,Central,Partner,Rep_06,7,10705,0.1,67441.5,51068.85,16372.65,24.28,Credit Card,3.6,No,2025-11
ORD100418,2025-11-17,CUST10471,Tablet,Mobile,South,Retail Store,Rep_13,6,40790,0.05,232503.0,173077.28,59425.72,25.56,Net Banking,4.9,No,2025-11
ORD104201,2025-11-17,CUST10313,Printer,Office,West,Retail Store,Rep_05,5,13775,0.05,65431.25,52603.08,12828.17,19.61,Net Banking,3.7,Yes,2025-11
ORD102129,2025-11-17,CUST10727,Webcam,Accessories,South,Online,Rep_18,1,6946,0.05,6598.7,4334.83,2263.87,34.31,Credit Card,4.2,No,2025-11
ORD102219,2025-11-17,CUST10624,Webcam,Accessories,South,Partner,Rep_05,3,6553,0.1,17693.1,13815.01,3878.09,21.92,Debit Card,4.0,No,2025-11
ORD101284,2025-11-17,CUST10307,Laptop,Computers,North,Online,Rep_05,8,53301,0.0,426408.0,309453.95,116954.05,27.43,Net Banking,2.3,No,2025-11
ORD101727,2025-11-17,CUST10215,Monitor,Accessories,South,Online,Rep_07,2,10410,0.02,20403.6,15938.83,4464.77,21.88,Credit Card,4.1,No,2025-11
ORD101797,2025-11-17,CUST10227,Headphones,Audio,Central,Online,Rep_17,2,9881,0.05,18773.9,15561.4,3212.5,17.11,UPI,5.0,No,2025-11
ORD104903,2025-11-18,CUST10236,Smartphone,Mobile,South,Retail Store,Rep_14,5,33327,0.05,158303.25,113686.64,44616.61,28.18,Net Banking,3.5,No,2025-11
ORD102511,2025-11-18,CUST10510,Laptop,Computers,South,Retail Store,Rep_05,3,73936,0.05,210717.6,138188.13,72529.47,34.42,UPI,4.1,Yes,2025-11
ORD103433,2025-11-18,CUST10160,Headphones,Audio,North,Partner,Rep_15,7,1831,0.02,12560.66,9060.74,3499.92,27.86,Debit Card,4.3,Yes,2025-11
ORD103888,2025-11-18,CUST10459,Mouse,Accessories,Central,Retail Store,Rep_20,5,1623,0.02,7952.7,6910.99,1041.71,13.1,Credit Card,4.3,Yes,2025-11
ORD104560,2025-11-18,CUST10384,Smartwatch,Wearables,North,Online,Rep_10,3,3636,0.05,10362.6,7294.59,3068.01,29.61,Net Banking,3.2,No,2025-11
ORD100376,2025-11-18,CUST10481,Tablet,Mobile,South,Partner,Rep_19,8,36026,0.0,288208.0,204615.58,83592.42,29.0,Cash,4.2,No,2025-11
ORD101758,2025-11-19,CUST10327,Monitor,Accessories,North,Partner,Rep_15,7,15191,0.05,101020.15,89519.1,11501.05,11.38,Credit Card,4.0,No,2025-11
ORD101033,2025-11-19,CUST10572,Smartphone,Mobile,West,Online,Rep_02,2,61114,0.02,119783.44,81535.75,38247.69,31.93,Debit Card,4.2,No,2025-11
ORD100993,2025-11-19,CUST10045,Smartphone,Mobile,South,Retail Store,Rep_18,6,52399,0.08,289242.48,245508.69,43733.79,15.12,Debit Card,5.0,No,2025-11
ORD101588,2025-11-19,CUST10581,Monitor,Accessories,West,Retail Store,Rep_18,8,25337,0.05,192561.2,139683.06,52878.14,27.46,Credit Card,4.6,Yes,2025-11
ORD101084,2025-11-19,CUST10360,Webcam,Accessories,North,Retail Store,Rep_02,7,3061,0.15,18212.95,18527.39,-314.44,-1.73,UPI,2.4,No,2025-11
ORD100362,2025-11-19,CUST10378,Mouse,Accessories,West,Partner,Rep_10,1,2182,0.15,1854.7,1399.69,455.01,24.53,Debit Card,4.4,Yes,2025-11
ORD102336,2025-11-19,CUST10608,Tablet,Mobile,South,Partner,Rep_08,4,20257,0.15,68873.8,52904.84,15968.96,23.19,UPI,4.8,Yes,2025-11
ORD101393,2025-11-19,CUST10642,Smartphone,Mobile,North,Online,Rep_14,3,21290,0.05,60676.5,43577.59,17098.91,28.18,UPI,3.5,No,2025-11
ORD103492,2025-11-19,CUST10140,Mouse,Accessories,North,Online,Rep_07,6,2217,0.05,12636.9,8401.04,4235.86,33.52,Credit Card,3.1,No,2025-11
ORD104717,2025-11-20,CUST10610,Keyboard,Accessories,South,Online,Rep_04,6,1342,0.0,8052.0,6453.16,1598.84,19.86,Net Banking,4.2,No,2025-11
ORD102220,2025-11-20,CUST10655,Smartphone,Mobile,North,Online,Rep_09,5,40354,0.02,197734.6,136804.95,60929.65,30.81,Credit Card,4.0,No,2025-11
ORD103306,2025-11-20,CUST10050,Tablet,Mobile,Central,Retail Store,Rep_13,6,30271,0.0,181626.0,153041.31,28584.69,15.74,Cash,3.3,No,2025-11
ORD103732,2025-11-20,CUST10490,Smartwatch,Wearables,West,Retail Store,Rep_06,4,4221,0.15,14351.4,12794.61,1556.79,10.85,Credit Card,2.9,No,2025-11
ORD101351,2025-11-20,CUST10636,Webcam,Accessories,Central,Retail Store,Rep_04,4,4223,0.05,16047.4,12354.07,3693.33,23.02,Credit Card,2.6,No,2025-11
ORD101649,2025-11-20,CUST10132,Headphones,Audio,East,Online,Rep_19,8,5237,0.15,35611.6,32479.58,3132.02,8.79,Credit Card,3.5,No,2025-11
ORD103244,2025-11-20,CUST10398,Mouse,Accessories,East,Online,Rep_01,3,1171,0.15,2986.05,3017.61,-31.56,-1.06,Cash,5.0,No,2025-11
ORD100514,2025-11-20,CUST10661,Webcam,Accessories,North,Partner,Rep_20,5,8902,0.1,40059.0,28230.28,11828.72,29.53,Net Banking,3.2,No,2025-11
ORD100522,2025-11-20,CUST10419,Tablet,Mobile,West,Retail Store,Rep_02,6,54801,0.02,322229.88,261398.0,60831.88,18.88,Debit Card,5.0,No,2025-11
ORD104899,2025-11-20,CUST10556,Laptop,Computers,East,Online,Rep_02,1,50016,0.05,47515.2,37250.93,10264.27,21.6,UPI,4.8,No,2025-11
ORD101780,2025-11-20,CUST10501,Printer,Office,South,Partner,Rep_11,8,14616,0.2,93542.4,74998.22,18544.18,19.82,Net Banking,3.7,No,2025-11
ORD102619,2025-11-21,CUST10580,Printer,Office,South,Retail Store,Rep_06,8,24483,0.0,195864.0,146968.07,48895.93,24.96,UPI,4.2,No,2025-11
ORD100506,2025-11-21,CUST10055,Smartphone,Mobile,East,Online,Rep_02,6,21637,0.2,103857.6,106479.38,-2621.78,-2.52,Net Banking,4.9,No,2025-11
ORD103712,2025-11-21,CUST10492,Headphones,Audio,South,Retail Store,Rep_10,7,2533,0.05,16844.45,14501.52,2342.93,13.91,Debit Card,4.5,Yes,2025-11
ORD102973,2025-11-21,CUST10439,Headphones,Audio,North,Retail Store,Rep_11,5,8953,0.05,42526.75,29900.0,12626.75,29.69,Debit Card,3.1,No,2025-11
ORD100794,2025-11-21,CUST10710,Mouse,Accessories,South,Retail Store,Rep_14,6,1531,0.05,8726.7,6438.77,2287.93,26.22,Net Banking,4.6,No,2025-11
ORD102754,2025-11-21,CUST10550,Tablet,Mobile,South,Online,Rep_14,2,28885,0.05,54881.5,46606.49,8275.01,15.08,UPI,4.1,No,2025-11
ORD103960,2025-11-21,CUST10218,Laptop,Computers,North,Partner,Rep_05,3,48454,0.1,130825.8,95991.62,34834.18,26.63,Net Banking,3.0,No,2025-11
ORD104510,2025-11-21,CUST10357,Smartwatch,Wearables,East,Partner,Rep_03,4,18169,0.08,66861.92,54846.8,12015.12,17.97,Credit Card,4.9,No,2025-11
ORD102415,2025-11-21,CUST10579,Monitor,Accessories,North,Online,Rep_01,5,14025,0.0,70125.0,57140.58,12984.42,18.52,Debit Card,3.8,No,2025-11
ORD102366,2025-11-21,CUST10727,Laptop,Computers,South,Retail Store,Rep_05,7,50831,0.05,338026.15,230461.64,107564.51,31.82,Credit Card,3.6,No,2025-11
ORD104449,2025-11-21,CUST10018,Tablet,Mobile,West,Retail Store,Rep_12,5,35773,0.02,175287.7,152355.72,22931.98,13.08,Debit Card,3.8,No,2025-11
ORD101113,2025-11-21,CUST10688,Smartphone,Mobile,West,Partner,Rep_19,8,17499,0.08,128792.64,107214.45,21578.19,16.75,UPI,3.4,No,2025-11
ORD104723,2025-11-21,CUST10492,Smartphone,Mobile,South,Online,Rep_02,6,37572,0.05,214160.4,190499.18,23661.22,11.05,Credit Card,4.1,No,2025-11
ORD100306,2025-11-21,CUST10132,Smartwatch,Wearables,East,Retail Store,Rep_14,5,15699,0.08,72215.4,63425.32,8790.08,12.17,Credit Card,3.7,No,2025-11
ORD101954,2025-11-21,CUST10438,Headphones,Audio,North,Online,Rep_13,2,3814,0.1,6865.2,5687.17,1178.03,17.16,Credit Card,2.8,No,2025-11
ORD103584,2025-11-21,CUST10621,Printer,Office,West,Retail Store,Rep_11,5,26870,0.1,120915.0,105963.93,14951.07,12.36,Net Banking,4.8,No,2025-11
ORD101646,2025-11-22,CUST10214,Headphones,Audio,South,Online,Rep_11,6,4452,0.0,26712.0,22852.41,3859.59,14.45,Credit Card,4.2,No,2025-11
ORD101650,2025-11-22,CUST10009,Headphones,Audio,North,Online,Rep_16,6,9625,0.0,57750.0,45159.06,12590.94,21.8,Debit Card,2.3,No,2025-11
ORD103268,2025-11-22,CUST10368,Keyboard,Accessories,West,Online,Rep_03,1,3816,0.08,3510.72,2443.92,1066.8,30.39,Debit Card,3.1,No,2025-11
ORD100489,2025-11-22,CUST10255,Smartwatch,Wearables,Central,Partner,Rep_01,4,18845,0.02,73872.4,61440.35,12432.05,16.83,Credit Card,4.5,No,2025-11
ORD104547,2025-11-22,CUST10631,Laptop,Computers,East,Online,Rep_08,2,90395,0.05,171750.5,127882.2,43868.3,25.54,Debit Card,4.0,No,2025-11
ORD101273,2025-11-22,CUST10737,Headphones,Audio,West,Online,Rep_11,5,9536,0.1,42912.0,32503.56,10408.44,24.26,Credit Card,3.6,No,2025-11
ORD100570,2025-11-22,CUST10079,Tablet,Mobile,Central,Online,Rep_05,1,17798,0.08,16374.16,13099.73,3274.43,20.0,UPI,3.1,No,2025-11
ORD101970,2025-11-22,CUST10734,Laptop,Computers,South,Online,Rep_04,2,52605,0.08,96793.2,79556.02,17237.18,17.81,Net Banking,3.8,No,2025-11
ORD102692,2025-11-22,CUST10407,Keyboard,Accessories,South,Retail Store,Rep_17,4,3015,0.05,11457.0,7637.53,3819.47,33.34,UPI,4.1,No,2025-11
ORD104338,2025-11-22,CUST10271,Webcam,Accessories,Central,Online,Rep_19,3,7105,0.08,19609.8,17524.47,2085.33,10.63,Net Banking,3.4,No,2025-11
ORD100732,2025-11-22,CUST10567,Printer,Office,South,Online,Rep_08,8,24499,0.15,166593.2,147015.42,19577.78,11.75,Net Banking,4.1,No,2025-11
ORD101148,2025-11-22,CUST10283,Mouse,Accessories,East,Partner,Rep_02,6,606,0.05,3454.2,2405.9,1048.3,30.35,UPI,4.6,No,2025-11
ORD103459,2025-11-23,CUST10738,Mouse,Accessories,South,Partner,Rep_09,5,2284,0.02,11191.6,7273.69,3917.91,35.01,Debit Card,3.7,Yes,2025-11
ORD100476,2025-11-23,CUST10139,Smartwatch,Wearables,West,Online,Rep_07,4,2830,0.0,11320.0,9198.91,2121.09,18.74,Credit Card,3.4,No,2025-11
ORD103673,2025-11-23,CUST10126,Headphones,Audio,West,Online,Rep_03,6,6333,0.02,37238.04,32951.42,4286.62,11.51,UPI,4.0,No,2025-11
ORD104993,2025-11-23,CUST10746,Tablet,Mobile,Central,Retail Store,Rep_11,4,30860,0.05,117268.0,86716.6,30551.4,26.05,Net Banking,3.8,No,2025-11
ORD102633,2025-11-23,CUST10707,Laptop,Computers,East,Online,Rep_20,1,56654,0.15,48155.9,37072.66,11083.24,23.02,UPI,3.4,No,2025-11
ORD102368,2025-11-23,CUST10106,Keyboard,Accessories,West,Online,Rep_08,1,3580,0.0,3580.0,2948.18,631.82,17.65,Cash,3.5,No,2025-11
ORD101610,2025-11-23,CUST10481,Keyboard,Accessories,West,Retail Store,Rep_04,4,3683,0.05,13995.4,10919.55,3075.85,21.98,Credit Card,3.9,No,2025-11
ORD100937,2025-11-24,CUST10264,Laptop,Computers,West,Online,Rep_20,3,61590,0.02,181074.6,121154.42,59920.18,33.09,UPI,3.7,No,2025-11
ORD104404,2025-11-24,CUST10025,Tablet,Mobile,South,Partner,Rep_16,6,27378,0.08,151126.56,123151.57,27974.99,18.51,Credit Card,4.2,No,2025-11
ORD102213,2025-11-24,CUST10075,Laptop,Computers,South,Online,Rep_18,4,93378,0.08,343631.04,272937.55,70693.49,20.57,Cash,4.3,No,2025-11
ORD102435,2025-11-24,CUST10050,Smartwatch,Wearables,East,Online,Rep_15,7,17404,0.08,112081.76,94101.1,17980.66,16.04,Credit Card,4.8,No,2025-11
ORD101306,2025-11-24,CUST10075,Webcam,Accessories,North,Online,Rep_08,5,6857,0.0,34285.0,22389.27,11895.73,34.7,Net Banking,3.9,No,2025-11
ORD101847,2025-11-24,CUST10186,Smartphone,Mobile,Central,Online,Rep_20,3,46520,0.05,132582.0,114587.76,17994.24,13.57,Credit Card,4.3,No,2025-11
ORD103802,2025-11-24,CUST10300,Smartwatch,Wearables,West,Partner,Rep_05,3,14470,0.0,43410.0,35468.88,7941.12,18.29,UPI,4.0,No,2025-11
ORD102382,2025-11-25,CUST10512,Printer,Office,South,Online,Rep_06,8,9513,0.0,76104.0,64515.73,11588.27,15.23,Credit Card,3.0,No,2025-11
ORD100383,2025-11-25,CUST10715,Mouse,Accessories,East,Online,Rep_09,7,1835,0.0,12845.0,10466.49,2378.51,18.52,UPI,3.3,No,2025-11
ORD100161,2025-11-25,CUST10146,Tablet,Mobile,Central,Online,Rep_05,6,23113,0.0,138678.0,119296.22,19381.78,13.98,UPI,3.8,No,2025-11
ORD100995,2025-11-25,CUST10723,Tablet,Mobile,Central,Retail Store,Rep_11,8,42947,0.05,326397.2,294745.65,31651.55,9.7,UPI,4.0,No,2025-11
ORD104800,2025-11-25,CUST10744,Mouse,Accessories,South,Online,Rep_12,3,1736,0.05,4947.6,3420.23,1527.37,30.87,UPI,2.7,No,2025-11
ORD100931,2025-11-25,CUST10055,Smartphone,Mobile,Central,Partner,Rep_13,4,14136,0.15,48062.4,46150.74,1911.66,3.98,UPI,4.6,No,2025-11
ORD101613,2025-11-25,CUST10736,Keyboard,Accessories,East,Retail Store,Rep_19,2,3839,0.02,7524.44,5229.77,2294.67,30.5,Credit Card,4.6,No,2025-11
ORD102141,2025-11-25,CUST10071,Printer,Office,East,Partner,Rep_09,5,21555,0.05,102386.25,75897.14,26489.11,25.87,Net Banking,4.8,No,2025-11
ORD103777,2025-11-25,CUST10103,Printer,Office,Central,Partner,Rep_02,5,14509,0.0,72545.0,47345.13,25199.87,34.74,Net Banking,5.0,No,2025-11
ORD104744,2025-11-25,CUST10511,Smartwatch,Wearables,Central,Retail Store,Rep_16,1,4454,0.0,4454.0,3624.03,829.97,18.63,Net Banking,2.9,No,2025-11
ORD100166,2025-11-26,CUST10165,Printer,Office,North,Online,Rep_16,5,6945,0.08,31947.0,28124.11,3822.89,11.97,Credit Card,4.0,No,2025-11
ORD104999,2025-11-26,CUST10442,Printer,Office,Central,Retail Store,Rep_11,4,15524,0.02,60854.08,54077.29,6776.79,11.14,Credit Card,5.0,No,2025-11
ORD104044,2025-11-26,CUST10592,Mouse,Accessories,Central,Online,Rep_19,3,2347,0.1,6336.9,5226.6,1110.3,17.52,Cash,4.0,No,2025-11
ORD101717,2025-11-26,CUST10678,Laptop,Computers,Central,Online,Rep_01,2,98457,0.05,187068.3,165088.34,21979.96,11.75,Net Banking,4.5,No,2025-11
ORD103464,2025-11-26,CUST10372,Keyboard,Accessories,North,Retail Store,Rep_19,1,2319,0.1,2087.1,1902.98,184.12,8.82,Net Banking,3.8,No,2025-11
ORD101117,2025-11-26,CUST10135,Laptop,Computers,West,Retail Store,Rep_12,1,48939,0.05,46492.05,36094.42,10397.63,22.36,UPI,3.6,No,2025-11
ORD102004,2025-11-26,CUST10098,Smartphone,Mobile,North,Partner,Rep_11,2,45303,0.05,86075.7,66950.46,19125.24,22.22,Debit Card,3.2,No,2025-11
ORD101953,2025-11-26,CUST10037,Keyboard,Accessories,South,Partner,Rep_09,1,3566,0.2,2852.8,2957.24,-104.44,-3.66,Credit Card,4.4,No,2025-11
ORD102334,2025-11-26,CUST10386,Mouse,Accessories,South,Retail Store,Rep_10,7,1716,0.0,12012.0,9451.22,2560.78,21.32,UPI,4.5,No,2025-11
ORD102852,2025-11-26,CUST10146,Smartphone,Mobile,East,Online,Rep_05,6,44605,0.05,254248.5,227005.31,27243.19,10.72,Debit Card,3.2,No,2025-11
ORD100906,2025-11-26,CUST10062,Webcam,Accessories,North,Retail Store,Rep_02,2,5700,0.08,10488.0,9254.36,1233.64,11.76,Net Banking,3.8,No,2025-11
ORD100048,2025-11-26,CUST10573,Keyboard,Accessories,East,Online,Rep_05,4,1029,0.2,3292.8,2589.87,702.93,21.35,Net Banking,3.0,No,2025-11
ORD103808,2025-11-26,CUST10376,Tablet,Mobile,Central,Online,Rep_02,1,24136,0.2,19308.8,19922.69,-613.89,-3.18,Cash,2.9,No,2025-11
ORD103277,2025-11-27,CUST10006,Printer,Office,East,Retail Store,Rep_03,6,27248,0.08,150408.96,134274.4,16134.56,10.73,Credit Card,4.4,No,2025-11
ORD103790,2025-11-27,CUST10168,Smartwatch,Wearables,North,Partner,Rep_10,6,16682,0.02,98090.16,65584.18,32505.98,33.14,Net Banking,4.4,No,2025-11
ORD102494,2025-11-27,CUST10570,Tablet,Mobile,North,Online,Rep_11,3,30020,0.1,81054.0,56480.96,24573.04,30.32,Cash,3.4,No,2025-11
ORD101556,2025-11-27,CUST10224,Smartphone,Mobile,South,Partner,Rep_13,6,44868,0.1,242287.2,219084.62,23202.58,9.58,Credit Card,4.5,No,2025-11
ORD102846,2025-11-27,CUST10438,Tablet,Mobile,Central,Partner,Rep_07,4,34584,0.0,138336.0,116211.24,22124.76,15.99,UPI,3.9,No,2025-11
ORD102013,2025-11-27,CUST10640,Webcam,Accessories,West,Online,Rep_11,5,8689,0.1,39100.5,35672.67,3427.83,8.77,Credit Card,4.0,No,2025-11
ORD100748,2025-11-27,CUST10016,Keyboard,Accessories,South,Retail Store,Rep_15,1,2527,0.05,2400.65,1760.65,640.0,26.66,Credit Card,4.4,No,2025-11
ORD102092,2025-11-28,CUST10281,Smartwatch,Wearables,East,Retail Store,Rep_06,2,16001,0.1,28801.8,28024.82,776.98,2.7,UPI,4.8,No,2025-11
ORD103917,2025-11-28,CUST10238,Headphones,Audio,South,Retail Store,Rep_13,6,10539,0.08,58175.28,41132.14,17043.14,29.3,Cash,4.7,No,2025-11
ORD104053,2025-11-28,CUST10251,Printer,Office,South,Online,Rep_06,2,20495,0.08,37710.8,26432.75,11278.05,29.91,UPI,3.8,No,2025-11
ORD100496,2025-11-28,CUST10472,Tablet,Mobile,North,Online,Rep_10,3,24855,0.05,70836.75,46758.93,24077.82,33.99,UPI,5.0,No,2025-11
ORD102265,2025-11-28,CUST10253,Mouse,Accessories,West,Online,Rep_05,2,1902,0.05,3613.8,3101.16,512.64,14.19,UPI,4.8,No,2025-11
ORD101089,2025-11-28,CUST10425,Smartwatch,Wearables,South,Retail Store,Rep_07,4,22024,0.1,79286.4,57281.09,22005.31,27.75,Credit Card,5.0,No,2025-11
ORD101520,2025-11-28,CUST10106,Smartwatch,Wearables,East,Online,Rep_19,4,14622,0.05,55563.6,48024.98,7538.62,13.57,Net Banking,3.5,No,2025-11
ORD103281,2025-11-28,CUST10304,Monitor,Accessories,West,Retail Store,Rep_17,8,21529,0.05,163620.4,126971.24,36649.16,22.4,UPI,3.4,No,2025-11
ORD101105,2025-11-28,CUST10725,Smartwatch,Wearables,South,Retail Store,Rep_14,1,17925,0.0,17925.0,15179.19,2745.81,15.32,Net Banking,3.5,No,2025-11
ORD101460,2025-11-29,CUST10310,Mouse,Accessories,West,Online,Rep_07,1,919,0.02,900.62,784.85,115.77,12.85,UPI,4.0,No,2025-11
ORD103073,2025-11-29,CUST10280,Tablet,Mobile,North,Online,Rep_07,8,33549,0.08,246920.64,209665.99,37254.65,15.09,Credit Card,4.3,No,2025-11
ORD102822,2025-11-29,CUST10304,Smartphone,Mobile,South,Online,Rep_02,7,26135,0.0,182945.0,145352.41,37592.59,20.55,Debit Card,3.5,No,2025-11
ORD104096,2025-11-29,CUST10445,Monitor,Accessories,North,Online,Rep_16,5,19520,0.0,97600.0,84161.24,13438.76,13.77,Credit Card,4.0,No,2025-11
ORD103845,2025-11-29,CUST10422,Smartphone,Mobile,South,Online,Rep_15,8,34571,0.1,248911.2,182452.54,66458.66,26.7,Debit Card,3.8,Yes,2025-11
ORD100786,2025-11-29,CUST10371,Webcam,Accessories,West,Retail Store,Rep_18,5,4951,0.05,23517.25,17214.21,6303.04,26.8,Net Banking,4.4,Yes,2025-11
ORD103898,2025-11-29,CUST10405,Printer,Office,North,Online,Rep_13,7,16292,0.05,108341.8,90821.97,17519.83,16.17,Credit Card,4.1,No,2025-11
ORD102612,2025-11-29,CUST10273,Laptop,Computers,North,Online,Rep_02,6,97039,0.05,553122.3,456664.18,96458.12,17.44,UPI,3.7,No,2025-11
ORD101662,2025-11-29,CUST10430,Keyboard,Accessories,West,Retail Store,Rep_07,7,2965,0.05,19717.25,14853.85,4863.4,24.67,Net Banking,3.6,Yes,2025-11
ORD100289,2025-11-29,CUST10026,Smartphone,Mobile,West,Retail Store,Rep_04,3,59515,0.1,160690.5,147214.45,13476.05,8.39,UPI,4.0,No,2025-11
ORD101005,2025-11-29,CUST10247,Printer,Office,West,Retail Store,Rep_10,6,21596,0.08,119209.92,93184.78,26025.14,21.83,UPI,3.5,No,2025-11
ORD101912,2025-11-29,CUST10124,Webcam,Accessories,West,Partner,Rep_09,1,7783,0.08,7160.36,5915.04,1245.32,17.39,UPI,3.9,No,2025-11
ORD101479,2025-11-29,CUST10025,Printer,Office,West,Partner,Rep_06,8,18250,0.0,146000.0,115357.76,30642.24,20.99,Credit Card,5.0,No,2025-11
ORD104947,2025-11-29,CUST10284,Mouse,Accessories,Central,Online,Rep_08,7,2318,0.15,13792.1,13620.59,171.51,1.24,Net Banking,4.3,No,2025-11
ORD104972,2025-11-30,CUST10094,Webcam,Accessories,West,Partner,Rep_14,3,8284,0.08,22863.84,16657.79,6206.05,27.14,Cash,3.5,No,2025-11
ORD101552,2025-11-30,CUST10700,Mouse,Accessories,South,Online,Rep_04,2,2006,0.02,3931.76,3152.4,779.36,19.82,Debit Card,4.0,No,2025-11
ORD104105,2025-11-30,CUST10359,Tablet,Mobile,North,Online,Rep_10,4,15290,0.05,58102.0,42680.29,15421.71,26.54,UPI,4.4,No,2025-11
ORD101030,2025-11-30,CUST10090,Printer,Office,South,Retail Store,Rep_02,7,15145,0.0,106015.0,92595.45,13419.55,12.66,UPI,3.7,No,2025-11
ORD102352,2025-11-30,CUST10530,Webcam,Accessories,East,Partner,Rep_11,2,5320,0.08,9788.8,7355.95,2432.85,24.85,UPI,4.0,No,2025-11
ORD103461,2025-11-30,CUST10699,Smartphone,Mobile,Central,Online,Rep_01,7,20800,0.1,131040.0,103275.11,27764.89,21.19,Debit Card,3.1,No,2025-11
ORD102084,2025-11-30,CUST10650,Webcam,Accessories,East,Partner,Rep_19,3,8462,0.1,22847.4,19587.99,3259.41,14.27,Net Banking,3.9,No,2025-11
ORD102608,2025-11-30,CUST10562,Smartphone,Mobile,North,Online,Rep_07,7,29455,0.08,189690.2,161784.87,27905.33,14.71,Credit Card,4.1,No,2025-11
ORD103965,2025-11-30,CUST10574,Laptop,Computers,North,Online,Rep_14,5,50974,0.02,249772.6,171655.1,78117.5,31.28,UPI,4.7,No,2025-11
ORD100855,2025-12-01,CUST10309,Smartphone,Mobile,West,Online,Rep_02,1,50560,0.2,40448.0,34147.72,6300.28,15.58,UPI,4.4,No,2025-12
ORD102249,2025-12-01,CUST10494,Keyboard,Accessories,West,Online,Rep_09,2,3231,0.02,6332.76,5587.67,745.09,11.77,UPI,4.5,No,2025-12
ORD100409,2025-12-01,CUST10617,Webcam,Accessories,South,Online,Rep_02,1,5658,0.05,5375.1,3848.7,1526.4,28.4,Net Banking,5.0,No,2025-12
ORD101346,2025-12-01,CUST10568,Monitor,Accessories,South,Online,Rep_10,4,23641,0.1,85107.6,65819.63,19287.97,22.66,Debit Card,4.5,No,2025-12
ORD100575,2025-12-01,CUST10501,Webcam,Accessories,East,Online,Rep_06,4,6571,0.08,24181.28,19910.58,4270.7,17.66,Debit Card,4.8,No,2025-12
ORD103925,2025-12-01,CUST10552,Smartwatch,Wearables,South,Online,Rep_12,3,13667,0.08,37720.92,32421.64,5299.28,14.05,Cash,3.4,No,2025-12
ORD103173,2025-12-02,CUST10475,Smartphone,Mobile,South,Retail Store,Rep_15,5,61415,0.05,291721.25,266512.18,25209.07,8.64,Cash,4.3,No,2025-12
ORD103510,2025-12-02,CUST10618,Laptop,Computers,North,Partner,Rep_19,7,105444,0.02,723345.84,572049.01,151296.83,20.92,UPI,3.4,No,2025-12
ORD104638,2025-12-02,CUST10123,Mouse,Accessories,North,Online,Rep_04,7,1124,0.0,7868.0,6199.89,1668.11,21.2,Debit Card,4.4,No,2025-12
ORD103270,2025-12-02,CUST10189,Mouse,Accessories,West,Online,Rep_11,1,1120,0.0,1120.0,838.29,281.71,25.15,Credit Card,3.4,Yes,2025-12
ORD103765,2025-12-02,CUST10062,Monitor,Accessories,South,Online,Rep_03,7,20842,0.2,116715.2,114974.88,1740.32,1.49,Net Banking,4.0,No,2025-12
ORD100190,2025-12-02,CUST10215,Smartphone,Mobile,North,Online,Rep_13,7,12015,0.08,77376.6,71044.28,6332.32,8.18,Credit Card,2.6,No,2025-12
ORD102500,2025-12-02,CUST10006,Monitor,Accessories,East,Online,Rep_18,4,12531,0.02,49121.52,37346.79,11774.73,23.97,Debit Card,4.7,No,2025-12
ORD102897,2025-12-02,CUST10002,Keyboard,Accessories,Central,Retail Store,Rep_14,7,1200,0.05,7980.0,5929.63,2050.37,25.69,UPI,3.9,No,2025-12
ORD100240,2025-12-02,CUST10434,Smartphone,Mobile,West,Online,Rep_07,8,27907,0.02,218790.88,181160.5,37630.38,17.2,Credit Card,3.1,No,2025-12
ORD101795,2025-12-02,CUST10045,Laptop,Computers,West,Retail Store,Rep_14,2,104966,0.1,188938.8,142861.28,46077.52,24.39,Credit Card,4.2,No,2025-12
ORD100550,2025-12-02,CUST10594,Headphones,Audio,West,Partner,Rep_13,1,4360,0.05,4142.0,3766.24,375.76,9.07,UPI,3.5,No,2025-12
ORD100814,2025-12-02,CUST10090,Smartwatch,Wearables,South,Online,Rep_10,7,23748,0.15,141300.6,120107.85,21192.75,15.0,Debit Card,3.4,No,2025-12
ORD102499,2025-12-02,CUST10611,Smartwatch,Wearables,North,Online,Rep_19,6,8208,0.0,49248.0,41983.64,7264.36,14.75,Credit Card,4.9,No,2025-12
ORD101347,2025-12-02,CUST10409,Tablet,Mobile,South,Retail Store,Rep_06,5,25313,0.05,116439.8,89835.21,26604.59,22.85,UPI,4.4,No,2025-12
ORD104958,2025-12-03,CUST10517,Mouse,Accessories,South,Online,Rep_17,5,2481,0.15,10544.25,10042.2,502.05,4.76,UPI,4.1,No,2025-12
ORD102524,2025-12-03,CUST10228,Tablet,Mobile,East,Online,Rep_12,7,35450,0.05,235742.5,181238.48,54504.02,23.12,UPI,2.6,No,2025-12
ORD101498,2025-12-03,CUST10299,Monitor,Accessories,South,Retail Store,Rep_13,5,16805,0.1,75622.5,71602.34,4020.16,5.32,UPI,4.9,No,2025-12
ORD103700,2025-12-03,CUST10130,Smartphone,Mobile,West,Retail Store,Rep_03,4,15213,0.08,55983.84,43675.3,12308.54,21.99,Credit Card,2.6,No,2025-12
ORD101844,2025-12-03,CUST10183,Mouse,Accessories,South,Retail Store,Rep_06,4,986,0.05,3746.8,3183.94,562.86,15.02,Credit Card,4.0,No,2025-12
ORD104897,2025-12-03,CUST10178,Smartphone,Mobile,Central,Online,Rep_20,6,64051,0.0,384306.0,274179.02,110126.98,28.66,Net Banking,4.1,No,2025-12
ORD104571,2025-12-03,CUST10607,Monitor,Accessories,South,Online,Rep_07,6,14797,0.02,87006.36,56744.91,30261.45,34.78,Net Banking,4.4,No,2025-12
ORD100838,2025-12-03,CUST10140,Tablet,Mobile,South,Online,Rep_08,1,28546,0.15,24264.1,17892.74,6371.36,26.26,UPI,3.8,No,2025-12
ORD102403,2025-12-03,CUST10715,Monitor,Accessories,East,Retail Store,Rep_20,8,12471,0.05,94779.6,64964.57,29815.03,31.46,UPI,3.4,No,2025-12
ORD102559,2025-12-04,CUST10683,Laptop,Computers,South,Online,Rep_14,3,59190,0.05,168691.5,139449.27,29242.23,17.33,UPI,4.7,No,2025-12
ORD101195,2025-12-04,CUST10697,Laptop,Computers,North,Online,Rep_03,4,81469,0.2,260700.8,265882.19,-5181.39,-1.99,Debit Card,4.7,No,2025-12
ORD102755,2025-12-04,CUST10587,Webcam,Accessories,South,Online,Rep_09,8,2926,0.0,23408.0,16123.83,7284.17,31.12,UPI,3.8,No,2025-12
ORD100633,2025-12-04,CUST10700,Keyboard,Accessories,South,Partner,Rep_13,8,3602,0.0,28816.0,19695.32,9120.68,31.65,Credit Card,4.8,No,2025-12
ORD104737,2025-12-04,CUST10572,Keyboard,Accessories,North,Online,Rep_16,3,4466,0.05,12728.1,11552.23,1175.87,9.24,Net Banking,5.0,No,2025-12
ORD102125,2025-12-04,CUST10451,Smartwatch,Wearables,North,Online,Rep_02,8,3709,0.08,27298.24,24023.0,3275.24,12.0,Debit Card,4.1,Yes,2025-12
ORD102925,2025-12-04,CUST10321,Tablet,Mobile,North,Partner,Rep_11,4,41670,0.1,150012.0,111721.99,38290.01,25.52,UPI,3.7,No,2025-12
ORD101356,2025-12-05,CUST10185,Webcam,Accessories,West,Online,Rep_07,3,7965,0.1,21505.5,15923.48,5582.02,25.96,Cash,4.2,No,2025-12
ORD103508,2025-12-05,CUST10522,Monitor,Accessories,Central,Online,Rep_16,2,18201,0.05,34581.9,25541.12,9040.78,26.14,Credit Card,3.9,No,2025-12
ORD102350,2025-12-05,CUST10570,Laptop,Computers,South,Online,Rep_08,2,58271,0.02,114211.16,93462.66,20748.5,18.17,UPI,3.9,No,2025-12
ORD100146,2025-12-05,CUST10599,Laptop,Computers,North,Online,Rep_18,3,75926,0.2,182222.4,162968.54,19253.86,10.57,Credit Card,3.5,No,2025-12
ORD103071,2025-12-05,CUST10337,Headphones,Audio,East,Partner,Rep_07,4,6897,0.05,26208.6,18956.7,7251.9,27.67,Net Banking,4.1,No,2025-12
ORD102868,2025-12-05,CUST10252,Headphones,Audio,South,Partner,Rep_20,6,7398,0.15,37729.8,27935.73,9794.07,25.96,UPI,3.6,No,2025-12
ORD102747,2025-12-05,CUST10509,Keyboard,Accessories,West,Partner,Rep_10,5,3983,0.02,19516.7,16636.06,2880.64,14.76,Credit Card,4.4,No,2025-12
ORD102354,2025-12-05,CUST10670,Webcam,Accessories,West,Online,Rep_12,8,3469,0.0,27752.0,22482.0,5270.0,18.99,Debit Card,2.9,No,2025-12
ORD101663,2025-12-06,CUST10715,Webcam,Accessories,South,Retail Store,Rep_02,4,4147,0.05,15758.6,10421.21,5337.39,33.87,UPI,3.9,No,2025-12
ORD103254,2025-12-06,CUST10107,Smartphone,Mobile,North,Online,Rep_05,1,23623,0.05,22441.85,19982.61,2459.24,10.96,Debit Card,3.8,No,2025-12
ORD101685,2025-12-06,CUST10342,Smartphone,Mobile,East,Online,Rep_06,8,32387,0.08,238368.32,183729.39,54638.93,22.92,Cash,4.3,No,2025-12
ORD101825,2025-12-06,CUST10543,Mouse,Accessories,North,Partner,Rep_10,1,1047,0.08,963.24,878.06,85.18,8.84,Debit Card,3.6,No,2025-12
ORD102485,2025-12-07,CUST10112,Monitor,Accessories,Central,Retail Store,Rep_13,3,23367,0.1,63090.9,49098.25,13992.65,22.18,UPI,4.1,No,2025-12
ORD101712,2025-12-07,CUST10574,Laptop,Computers,Central,Retail Store,Rep_05,4,73424,0.05,279011.2,233073.37,45937.83,16.46,UPI,4.0,No,2025-12
ORD103701,2025-12-07,CUST10519,Mouse,Accessories,South,Partner,Rep_03,3,2418,0.08,6673.68,5794.1,879.58,13.18,UPI,4.1,Yes,2025-12
ORD103521,2025-12-07,CUST10183,Smartphone,Mobile,South,Retail Store,Rep_18,8,15018,0.1,108129.6,79581.71,28547.89,26.4,Credit Card,3.8,No,2025-12
ORD103365,2025-12-07,CUST10282,Smartwatch,Wearables,North,Online,Rep_01,6,15397,0.1,83143.8,63430.23,19713.57,23.71,UPI,4.7,No,2025-12
ORD101075,2025-12-07,CUST10122,Smartwatch,Wearables,South,Partner,Rep_02,4,21061,0.0,84244.0,56153.95,28090.05,33.34,Credit Card,2.6,No,2025-12
ORD104830,2025-12-07,CUST10067,Monitor,Accessories,Central,Retail Store,Rep_07,4,8309,0.1,29912.4,20897.22,9015.18,30.14,Credit Card,3.8,No,2025-12
ORD104481,2025-12-08,CUST10232,Smartphone,Mobile,Central,Partner,Rep_20,3,14818,0.05,42231.3,38278.34,3952.96,9.36,Net Banking,4.5,No,2025-12
ORD102719,2025-12-08,CUST10282,Printer,Office,North,Retail Store,Rep_16,2,6100,0.05,11590.0,9986.41,1603.59,13.84,UPI,4.7,No,2025-12
ORD103913,2025-12-08,CUST10060,Laptop,Computers,East,Online,Rep_18,7,75090,0.1,473067.0,419793.62,53273.38,11.26,Credit Card,5.0,No,2025-12
ORD103985,2025-12-08,CUST10381,Printer,Office,Central,Online,Rep_18,5,24476,0.05,116261.0,81932.07,34328.93,29.53,Debit Card,3.8,No,2025-12
ORD102373,2025-12-08,CUST10373,Mouse,Accessories,Central,Partner,Rep_05,6,1668,0.05,9507.6,8059.35,1448.25,15.23,Debit Card,3.1,No,2025-12
ORD103484,2025-12-08,CUST10079,Smartwatch,Wearables,East,Partner,Rep_06,6,6089,0.08,33611.28,29046.03,4565.25,13.58,Credit Card,4.7,No,2025-12
ORD104077,2025-12-08,CUST10428,Monitor,Accessories,Central,Online,Rep_16,1,27793,0.02,27237.14,21745.02,5492.12,20.16,Cash,4.0,No,2025-12
ORD100702,2025-12-08,CUST10296,Laptop,Computers,South,Online,Rep_13,3,108601,0.15,276932.55,271505.63,5426.92,1.96,UPI,4.6,No,2025-12
ORD102799,2025-12-08,CUST10331,Smartwatch,Wearables,South,Retail Store,Rep_08,3,5026,0.08,13871.76,11980.56,1891.2,13.63,UPI,3.4,Yes,2025-12
ORD104684,2025-12-08,CUST10212,Tablet,Mobile,South,Online,Rep_19,7,44428,0.05,295446.2,265244.43,30201.77,10.22,Net Banking,3.3,No,2025-12
ORD103319,2025-12-08,CUST10530,Printer,Office,East,Retail Store,Rep_08,2,14801,0.0,29602.0,25634.2,3967.8,13.4,Credit Card,3.2,No,2025-12
ORD100105,2025-12-09,CUST10457,Webcam,Accessories,East,Online,Rep_11,3,5352,0.08,14771.52,12186.32,2585.2,17.5,Cash,5.0,No,2025-12
ORD104200,2025-12-09,CUST10381,Mouse,Accessories,South,Retail Store,Rep_09,5,1585,0.05,7528.75,6197.16,1331.59,17.69,Credit Card,3.9,Yes,2025-12
ORD104747,2025-12-09,CUST10190,Smartphone,Mobile,North,Online,Rep_13,6,30774,0.05,175411.8,128312.46,47099.34,26.85,Debit Card,4.3,No,2025-12
ORD101902,2025-12-09,CUST10102,Laptop,Computers,East,Online,Rep_09,7,90304,0.0,632128.0,554958.81,77169.19,12.21,Debit Card,4.3,No,2025-12
ORD102110,2025-12-09,CUST10392,Smartwatch,Wearables,East,Partner,Rep_08,6,22636,0.05,129025.2,102068.79,26956.41,20.89,Credit Card,4.2,No,2025-12
ORD104180,2025-12-09,CUST10010,Tablet,Mobile,East,Retail Store,Rep_18,3,50983,0.08,140713.08,117547.67,23165.41,16.46,Credit Card,4.0,No,2025-12
ORD101066,2025-12-09,CUST10649,Headphones,Audio,Central,Online,Rep_18,3,3332,0.02,9796.08,6301.5,3494.58,35.67,Net Banking,3.9,No,2025-12
ORD100120,2025-12-09,CUST10591,Keyboard,Accessories,South,Retail Store,Rep_19,1,2819,0.02,2762.62,2004.01,758.61,27.46,UPI,5.0,No,2025-12
ORD103489,2025-12-09,CUST10709,Laptop,Computers,South,Retail Store,Rep_02,4,65205,0.2,208656.0,215243.67,-6587.67,-3.16,UPI,3.6,No,2025-12
ORD104168,2025-12-09,CUST10694,Laptop,Computers,South,Online,Rep_11,1,71513,0.05,67937.35,53133.26,14804.09,21.79,UPI,3.9,No,2025-12
ORD101275,2025-12-10,CUST10680,Monitor,Accessories,West,Retail Store,Rep_17,4,15516,0.05,58960.8,39754.43,19206.37,32.57,Debit Card,3.4,Yes,2025-12
ORD100406,2025-12-10,CUST10666,Webcam,Accessories,South,Online,Rep_01,5,7264,0.1,32688.0,29744.62,2943.38,9.0,UPI,4.5,No,2025-12
ORD104881,2025-12-10,CUST10475,Smartphone,Mobile,North,Retail Store,Rep_12,5,40062,0.05,190294.5,165556.92,24737.58,13.0,Debit Card,2.7,No,2025-12
ORD101688,2025-12-10,CUST10499,Monitor,Accessories,South,Online,Rep_19,7,11728,0.05,77991.2,52441.66,25549.54,32.76,Debit Card,3.5,No,2025-12
ORD104911,2025-12-10,CUST10435,Webcam,Accessories,East,Online,Rep_20,7,6297,0.1,39671.1,34723.26,4947.84,12.47,Debit Card,3.5,No,2025-12
ORD101622,2025-12-10,CUST10094,Laptop,Computers,West,Online,Rep_06,3,48453,0.02,142451.82,105572.3,36879.52,25.89,UPI,4.8,No,2025-12
ORD103686,2025-12-10,CUST10181,Keyboard,Accessories,Central,Online,Rep_12,5,3798,0.08,17470.8,15962.32,1508.48,8.63,Cash,4.6,No,2025-12
ORD103278,2025-12-10,CUST10670,Monitor,Accessories,East,Retail Store,Rep_04,6,23143,0.08,127749.36,94083.03,33666.33,26.35,Credit Card,3.6,No,2025-12
ORD101151,2025-12-10,CUST10687,Headphones,Audio,Central,Online,Rep_05,7,8019,0.02,55010.34,38039.82,16970.52,30.85,Debit Card,3.7,No,2025-12
ORD102716,2025-12-10,CUST10631,Tablet,Mobile,South,Retail Store,Rep_02,5,39282,0.08,180697.2,155254.47,25442.73,14.08,Cash,4.2,No,2025-12
ORD102765,2025-12-11,CUST10134,Smartphone,Mobile,East,Online,Rep_04,1,40345,0.08,37117.4,29437.69,7679.71,20.69,Net Banking,3.7,No,2025-12
ORD101464,2025-12-11,CUST10041,Mouse,Accessories,South,Online,Rep_18,6,413,0.05,2354.1,2124.36,229.74,9.76,UPI,4.5,No,2025-12
ORD102197,2025-12-11,CUST10688,Monitor,Accessories,South,Online,Rep_18,5,9427,0.2,37708.0,36992.71,715.29,1.9,UPI,3.9,No,2025-12
ORD102921,2025-12-11,CUST10029,Tablet,Mobile,North,Online,Rep_18,2,15595,0.05,29630.5,21066.68,8563.82,28.9,UPI,4.3,No,2025-12
ORD102769,2025-12-11,CUST10156,Monitor,Accessories,East,Online,Rep_17,8,13506,0.08,99404.16,92332.05,7072.11,7.11,UPI,3.9,No,2025-12
ORD104660,2025-12-11,CUST10580,Headphones,Audio,East,Partner,Rep_16,4,10947,0.05,41598.6,34925.07,6673.53,16.04,Net Banking,4.5,No,2025-12
ORD101982,2025-12-11,CUST10661,Printer,Office,West,Online,Rep_06,5,14612,0.15,62101.0,56774.17,5326.83,8.58,Credit Card,4.6,No,2025-12
ORD103283,2025-12-11,CUST10411,Printer,Office,South,Online,Rep_04,7,12243,0.15,72845.85,68778.83,4067.02,5.58,Debit Card,5.0,No,2025-12
ORD102222,2025-12-12,CUST10225,Keyboard,Accessories,West,Online,Rep_13,8,3373,0.1,24285.6,17134.68,7150.92,29.45,UPI,3.3,No,2025-12
ORD103391,2025-12-12,CUST10439,Tablet,Mobile,North,Partner,Rep_02,6,27861,0.02,163822.68,115841.34,47981.34,29.29,UPI,5.0,No,2025-12
ORD100661,2025-12-12,CUST10249,Tablet,Mobile,South,Retail Store,Rep_01,5,35486,0.08,163235.6,123465.17,39770.43,24.36,Credit Card,3.8,No,2025-12
ORD102196,2025-12-12,CUST10373,Monitor,Accessories,East,Retail Store,Rep_19,8,23107,0.0,184856.0,156851.86,28004.14,15.15,Net Banking,2.7,No,2025-12
ORD101059,2025-12-13,CUST10627,Monitor,Accessories,South,Online,Rep_04,2,19218,0.05,36514.2,27016.58,9497.62,26.01,Net Banking,3.6,No,2025-12
ORD103498,2025-12-13,CUST10521,Webcam,Accessories,West,Online,Rep_17,3,2202,0.15,5615.1,4995.17,619.93,11.04,Cash,4.9,No,2025-12
ORD104490,2025-12-13,CUST10682,Keyboard,Accessories,North,Retail Store,Rep_08,4,3697,0.05,14048.6,10611.05,3437.55,24.47,Credit Card,3.6,No,2025-12
ORD103671,2025-12-13,CUST10044,Smartphone,Mobile,East,Retail Store,Rep_03,7,38110,0.0,266770.0,219544.33,47225.67,17.7,Debit Card,3.4,No,2025-12
ORD103551,2025-12-14,CUST10318,Printer,Office,North,Retail Store,Rep_16,4,25299,0.0,101196.0,65386.94,35809.06,35.39,Credit Card,3.8,No,2025-12
ORD100530,2025-12-14,CUST10250,Webcam,Accessories,Central,Retail Store,Rep_06,8,6405,0.05,48678.0,34410.06,14267.94,29.31,Credit Card,4.1,No,2025-12
ORD103918,2025-12-14,CUST10371,Tablet,Mobile,West,Retail Store,Rep_08,2,46842,0.08,86189.28,62090.68,24098.6,27.96,UPI,4.6,No,2025-12
ORD103623,2025-12-14,CUST10133,Smartphone,Mobile,West,Online,Rep_19,6,46693,0.1,252142.2,238269.45,13872.75,5.5,UPI,3.7,No,2025-12
ORD101404,2025-12-14,CUST10437,Headphones,Audio,West,Retail Store,Rep_20,4,11084,0.08,40789.12,34607.61,6181.51,15.15,Debit Card,4.0,No,2025-12
ORD103976,2025-12-14,CUST10460,Webcam,Accessories,South,Retail Store,Rep_13,5,8214,0.1,36963.0,34665.23,2297.77,6.22,UPI,4.3,No,2025-12
ORD103549,2025-12-14,CUST10133,Tablet,Mobile,West,Online,Rep_16,4,15131,0.02,59313.52,43151.91,16161.61,27.25,UPI,2.7,No,2025-12
ORD102974,2025-12-14,CUST10747,Headphones,Audio,South,Partner,Rep_07,4,3619,0.0,14476.0,9848.52,4627.48,31.97,Net Banking,4.1,No,2025-12
ORD101881,2025-12-15,CUST10460,Mouse,Accessories,North,Online,Rep_18,7,475,0.05,3158.75,2266.62,892.13,28.24,Debit Card,5.0,No,2025-12
ORD104523,2025-12-15,CUST10703,Webcam,Accessories,North,Partner,Rep_14,8,3976,0.02,31171.84,24061.97,7109.87,22.81,Debit Card,3.8,No,2025-12
ORD100614,2025-12-15,CUST10071,Laptop,Computers,Central,Retail Store,Rep_04,1,105412,0.08,96979.04,92365.82,4613.22,4.76,Debit Card,4.9,Yes,2025-12
ORD101367,2025-12-15,CUST10631,Headphones,Audio,West,Retail Store,Rep_10,6,2638,0.2,12662.4,13373.2,-710.8,-5.61,UPI,3.8,Yes,2025-12
ORD103358,2025-12-15,CUST10385,Tablet,Mobile,South,Online,Rep_08,2,41150,0.1,74070.0,67314.23,6755.77,9.12,UPI,3.1,No,2025-12
ORD102134,2025-12-15,CUST10152,Keyboard,Accessories,South,Partner,Rep_19,4,1837,0.08,6760.16,4866.39,1893.77,28.01,Debit Card,4.7,No,2025-12
ORD102333,2025-12-15,CUST10225,Mouse,Accessories,East,Online,Rep_07,3,1812,0.1,4892.4,3446.39,1446.01,29.56,UPI,4.2,No,2025-12
ORD103091,2025-12-15,CUST10501,Monitor,Accessories,South,Partner,Rep_19,2,29494,0.05,56038.6,40094.42,15944.18,28.45,Cash,4.2,No,2025-12
ORD102696,2025-12-16,CUST10194,Keyboard,Accessories,West,Partner,Rep_19,1,806,0.02,789.88,654.69,135.19,17.12,Debit Card,3.3,No,2025-12
ORD100595,2025-12-16,CUST10173,Webcam,Accessories,East,Online,Rep_06,4,7593,0.05,28853.4,26059.95,2793.45,9.68,UPI,4.1,No,2025-12
ORD104245,2025-12-16,CUST10207,Monitor,Accessories,West,Online,Rep_20,5,8368,0.2,33472.0,33923.11,-451.11,-1.35,Debit Card,5.0,No,2025-12
ORD101944,2025-12-16,CUST10408,Headphones,Audio,South,Retail Store,Rep_10,8,5494,0.2,35161.6,30505.28,4656.32,13.24,Net Banking,4.4,No,2025-12
ORD104655,2025-12-16,CUST10064,Tablet,Mobile,West,Online,Rep_20,8,33379,0.05,253680.4,211577.71,42102.69,16.6,UPI,4.7,No,2025-12
ORD102289,2025-12-17,CUST10710,Monitor,Accessories,Central,Online,Rep_19,6,23638,0.05,134736.6,92142.89,42593.71,31.61,Debit Card,3.7,No,2025-12
ORD101019,2025-12-17,CUST10596,Webcam,Accessories,West,Online,Rep_15,5,5331,0.2,21324.0,21753.32,-429.32,-2.01,UPI,4.2,No,2025-12
ORD104174,2025-12-17,CUST10710,Keyboard,Accessories,North,Retail Store,Rep_12,7,4038,0.05,26852.7,19868.32,6984.38,26.01,Debit Card,3.7,No,2025-12
ORD100612,2025-12-17,CUST10558,Printer,Office,North,Online,Rep_03,1,27197,0.15,23117.45,19562.4,3555.05,15.38,UPI,3.9,No,2025-12
ORD104332,2025-12-17,CUST10581,Smartphone,Mobile,North,Partner,Rep_07,1,16415,0.1,14773.5,11634.48,3139.02,21.25,Debit Card,3.4,No,2025-12
ORD104440,2025-12-17,CUST10528,Smartphone,Mobile,South,Retail Store,Rep_05,7,43254,0.05,287639.1,254433.83,33205.27,11.54,Credit Card,5.0,No,2025-12
ORD102237,2025-12-17,CUST10446,Webcam,Accessories,South,Online,Rep_09,8,8710,0.05,66196.0,56123.66,10072.34,15.22,Credit Card,3.0,Yes,2025-12
ORD103094,2025-12-17,CUST10557,Printer,Office,North,Online,Rep_07,2,12363,0.02,24231.48,18106.66,6124.82,25.28,Debit Card,4.7,No,2025-12
ORD100464,2025-12-17,CUST10018,Keyboard,Accessories,North,Online,Rep_11,5,4136,0.05,19646.0,14008.16,5637.84,28.7,Debit Card,3.3,No,2025-12
ORD102071,2025-12-18,CUST10309,Headphones,Audio,South,Online,Rep_08,3,3941,0.08,10877.16,7601.68,3275.48,30.11,Debit Card,5.0,No,2025-12
ORD100903,2025-12-18,CUST10447,Smartphone,Mobile,South,Online,Rep_15,7,29498,0.05,196161.7,146203.52,49958.18,25.47,Cash,3.8,No,2025-12
ORD100095,2025-12-18,CUST10654,Headphones,Audio,North,Online,Rep_16,7,11826,0.2,66225.6,63638.1,2587.5,3.91,Net Banking,4.0,No,2025-12
ORD104319,2025-12-18,CUST10507,Monitor,Accessories,South,Retail Store,Rep_17,6,9328,0.0,55968.0,44020.93,11947.07,21.35,Net Banking,3.9,No,2025-12
ORD102179,2025-12-18,CUST10587,Mouse,Accessories,West,Online,Rep_14,2,2135,0.1,3843.0,2706.47,1136.53,29.57,UPI,4.1,No,2025-12
ORD103467,2025-12-19,CUST10027,Monitor,Accessories,Central,Online,Rep_10,7,12488,0.02,85667.68,54360.36,31307.32,36.55,UPI,4.0,No,2025-12
ORD101692,2025-12-19,CUST10389,Monitor,Accessories,West,Online,Rep_07,1,28019,0.0,28019.0,24613.77,3405.23,12.15,UPI,3.0,No,2025-12
ORD100195,2025-12-19,CUST10281,Tablet,Mobile,Central,Retail Store,Rep_11,7,23450,0.1,147735.0,139434.45,8300.55,5.62,UPI,3.7,No,2025-12
ORD100547,2025-12-19,CUST10720,Smartphone,Mobile,South,Retail Store,Rep_20,7,61175,0.05,406813.75,313864.52,92949.23,22.85,Credit Card,3.3,No,2025-12
ORD104384,2025-12-19,CUST10290,Keyboard,Accessories,North,Partner,Rep_18,2,4050,0.2,6480.0,6205.71,274.29,4.23,UPI,3.4,No,2025-12
ORD104923,2025-12-19,CUST10241,Keyboard,Accessories,Central,Retail Store,Rep_02,8,2579,0.1,18568.8,12821.3,5747.5,30.95,Debit Card,5.0,No,2025-12
ORD102833,2025-12-19,CUST10635,Smartphone,Mobile,South,Online,Rep_02,8,22027,0.08,162118.72,144712.47,17406.25,10.74,Cash,3.4,No,2025-12
ORD101624,2025-12-19,CUST10547,Smartwatch,Wearables,North,Online,Rep_10,2,11994,0.02,23508.24,20969.86,2538.38,10.8,UPI,4.7,No,2025-12
ORD103909,2025-12-19,CUST10512,Keyboard,Accessories,East,Partner,Rep_20,1,2082,0.08,1915.44,1752.05,163.39,8.53,UPI,4.9,No,2025-12
ORD102296,2025-12-19,CUST10216,Laptop,Computers,Central,Retail Store,Rep_05,8,81497,0.0,651976.0,512967.06,139008.94,21.32,UPI,5.0,No,2025-12
ORD103662,2025-12-19,CUST10547,Monitor,Accessories,East,Retail Store,Rep_16,3,18535,0.05,52824.75,37875.85,14948.9,28.3,UPI,4.8,No,2025-12
ORD103906,2025-12-19,CUST10506,Monitor,Accessories,North,Online,Rep_08,4,19305,0.2,61776.0,55573.5,6202.5,10.04,UPI,2.3,No,2025-12
ORD102984,2025-12-19,CUST10489,Printer,Office,West,Online,Rep_14,4,6925,0.1,24930.0,17987.18,6942.82,27.85,UPI,4.3,No,2025-12
ORD104308,2025-12-19,CUST10415,Mouse,Accessories,East,Retail Store,Rep_03,6,900,0.05,5130.0,4044.21,1085.79,21.17,Credit Card,3.5,No,2025-12
ORD103311,2025-12-20,CUST10227,Headphones,Audio,South,Online,Rep_15,7,8661,0.08,55776.84,37897.78,17879.06,32.05,UPI,3.3,No,2025-12
ORD101963,2025-12-20,CUST10221,Printer,Office,West,Online,Rep_20,4,6824,0.08,25112.32,22405.36,2706.96,10.78,UPI,3.7,Yes,2025-12
ORD101908,2025-12-20,CUST10400,Tablet,Mobile,East,Online,Rep_05,6,42933,0.08,236990.16,224808.25,12181.91,5.14,Net Banking,4.1,No,2025-12
ORD101459,2025-12-20,CUST10393,Smartphone,Mobile,North,Online,Rep_16,2,18766,0.1,33778.8,30035.76,3743.04,11.08,UPI,3.8,No,2025-12
ORD103255,2025-12-20,CUST10297,Tablet,Mobile,West,Retail Store,Rep_18,3,27671,0.02,81352.74,67078.1,14274.64,17.55,Net Banking,4.0,No,2025-12
ORD100923,2025-12-20,CUST10146,Webcam,Accessories,South,Retail Store,Rep_20,7,1761,0.0,12327.0,8123.12,4203.88,34.1,UPI,3.8,No,2025-12
ORD101304,2025-12-20,CUST10701,Keyboard,Accessories,Central,Retail Store,Rep_12,3,3831,0.05,10918.35,9767.52,1150.83,10.54,Credit Card,3.8,No,2025-12
ORD102211,2025-12-21,CUST10713,Headphones,Audio,West,Retail Store,Rep_15,7,8784,0.0,61488.0,40804.84,20683.16,33.64,Net Banking,4.8,No,2025-12
ORD100173,2025-12-21,CUST10049,Keyboard,Accessories,West,Online,Rep_03,8,3984,0.0,31872.0,22287.4,9584.6,30.07,Net Banking,3.9,No,2025-12
ORD104453,2025-12-21,CUST10527,Printer,Office,South,Retail Store,Rep_18,3,23975,0.0,71925.0,56228.73,15696.27,21.82,Credit Card,4.1,No,2025-12
ORD100527,2025-12-21,CUST10182,Monitor,Accessories,West,Online,Rep_08,3,9279,0.1,25053.3,17566.1,7487.2,29.89,Credit Card,3.6,No,2025-12
ORD104461,2025-12-21,CUST10288,Monitor,Accessories,South,Online,Rep_19,6,16430,0.0,98580.0,78410.23,20169.77,20.46,Net Banking,3.8,No,2025-12
ORD102178,2025-12-21,CUST10036,Mouse,Accessories,West,Online,Rep_02,2,1928,0.05,3663.2,2901.08,762.12,20.8,Net Banking,3.1,No,2025-12
ORD100801,2025-12-22,CUST10402,Headphones,Audio,North,Online,Rep_05,3,10726,0.08,29603.76,22427.96,7175.8,24.24,UPI,2.5,Yes,2025-12
ORD102162,2025-12-22,CUST10203,Mouse,Accessories,North,Retail Store,Rep_05,4,1638,0.1,5896.8,4537.94,1358.86,23.04,UPI,3.9,No,2025-12
ORD104066,2025-12-22,CUST10457,Laptop,Computers,Central,Online,Rep_15,3,61850,0.05,176272.5,138028.07,38244.43,21.7,Net Banking,5.0,Yes,2025-12
ORD104279,2025-12-22,CUST10184,Smartphone,Mobile,East,Retail Store,Rep_04,5,12649,0.15,53758.25,54908.8,-1150.55,-2.14,UPI,4.0,No,2025-12
ORD101013,2025-12-22,CUST10438,Smartwatch,Wearables,Central,Retail Store,Rep_09,7,11328,0.05,75331.2,68133.15,7198.05,9.56,UPI,4.1,No,2025-12
ORD101934,2025-12-22,CUST10452,Mouse,Accessories,North,Online,Rep_12,5,432,0.15,1836.0,1844.67,-8.67,-0.47,UPI,4.4,No,2025-12
ORD102390,2025-12-22,CUST10259,Mouse,Accessories,Central,Online,Rep_16,1,1993,0.0,1993.0,1465.93,527.07,26.45,Cash,4.6,No,2025-12
ORD103103,2025-12-22,CUST10252,Webcam,Accessories,Central,Retail Store,Rep_09,2,3765,0.02,7379.4,5513.13,1866.27,25.29,UPI,3.5,No,2025-12
ORD102329,2025-12-22,CUST10557,Mouse,Accessories,West,Online,Rep_18,1,1605,0.0,1605.0,1387.08,217.92,13.58,UPI,5.0,No,2025-12
ORD104839,2025-12-22,CUST10444,Laptop,Computers,Central,Retail Store,Rep_04,7,93373,0.08,601322.12,542004.31,59317.81,9.86,Credit Card,4.0,No,2025-12
ORD101720,2025-12-22,CUST10121,Smartphone,Mobile,South,Online,Rep_08,1,27201,0.05,25840.95,17586.49,8254.46,31.94,UPI,4.2,Yes,2025-12
ORD101826,2025-12-22,CUST10545,Keyboard,Accessories,North,Retail Store,Rep_12,2,1547,0.05,2939.3,2249.19,690.11,23.48,UPI,3.0,No,2025-12
ORD104994,2025-12-22,CUST10301,Mouse,Accessories,South,Online,Rep_06,3,1369,0.08,3778.44,3454.03,324.41,8.59,Net Banking,4.1,No,2025-12
ORD101042,2025-12-22,CUST10665,Printer,Office,South,Retail Store,Rep_13,5,10301,0.2,41204.0,36237.51,4966.49,12.05,Debit Card,4.7,No,2025-12
ORD100007,2025-12-23,CUST10174,Laptop,Computers,North,Retail Store,Rep_10,4,99206,0.15,337300.4,265466.21,71834.19,21.3,UPI,3.9,No,2025-12
ORD100799,2025-12-23,CUST10532,Mouse,Accessories,East,Partner,Rep_18,6,1479,0.05,8430.3,6208.04,2222.26,26.36,Credit Card,2.8,No,2025-12
ORD102430,2025-12-23,CUST10124,Webcam,Accessories,Central,Online,Rep_12,3,2442,0.05,6959.7,4932.54,2027.16,29.13,Net Banking,4.0,No,2025-12
ORD101585,2025-12-23,CUST10390,Smartwatch,Wearables,Central,Online,Rep_02,4,19163,0.05,72819.4,63211.96,9607.44,13.19,Net Banking,4.0,No,2025-12
ORD104525,2025-12-23,CUST10379,Printer,Office,West,Retail Store,Rep_03,7,13120,0.1,82656.0,76546.18,6109.82,7.39,Debit Card,3.9,No,2025-12
ORD100490,2025-12-23,CUST10313,Webcam,Accessories,West,Online,Rep_11,6,3555,0.08,19623.6,17665.65,1957.95,9.98,Debit Card,5.0,No,2025-12
ORD100193,2025-12-23,CUST10619,Webcam,Accessories,North,Retail Store,Rep_08,8,5601,0.08,41223.36,38496.74,2726.62,6.61,Debit Card,3.5,No,2025-12
ORD101476,2025-12-23,CUST10616,Mouse,Accessories,West,Online,Rep_19,5,2464,0.02,12073.6,9643.79,2429.81,20.12,UPI,2.9,No,2025-12
ORD104885,2025-12-23,CUST10175,Laptop,Computers,North,Partner,Rep_16,6,53704,0.05,306112.8,202292.32,103820.48,33.92,Credit Card,2.9,No,2025-12
ORD104791,2025-12-23,CUST10372,Laptop,Computers,North,Online,Rep_11,8,84489,0.02,662393.76,505420.7,156973.06,23.7,Debit Card,4.1,No,2025-12
ORD103456,2025-12-23,CUST10509,Smartphone,Mobile,East,Retail Store,Rep_07,2,13482,0.1,24267.6,22530.57,1737.03,7.16,Debit Card,2.8,No,2025-12
ORD100592,2025-12-24,CUST10542,Mouse,Accessories,South,Online,Rep_10,7,1378,0.05,9163.7,5984.14,3179.56,34.7,Credit Card,3.4,Yes,2025-12
ORD100314,2025-12-24,CUST10007,Smartwatch,Wearables,South,Online,Rep_18,8,23326,0.0,186608.0,156350.96,30257.04,16.21,UPI,3.8,No,2025-12
ORD104668,2025-12-24,CUST10734,Printer,Office,West,Partner,Rep_06,5,19619,0.15,83380.75,69451.13,13929.62,16.71,Credit Card,3.8,No,2025-12
ORD104310,2025-12-24,CUST10375,Headphones,Audio,North,Online,Rep_06,6,2763,0.15,14091.3,14571.25,-479.95,-3.41,Debit Card,4.3,No,2025-12
ORD100468,2025-12-24,CUST10541,Webcam,Accessories,North,Online,Rep_16,8,4752,0.02,37255.68,33281.17,3974.51,10.67,UPI,5.0,No,2025-12
ORD100680,2025-12-24,CUST10121,Webcam,Accessories,East,Online,Rep_12,6,7564,0.05,43114.8,33704.39,9410.41,21.83,Credit Card,4.8,No,2025-12
ORD103066,2025-12-25,CUST10714,Smartphone,Mobile,South,Online,Rep_08,3,58651,0.05,167155.35,134401.16,32754.19,19.6,Debit Card,3.7,Yes,2025-12
ORD102845,2025-12-25,CUST10034,Keyboard,Accessories,South,Online,Rep_11,2,3061,0.08,5632.24,4249.28,1382.96,24.55,UPI,4.7,No,2025-12
ORD102351,2025-12-25,CUST10371,Mouse,Accessories,South,Partner,Rep_18,5,1083,0.05,5144.25,4005.67,1138.58,22.13,Cash,3.5,No,2025-12
ORD104645,2025-12-25,CUST10369,Headphones,Audio,West,Online,Rep_08,1,5112,0.1,4600.8,3189.96,1410.84,30.67,Debit Card,4.6,Yes,2025-12
ORD101139,2025-12-25,CUST10180,Monitor,Accessories,East,Online,Rep_07,2,25594,0.05,48628.6,40134.93,8493.67,17.47,UPI,4.4,No,2025-12
ORD102281,2025-12-25,CUST10386,Smartphone,Mobile,West,Online,Rep_09,6,42642,0.08,235383.84,162233.59,73150.25,31.08,Net Banking,2.5,Yes,2025-12
ORD103513,2025-12-25,CUST10506,Smartwatch,Wearables,South,Online,Rep_12,3,9580,0.0,28740.0,23701.47,5038.53,17.53,Cash,3.1,No,2025-12
ORD101971,2025-12-25,CUST10560,Laptop,Computers,Central,Online,Rep_07,4,78530,0.2,251296.0,236140.84,15155.16,6.03,Debit Card,5.0,No,2025-12
ORD101630,2025-12-25,CUST10168,Monitor,Accessories,Central,Retail Store,Rep_07,4,22788,0.0,91152.0,58694.49,32457.51,35.61,Credit Card,3.2,No,2025-12
ORD104785,2025-12-25,CUST10059,Monitor,Accessories,Central,Online,Rep_05,4,12470,0.05,47386.0,40310.4,7075.6,14.93,UPI,3.7,No,2025-12
ORD101648,2025-12-25,CUST10374,Printer,Office,South,Online,Rep_01,2,8272,0.0,16544.0,10704.91,5839.09,35.29,Credit Card,4.0,No,2025-12
ORD104372,2025-12-26,CUST10037,Tablet,Mobile,North,Online,Rep_15,4,22785,0.1,82026.0,56605.43,25420.57,30.99,Credit Card,3.8,No,2025-12
ORD103362,2025-12-26,CUST10378,Smartphone,Mobile,South,Online,Rep_17,4,39562,0.2,126598.4,113229.63,13368.77,10.56,Debit Card,3.9,No,2025-12
ORD104292,2025-12-26,CUST10687,Laptop,Computers,South,Online,Rep_16,6,79942,0.08,441279.84,311646.34,129633.5,29.38,UPI,4.1,No,2025-12
ORD104134,2025-12-26,CUST10042,Mouse,Accessories,South,Online,Rep_12,2,1950,0.0,3900.0,2644.31,1255.69,32.2,UPI,4.6,No,2025-12
ORD104324,2025-12-26,CUST10030,Monitor,Accessories,Central,Partner,Rep_20,7,15659,0.1,98651.7,93551.55,5100.15,5.17,UPI,4.6,No,2025-12
ORD101436,2025-12-26,CUST10567,Laptop,Computers,North,Online,Rep_04,5,76076,0.1,342342.0,282914.19,59427.81,17.36,Credit Card,3.0,No,2025-12
ORD104500,2025-12-26,CUST10251,Monitor,Accessories,West,Online,Rep_04,1,22851,0.05,21708.45,16290.34,5418.11,24.96,Net Banking,4.1,Yes,2025-12
ORD102124,2025-12-27,CUST10273,Monitor,Accessories,West,Retail Store,Rep_03,8,13165,0.1,94788.0,66260.52,28527.48,30.1,Credit Card,4.6,No,2025-12
ORD103203,2025-12-27,CUST10628,Smartphone,Mobile,West,Online,Rep_20,7,61612,0.0,431284.0,356723.95,74560.05,17.29,UPI,4.3,No,2025-12
ORD100845,2025-12-28,CUST10080,Smartphone,Mobile,East,Online,Rep_06,4,52033,0.1,187318.8,180086.72,7232.08,3.86,Debit Card,3.5,Yes,2025-12
ORD100170,2025-12-28,CUST10361,Keyboard,Accessories,Central,Online,Rep_04,1,3284,0.0,3284.0,2860.4,423.6,12.9,Credit Card,3.9,No,2025-12
ORD102217,2025-12-28,CUST10368,Printer,Office,Central,Retail Store,Rep_20,6,17590,0.05,100263.0,74120.08,26142.92,26.07,UPI,4.1,No,2025-12
ORD104468,2025-12-28,CUST10393,Smartphone,Mobile,North,Retail Store,Rep_03,8,30688,0.05,233228.8,204302.39,28926.41,12.4,Net Banking,5.0,Yes,2025-12
ORD101505,2025-12-28,CUST10339,Tablet,Mobile,Central,Online,Rep_17,8,32673,0.15,222176.4,182000.89,40175.51,18.08,Credit Card,4.3,No,2025-12
ORD103150,2025-12-28,CUST10149,Monitor,Accessories,East,Online,Rep_19,7,24949,0.08,160671.56,143943.41,16728.15,10.41,UPI,4.8,No,2025-12
ORD104848,2025-12-28,CUST10676,Smartphone,Mobile,South,Partner,Rep_14,5,36726,0.0,183630.0,131103.38,52526.62,28.6,Credit Card,4.2,No,2025-12
ORD101039,2025-12-28,CUST10179,Laptop,Computers,Central,Online,Rep_07,2,101931,0.0,203862.0,145362.31,58499.69,28.7,Net Banking,4.3,No,2025-12
ORD104107,2025-12-28,CUST10469,Smartwatch,Wearables,Central,Online,Rep_04,8,13565,0.05,103094.0,93174.05,9919.95,9.62,Debit Card,3.7,No,2025-12
ORD101483,2025-12-29,CUST10108,Keyboard,Accessories,North,Online,Rep_19,1,1496,0.05,1421.2,1307.86,113.34,7.97,Credit Card,4.9,No,2025-12
ORD103744,2025-12-29,CUST10312,Laptop,Computers,South,Partner,Rep_02,7,99526,0.02,682748.36,457934.25,224814.11,32.93,UPI,3.7,No,2025-12
ORD101287,2025-12-29,CUST10723,Laptop,Computers,Central,Online,Rep_13,1,59574,0.0,59574.0,43513.22,16060.78,26.96,UPI,4.0,No,2025-12
ORD101718,2025-12-29,CUST10390,Mouse,Accessories,North,Online,Rep_04,5,1585,0.1,7132.5,6698.41,434.09,6.09,Net Banking,3.8,No,2025-12
ORD101647,2025-12-29,CUST10568,Smartphone,Mobile,North,Online,Rep_06,1,45119,0.05,45119.0,33346.81,11772.19,26.09,Credit Card,4.1,No,2025-12
ORD101852,2025-12-29,CUST10683,Printer,Office,North,Online,Rep_15,5,23519,0.1,105835.5,101346.08,4489.42,4.24,Cash,4.8,No,2025-12
ORD103574,2025-12-30,CUST10695,Smartwatch,Wearables,Central,Online,Rep_16,2,15994,0.15,27189.8,22118.78,5071.02,18.65,UPI,3.5,No,2025-12
ORD104019,2025-12-30,CUST10637,Tablet,Mobile,West,Retail Store,Rep_10,4,16699,0.02,65460.08,57101.13,8358.95,12.77,Debit Card,4.6,No,2025-12
ORD103928,2025-12-30,CUST10104,Mouse,Accessories,Central,Partner,Rep_08,7,1488,0.05,9895.2,7546.15,2349.05,23.74,Debit Card,4.8,No,2025-12
ORD102519,2025-12-30,CUST10743,Mouse,Accessories,Central,Online,Rep_13,8,1098,0.08,8081.28,7475.07,606.21,7.5,UPI,4.8,No,2025-12
ORD100031,2025-12-30,CUST10002,Mouse,Accessories,West,Partner,Rep_02,7,635,0.0,4445.0,3484.44,960.56,21.61,Credit Card,4.0,No,2025-12
ORD102165,2025-12-30,CUST10059,Monitor,Accessories,Central,Retail Store,Rep_04,5,14796,0.1,66582.0,53041.18,13540.82,20.34,Cash,4.0,No,2025-12
ORD101321,2025-12-30,CUST10102,Smartphone,Mobile,North,Online,Rep_03,2,61920,0.08,113932.8,97515.83,16416.97,14.41,Cash,4.3,No,2025-12
ORD102967,2025-12-30,CUST10325,Headphones,Audio,South,Online,Rep_02,7,8636,0.08,55615.84,37609.57,18006.27,32.38,UPI,3.7,No,2025-12
ORD103029,2025-12-30,CUST10435,Mouse,Accessories,West,Partner,Rep_03,5,617,0.02,3023.3,2659.91,363.39,12.02,Cash,4.9,No,2025-12
ORD101215,2025-12-30,CUST10206,Mouse,Accessories,East,Online,Rep_17,8,2102,0.0,16816.0,13008.06,3807.94,22.64,Credit Card,3.3,No,2025-12
ORD103412,2025-12-31,CUST10173,Smartphone,Mobile,South,Online,Rep_07,3,23876,0.08,65897.76,57672.24,8225.52,12.48,Cash,2.9,No,2025-12
ORD102286,2025-12-31,CUST10396,Smartphone,Mobile,East,Partner,Rep_16,1,16576,0.05,15747.2,11246.67,4500.53,28.58,Cash,4.4,No,2025-12
ORD102372,2025-12-31,CUST10325,Printer,Office,West,Retail Store,Rep_01,8,24689,0.02,193561.76,154175.07,39386.69,20.35,Credit Card,3.5,No,2025-12
ORD100299,2025-12-31,CUST10346,Mouse,Accessories,West,Online,Rep_10,1,885,0.02,867.3,618.98,248.32,28.63,UPI,3.4,No,2025-12
ORD102881,2025-12-31,CUST10401,Tablet,Mobile,South,Online,Rep_18,8,22375,0.08,164680.0,153984.27,10695.73,6.49,Cash,3.8,No,2025-12
ORD104337,2025-12-31,CUST10398,Keyboard,Accessories,North,Online,Rep_10,1,2584,0.15,2196.4,2057.04,139.36,6.34,Debit Card,3.6,Yes,2025-12
ORD102164,2025-12-31,CUST10678,Printer,Office,Central,Online,Rep_14,1,8924,0.08,8210.08,7441.81,768.27,9.36,Debit Card,2.9,No,2025-12
ORD102295,2025-12-31,CUST10749,Laptop,Computers,South,Online,Rep_15,5,75689,0.0,378445.0,253859.54,124585.46,32.92,Net Banking,2.9,No,2025-12
ORD100204,2025-12-31,CUST10355,Webcam,Accessories,South,Online,Rep_05,5,5082,0.2,20328.0,22165.13,-1837.13,-9.04,UPI,4.5,No,2025-12
ORD104059,2025-12-31,CUST10172,Webcam,Accessories,South,Online,Rep_13,5,4397,0.08,20226.2,18941.82,1284.38,6.35,Net Banking,5.0,No,2025-12
ORD100701,2025-12-31,CUST10269,Keyboard,Accessories,West,Online,Rep_17,4,3535,0.0,14140.0,9899.66,4240.34,29.99,Credit Card,4.2,No,2025-12
ORD104406,2025-12-31,CUST10613,Mouse,Accessories,South,Online,Rep_12,7,1311,0.15,7800.45,5905.41,1895.04,24.29,Net Banking,4.0,No,2025-12
ORD100416,2025-12-31,CUST10495,Monitor,Accessories,West,Online,Rep_13,2,27773,0.05,52768.7,34660.5,18108.2,34.32,Cash,4.0,Yes,2025-12
ORD102857,2025-12-31,CUST10727,Smartphone,Mobile,North,Partner,Rep_06,7,28324,0.08,182406.56,160230.7,22175.86,12.16,Cash,3.0,No,2025-12
ORD104868,2026-01-01,CUST10434,Smartphone,Mobile,Central,Retail Store,Rep_02,3,23891,0.1,64505.7,46627.52,17878.18,27.72,UPI,4.4,No,2026-01
ORD103392,2026-01-01,CUST10314,Webcam,Accessories,East,Partner,Rep_15,2,3320,0.1,5976.0,4869.1,1106.9,18.52,UPI,3.5,No,2026-01
ORD103505,2026-01-01,CUST10125,Webcam,Accessories,East,Online,Rep_08,1,6452,0.2,5161.6,5659.31,-497.71,-9.64,Net Banking,3.6,No,2026-01
ORD100168,2026-01-01,CUST10615,Smartphone,Mobile,South,Online,Rep_14,1,53661,0.08,49368.12,39698.37,9669.75,19.59,Credit Card,3.7,No,2026-01
ORD103345,2026-01-01,CUST10741,Monitor,Accessories,North,Retail Store,Rep_01,2,27318,0.08,50265.12,46864.96,3400.16,6.76,Credit Card,3.3,No,2026-01
ORD101332,2026-01-01,CUST10069,Headphones,Audio,North,Online,Rep_18,7,7193,0.1,45315.9,41816.83,3499.07,7.72,UPI,4.1,No,2026-01
ORD102450,2026-01-01,CUST10289,Tablet,Mobile,South,Partner,Rep_10,2,39770,0.0,79540.0,62429.6,17110.4,21.51,Credit Card,4.5,No,2026-01
ORD100946,2026-01-02,CUST10725,Laptop,Computers,North,Retail Store,Rep_05,4,63044,0.15,214349.6,186241.87,28107.73,13.11,UPI,3.6,No,2026-01
ORD100266,2026-01-02,CUST10739,Headphones,Audio,West,Partner,Rep_07,8,8938,0.2,57203.2,47913.2,9290.0,16.24,Debit Card,3.3,No,2026-01
ORD101366,2026-01-02,CUST10098,Smartphone,Mobile,North,Retail Store,Rep_01,6,37166,0.15,189546.6,173143.05,16403.55,8.65,Net Banking,4.2,No,2026-01
ORD104748,2026-01-02,CUST10640,Laptop,Computers,South,Retail Store,Rep_17,8,71365,0.02,559501.6,441954.59,117547.01,21.01,UPI,4.7,No,2026-01
ORD101326,2026-01-02,CUST10314,Tablet,Mobile,West,Online,Rep_20,1,30657,0.05,29124.15,21524.99,7599.16,26.09,Net Banking,3.9,Yes,2026-01
ORD103337,2026-01-02,CUST10628,Webcam,Accessories,East,Retail Store,Rep_10,8,6218,0.0,49744.0,33416.73,16327.27,32.82,UPI,4.2,No,2026-01
ORD100260,2026-01-02,CUST10620,Laptop,Computers,West,Retail Store,Rep_02,2,80310,0.0,160620.0,104960.59,55659.41,34.65,UPI,3.7,No,2026-01
ORD100534,2026-01-02,CUST10231,Keyboard,Accessories,South,Retail Store,Rep_05,7,2653,0.05,17642.45,14499.68,3142.77,17.81,Credit Card,3.9,No,2026-01
ORD103126,2026-01-02,CUST10515,Mouse,Accessories,East,Retail Store,Rep_05,1,2260,0.05,2147.0,1918.14,228.86,10.66,Credit Card,3.9,No,2026-01
ORD104683,2026-01-03,CUST10720,Smartwatch,Wearables,South,Online,Rep_14,1,18638,0.0,18638.0,12027.29,6610.71,35.47,UPI,5.0,No,2026-01
ORD100244,2026-01-03,CUST10194,Tablet,Mobile,West,Retail Store,Rep_19,7,49405,0.15,293959.75,285009.41,8950.34,3.04,UPI,4.2,No,2026-01
ORD104356,2026-01-03,CUST10247,Mouse,Accessories,South,Online,Rep_06,1,2400,0.05,2280.0,1886.82,393.18,17.24,Credit Card,3.9,No,2026-01
ORD102764,2026-01-03,CUST10601,Monitor,Accessories,East,Online,Rep_20,7,17768,0.15,105719.6,81912.51,23807.09,22.52,UPI,3.4,No,2026-01
ORD100740,2026-01-03,CUST10052,Tablet,Mobile,North,Online,Rep_19,2,41125,0.1,74025.0,67269.6,6755.4,9.13,UPI,3.5,No,2026-01
ORD103023,2026-01-03,CUST10264,Mouse,Accessories,East,Partner,Rep_07,6,1074,0.05,6121.8,4615.35,1506.45,24.61,Credit Card,3.2,No,2026-01
ORD103043,2026-01-03,CUST10682,Smartphone,Mobile,South,Retail Store,Rep_14,1,20554,0.15,17470.9,15271.36,2199.54,12.59,UPI,3.4,No,2026-01
ORD100369,2026-01-03,CUST10476,Smartphone,Mobile,South,Online,Rep_13,3,13345,0.02,39234.3,27269.15,11965.15,30.5,Cash,2.8,No,2026-01
ORD104866,2026-01-03,CUST10501,Mouse,Accessories,Central,Online,Rep_17,6,834,0.0,5004.0,4170.13,833.87,16.66,UPI,4.5,No,2026-01
ORD104609,2026-01-03,CUST10055,Smartwatch,Wearables,West,Online,Rep_13,2,8862,0.02,17369.52,14025.56,3343.96,19.25,UPI,3.6,No,2026-01
ORD100205,2026-01-03,CUST10173,Mouse,Accessories,West,Online,Rep_11,8,1731,0.05,13155.6,8784.04,4371.56,33.23,Net Banking,3.0,No,2026-01
ORD103529,2026-01-03,CUST10619,Smartwatch,Wearables,South,Partner,Rep_07,5,2972,0.08,13671.2,11635.58,2035.62,14.89,Credit Card,4.4,No,2026-01
ORD102068,2026-01-03,CUST10354,Smartphone,Mobile,South,Retail Store,Rep_17,2,25356,0.2,40569.6,33194.12,7375.48,18.18,Net Banking,4.8,No,2026-01
ORD103937,2026-01-03,CUST10101,Monitor,Accessories,South,Online,Rep_20,6,26736,0.08,147582.72,130364.86,17217.86,11.67,UPI,3.4,No,2026-01
ORD100961,2026-01-04,CUST10472,Laptop,Computers,North,Online,Rep_01,2,93573,0.02,183403.08,117150.46,66252.62,36.12,UPI,4.0,No,2026-01
ORD104443,2026-01-04,CUST10585,Smartphone,Mobile,South,Online,Rep_11,8,33426,0.1,240667.2,178279.52,62387.68,25.92,Credit Card,4.0,No,2026-01
ORD100576,2026-01-04,CUST10475,Smartwatch,Wearables,North,Partner,Rep_09,2,5811,0.15,9878.7,8944.33,934.37,9.46,Debit Card,4.8,No,2026-01
ORD104229,2026-01-04,CUST10072,Monitor,Accessories,West,Online,Rep_19,2,14553,0.02,28523.88,22600.28,5923.6,20.77,UPI,4.3,No,2026-01
ORD101705,2026-01-04,CUST10458,Monitor,Accessories,East,Online,Rep_07,4,27207,0.0,108828.0,75321.23,33506.77,30.79,Credit Card,4.2,No,2026-01
ORD104919,2026-01-04,CUST10403,Headphones,Audio,North,Online,Rep_19,6,5948,0.1,32119.2,31025.98,1093.22,3.4,Net Banking,3.1,No,2026-01
ORD100274,2026-01-04,CUST10031,Webcam,Accessories,North,Retail Store,Rep_20,2,1550,0.0,3100.0,2365.89,734.11,23.68,Credit Card,4.3,Yes,2026-01
ORD104879,2026-01-04,CUST10617,Tablet,Mobile,South,Retail Store,Rep_02,8,52696,0.02,413136.64,364915.21,48221.43,11.67,Credit Card,3.8,No,2026-01
ORD104350,2026-01-04,CUST10320,Mouse,Accessories,Central,Retail Store,Rep_12,1,666,0.05,632.7,438.82,193.88,30.64,Debit Card,4.1,No,2026-01
ORD101425,2026-01-04,CUST10025,Smartwatch,Wearables,North,Partner,Rep_20,2,12088,0.05,22967.2,18093.99,4873.21,21.22,UPI,5.0,No,2026-01
ORD101918,2026-01-04,CUST10682,Keyboard,Accessories,North,Retail Store,Rep_06,3,2694,0.05,7677.9,5842.15,1835.75,23.91,Credit Card,3.6,No,2026-01
ORD104445,2026-01-05,CUST10485,Monitor,Accessories,North,Partner,Rep_07,8,26523,0.05,201574.8,186568.21,15006.59,7.44,Credit Card,4.2,No,2026-01
ORD103042,2026-01-05,CUST10264,Smartwatch,Wearables,South,Retail Store,Rep_12,5,16393,0.02,80325.7,71657.52,8668.18,10.79,UPI,3.1,No,2026-01
ORD104311,2026-01-05,CUST10531,Smartphone,Mobile,North,Retail Store,Rep_19,4,32459,0.15,110360.6,113919.28,-3558.68,-3.22,UPI,4.3,No,2026-01
ORD104375,2026-01-05,CUST10292,Keyboard,Accessories,West,Retail Store,Rep_10,5,4445,0.0,22225.0,18692.66,3532.34,15.89,UPI,5.0,No,2026-01
ORD101087,2026-01-06,CUST10591,Mouse,Accessories,East,Online,Rep_02,7,2405,0.2,13468.0,10663.17,2804.83,20.83,Net Banking,4.9,No,2026-01
ORD101839,2026-01-06,CUST10057,Smartwatch,Wearables,South,Partner,Rep_03,6,13395,0.05,76351.5,65547.85,10803.65,14.15,Debit Card,3.8,No,2026-01
ORD101274,2026-01-06,CUST10438,Laptop,Computers,West,Retail Store,Rep_07,8,67947,0.02,532704.48,417167.43,115537.05,21.69,Debit Card,3.7,No,2026-01
ORD100371,2026-01-06,CUST10285,Laptop,Computers,East,Retail Store,Rep_10,1,88793,0.08,81689.56,72643.82,9045.74,11.07,Credit Card,3.6,No,2026-01
ORD100688,2026-01-06,CUST10607,Smartphone,Mobile,Central,Online,Rep_09,4,15366,0.0,61464.0,49439.53,12024.47,19.56,Debit Card,3.8,No,2026-01
ORD101813,2026-01-06,CUST10614,Smartphone,Mobile,South,Retail Store,Rep_20,6,33280,0.05,189696.0,132657.25,57038.75,30.07,UPI,4.5,No,2026-01
ORD101252,2026-01-06,CUST10166,Monitor,Accessories,Central,Online,Rep_09,4,10940,0.15,37196.0,29116.52,8079.48,21.72,UPI,4.1,No,2026-01
ORD101486,2026-01-06,CUST10131,Tablet,Mobile,North,Online,Rep_19,5,30522,0.02,149557.8,105978.04,43579.76,29.14,UPI,3.9,No,2026-01
ORD103567,2026-01-06,CUST10644,Keyboard,Accessories,West,Online,Rep_17,5,1270,0.08,5842.0,4819.87,1022.13,17.5,UPI,2.9,No,2026-01
ORD104799,2026-01-06,CUST10572,Smartphone,Mobile,West,Online,Rep_16,3,25941,0.05,76266.54,52591.17,23675.37,31.04,Credit Card,3.4,No,2026-01
ORD104127,2026-01-06,CUST10638,Mouse,Accessories,West,Online,Rep_08,3,1259,0.15,3210.45,2670.86,539.59,16.81,UPI,4.4,No,2026-01
ORD103580,2026-01-06,CUST10329,Monitor,Accessories,West,Retail Store,Rep_15,4,21195,0.02,83084.4,63382.27,19702.13,23.71,Credit Card,3.0,No,2026-01
ORD104302,2026-01-06,CUST10557,Smartwatch,Wearables,East,Online,Rep_20,7,16000,0.08,103040.0,74087.8,28952.2,28.1,UPI,2.2,No,2026-01
ORD104502,2026-01-07,CUST10671,Keyboard,Accessories,West,Retail Store,Rep_15,4,3707,0.05,14086.6,11392.47,2694.13,19.13,Debit Card,3.4,No,2026-01
ORD101765,2026-01-07,CUST10248,Smartphone,Mobile,South,Online,Rep_05,5,39653,0.02,194299.7,150447.47,43852.23,22.57,Credit Card,5.0,No,2026-01
ORD101245,2026-01-07,CUST10715,Headphones,Audio,Central,Online,Rep_02,5,8115,0.05,38546.25,33599.52,4946.73,12.83,UPI,4.6,No,2026-01
ORD100798,2026-01-07,CUST10623,Keyboard,Accessories,Central,Partner,Rep_04,2,1302,0.1,2343.6,1716.29,627.31,26.77,UPI,2.9,No,2026-01
ORD103679,2026-01-07,CUST10041,Printer,Office,South,Retail Store,Rep_08,3,18096,0.02,53202.24,38786.94,14415.3,27.1,Credit Card,4.3,No,2026-01
ORD100621,2026-01-07,CUST10401,Smartphone,Mobile,East,Online,Rep_08,6,30728,0.08,169618.56,136604.22,33014.34,19.46,Credit Card,4.4,No,2026-01
ORD100347,2026-01-07,CUST10048,Mouse,Accessories,Central,Online,Rep_10,8,1319,0.02,10340.96,8120.88,2220.08,21.47,Credit Card,3.3,No,2026-01
ORD100996,2026-01-07,CUST10203,Laptop,Computers,East,Online,Rep_09,2,90275,0.02,176939.0,120226.37,56712.63,32.05,UPI,4.2,No,2026-01
ORD102804,2026-01-08,CUST10160,Smartwatch,Wearables,West,Online,Rep_15,3,4064,0.1,10972.8,8018.37,2954.43,26.93,Credit Card,4.8,No,2026-01
ORD102216,2026-01-08,CUST10703,Tablet,Mobile,West,Online,Rep_18,7,43750,0.0,306250.0,232094.56,74155.44,24.21,UPI,4.4,No,2026-01
ORD103449,2026-01-08,CUST10714,Keyboard,Accessories,West,Online,Rep_14,3,2405,0.02,7070.7,4878.42,2192.28,31.01,Credit Card,3.6,No,2026-01
ORD104217,2026-01-08,CUST10591,Laptop,Computers,Central,Partner,Rep_08,7,86986,0.1,548011.8,399558.06,148453.74,27.09,Debit Card,3.9,No,2026-01
ORD100584,2026-01-08,CUST10701,Tablet,Mobile,North,Retail Store,Rep_16,4,32955,0.08,121274.4,115497.1,5777.3,4.76,UPI,4.8,No,2026-01
ORD100710,2026-01-08,CUST10381,Mouse,Accessories,Central,Partner,Rep_06,1,1680,0.2,1344.0,1248.03,95.97,7.14,UPI,3.2,No,2026-01
ORD104979,2026-01-08,CUST10749,Laptop,Computers,East,Retail Store,Rep_03,5,61045,0.05,289963.75,262559.5,27404.25,9.45,UPI,4.5,No,2026-01
ORD103303,2026-01-08,CUST10106,Keyboard,Accessories,South,Retail Store,Rep_08,7,2615,0.02,17938.9,15714.56,2224.34,12.4,Credit Card,3.6,No,2026-01
ORD100372,2026-01-08,CUST10313,Laptop,Computers,Central,Online,Rep_12,3,106903,0.08,295052.28,198890.69,96161.59,32.59,UPI,3.4,No,2026-01
ORD104062,2026-01-08,CUST10628,Smartphone,Mobile,West,Online,Rep_12,4,48070,0.05,182666.0,168829.38,13836.62,7.57,Net Banking,3.0,No,2026-01
ORD103507,2026-01-08,CUST10250,Smartwatch,Wearables,South,Online,Rep_17,1,9655,0.0,9655.0,6120.06,3534.94,36.61,UPI,4.8,No,2026-01
ORD100391,2026-01-08,CUST10671,Smartwatch,Wearables,North,Online,Rep_08,5,6111,0.02,29943.9,19687.54,10256.36,34.25,UPI,3.8,No,2026-01
ORD103526,2026-01-08,CUST10064,Smartphone,Mobile,North,Online,Rep_09,6,20612,0.0,123672.0,102989.43,20682.57,16.72,Cash,4.6,No,2026-01
ORD103696,2026-01-08,CUST10348,Laptop,Computers,West,Online,Rep_02,3,67280,0.0,201840.0,143217.23,58622.77,29.04,UPI,3.5,No,2026-01
ORD104020,2026-01-09,CUST10153,Smartphone,Mobile,East,Partner,Rep_14,3,23342,0.15,59522.1,45553.89,13968.21,23.47,UPI,3.8,No,2026-01
ORD103795,2026-01-09,CUST10071,Laptop,Computers,Central,Online,Rep_02,3,60155,0.02,176855.7,123949.26,52906.44,29.92,Debit Card,3.1,No,2026-01
ORD100878,2026-01-09,CUST10417,Mouse,Accessories,East,Online,Rep_04,6,2433,0.02,14306.04,10387.04,3919.0,27.39,Net Banking,5.0,No,2026-01
ORD100583,2026-01-09,CUST10734,Monitor,Accessories,West,Online,Rep_10,8,16809,0.08,123714.24,110776.21,12938.03,10.46,UPI,4.5,Yes,2026-01
ORD102465,2026-01-09,CUST10678,Mouse,Accessories,West,Online,Rep_11,2,2165,0.02,4243.4,3405.58,837.82,19.74,Cash,2.9,No,2026-01
ORD104686,2026-01-09,CUST10288,Monitor,Accessories,North,Retail Store,Rep_09,4,27595,0.05,104861.0,86092.14,18768.86,17.9,Net Banking,3.7,No,2026-01
ORD101410,2026-01-09,CUST10687,Webcam,Accessories,West,Online,Rep_04,3,6810,0.2,16344.0,16463.23,-119.23,-0.73,Credit Card,4.7,No,2026-01
ORD104882,2026-01-10,CUST10574,Monitor,Accessories,South,Retail Store,Rep_09,5,18515,0.02,90723.5,58833.03,31890.47,35.15,UPI,2.1,No,2026-01
ORD100079,2026-01-10,CUST10249,Tablet,Mobile,West,Online,Rep_09,4,39296,0.05,149324.8,118033.42,31291.38,20.96,Credit Card,2.8,No,2026-01
ORD100597,2026-01-10,CUST10476,Mouse,Accessories,West,Online,Rep_20,4,1846,0.05,7014.8,4819.99,2194.81,31.29,Debit Card,4.6,No,2026-01
ORD104813,2026-01-10,CUST10048,Laptop,Computers,West,Retail Store,Rep_01,3,78418,0.08,216433.68,191615.91,24817.77,11.47,Credit Card,4.4,No,2026-01
ORD101462,2026-01-10,CUST10430,Mouse,Accessories,South,Partner,Rep_09,4,786,0.0,3144.0,2571.52,572.48,18.21,Credit Card,4.6,No,2026-01
ORD102504,2026-01-10,CUST10084,Smartwatch,Wearables,East,Online,Rep_11,2,22204,0.2,35526.4,33171.04,2355.36,6.63,Credit Card,3.9,No,2026-01
ORD103588,2026-01-10,CUST10151,Headphones,Audio,North,Online,Rep_16,4,9111,0.05,34621.8,26086.51,8535.29,24.65,Debit Card,3.7,No,2026-01
ORD104917,2026-01-10,CUST10209,Tablet,Mobile,South,Partner,Rep_02,1,20208,0.08,18591.36,16085.38,2505.98,13.48,UPI,3.8,No,2026-01
ORD104806,2026-01-10,CUST10294,Keyboard,Accessories,East,Retail Store,Rep_19,8,3224,0.15,21923.2,20535.11,1388.09,6.33,UPI,3.7,No,2026-01
ORD102246,2026-01-10,CUST10378,Keyboard,Accessories,West,Retail Store,Rep_13,4,3714,0.05,14113.2,10701.03,3412.17,24.18,UPI,3.5,No,2026-01
ORD102133,2026-01-11,CUST10149,Keyboard,Accessories,West,Online,Rep_17,3,3459,0.05,9858.15,7625.23,2232.92,22.65,Net Banking,3.7,No,2026-01
ORD104213,2026-01-11,CUST10627,Keyboard,Accessories,Central,Retail Store,Rep_07,2,3409,0.05,6477.1,4453.83,2023.27,31.24,UPI,4.4,No,2026-01
ORD102326,2026-01-11,CUST10137,Smartwatch,Wearables,West,Online,Rep_19,2,21558,0.0,43116.0,27428.77,15687.23,36.38,UPI,4.1,No,2026-01
ORD104110,2026-01-11,CUST10011,Keyboard,Accessories,East,Retail Store,Rep_17,1,4427,0.05,4205.65,3009.75,1195.9,28.44,Net Banking,4.0,No,2026-01
ORD100500,2026-01-11,CUST10590,Smartwatch,Wearables,South,Online,Rep_08,1,8044,0.05,7641.8,5613.31,2028.49,26.54,Net Banking,3.7,No,2026-01
ORD104952,2026-01-11,CUST10012,Laptop,Computers,North,Online,Rep_17,1,57300,0.0,57300.0,39910.56,17389.44,30.35,Net Banking,4.2,No,2026-01
ORD101819,2026-01-11,CUST10345,Mouse,Accessories,East,Online,Rep_18,1,1190,0.05,1130.5,806.08,324.42,28.7,Credit Card,3.8,No,2026-01
ORD101385,2026-01-11,CUST10724,Mouse,Accessories,West,Partner,Rep_20,6,2447,0.15,12479.7,9307.03,3172.67,25.42,UPI,4.9,No,2026-01
ORD104981,2026-01-11,CUST10724,Smartwatch,Wearables,South,Retail Store,Rep_07,5,23390,0.05,111102.5,80698.25,30404.25,27.37,Net Banking,3.5,No,2026-01
ORD104871,2026-01-11,CUST10540,Tablet,Mobile,Central,Retail Store,Rep_16,5,16531,0.08,76042.6,68313.15,7729.45,10.16,Debit Card,3.9,No,2026-01
ORD103341,2026-01-11,CUST10084,Webcam,Accessories,West,Online,Rep_10,6,1503,0.15,7665.3,7783.72,-118.42,-1.54,Net Banking,3.5,No,2026-01
ORD101515,2026-01-11,CUST10349,Smartphone,Mobile,East,Retail Store,Rep_10,5,62695,0.1,282127.5,199535.35,82592.15,29.27,UPI,4.1,Yes,2026-01
ORD101773,2026-01-11,CUST10709,Webcam,Accessories,South,Partner,Rep_19,1,4010,0.02,3929.8,2846.71,1083.09,27.56,Credit Card,3.8,No,2026-01
ORD104434,2026-01-12,CUST10222,Smartwatch,Wearables,Central,Online,Rep_12,1,14170,0.08,13036.4,11608.99,1427.41,10.95,Credit Card,3.7,No,2026-01
ORD104315,2026-01-12,CUST10615,Smartwatch,Wearables,Central,Retail Store,Rep_17,1,20868,0.2,16694.4,17765.25,-1070.85,-6.41,Cash,3.8,No,2026-01
ORD101067,2026-01-12,CUST10246,Smartphone,Mobile,Central,Online,Rep_11,3,28135,0.02,82716.9,63220.73,19496.17,23.57,Credit Card,3.0,No,2026-01
ORD102774,2026-01-12,CUST10488,Monitor,Accessories,South,Partner,Rep_17,5,19952,0.0,99760.0,71457.04,28302.96,28.37,Credit Card,4.1,No,2026-01
ORD104698,2026-01-12,CUST10165,Monitor,Accessories,South,Online,Rep_03,4,10179,0.05,38680.2,27558.05,11122.15,28.75,Credit Card,3.9,No,2026-01
ORD101701,2026-01-12,CUST10273,Smartwatch,Wearables,South,Online,Rep_05,7,13620,0.15,81039.0,73037.41,8001.59,9.87,Credit Card,3.8,No,2026-01
ORD102978,2026-01-12,CUST10224,Laptop,Computers,West,Online,Rep_14,5,79185,0.2,316740.0,296972.0,19768.0,6.24,Credit Card,3.9,No,2026-01
ORD104309,2026-01-12,CUST10518,Printer,Office,East,Partner,Rep_01,7,20647,0.05,137302.55,101820.2,35482.35,25.84,Credit Card,4.1,No,2026-01
ORD100216,2026-01-12,CUST10750,Smartphone,Mobile,North,Retail Store,Rep_18,4,39400,0.05,149720.0,117229.36,32490.64,21.7,Credit Card,5.0,No,2026-01
ORD103332,2026-01-13,CUST10085,Headphones,Audio,North,Partner,Rep_06,6,8157,0.05,46494.9,35144.6,11350.3,24.41,Credit Card,4.8,No,2026-01
ORD100081,2026-01-13,CUST10115,Webcam,Accessories,East,Retail Store,Rep_04,6,7055,0.1,38097.0,34384.83,3712.17,9.74,UPI,4.4,No,2026-01
ORD103406,2026-01-13,CUST10223,Printer,Office,South,Retail Store,Rep_01,8,24399,0.02,191288.16,137944.74,53343.42,27.89,Cash,4.0,No,2026-01
ORD100014,2026-01-13,CUST10078,Smartphone,Mobile,West,Partner,Rep_15,6,42706,0.2,204988.8,215793.01,-10804.21,-5.27,Debit Card,5.0,No,2026-01
ORD103677,2026-01-13,CUST10200,Smartphone,Mobile,West,Retail Store,Rep_09,8,47873,0.02,375324.32,287843.36,87480.96,23.31,Net Banking,3.7,No,2026-01
ORD104870,2026-01-13,CUST10144,Printer,Office,Central,Partner,Rep_15,3,8895,0.1,24016.5,16736.86,7279.64,30.31,Net Banking,4.1,No,2026-01
ORD102000,2026-01-13,CUST10634,Smartphone,Mobile,West,Online,Rep_12,4,61378,0.0,245512.0,161765.89,83746.11,34.11,UPI,4.0,No,2026-01
ORD100336,2026-01-13,CUST10293,Laptop,Computers,West,Partner,Rep_02,4,61157,0.08,225057.76,202270.57,22787.19,10.13,Cash,3.6,No,2026-01
ORD104739,2026-01-13,CUST10398,Tablet,Mobile,South,Online,Rep_03,8,27225,0.08,200376.0,153139.35,47236.65,23.57,Net Banking,3.0,No,2026-01
ORD104191,2026-01-14,CUST10152,Headphones,Audio,North,Retail Store,Rep_16,1,2551,0.02,2499.98,1721.19,778.79,31.15,Cash,4.7,No,2026-01
ORD101958,2026-01-14,CUST10402,Monitor,Accessories,North,Partner,Rep_01,7,21204,0.0,148428.0,116702.63,31725.37,21.37,Net Banking,4.4,No,2026-01
ORD104402,2026-01-14,CUST10133,Keyboard,Accessories,North,Partner,Rep_12,2,3049,0.0,6098.0,5298.55,799.45,13.11,UPI,4.8,No,2026-01
ORD101292,2026-01-14,CUST10153,Smartphone,Mobile,East,Online,Rep_05,8,42108,0.0,336864.0,238066.19,98797.81,29.33,Credit Card,3.3,No,2026-01
ORD101363,2026-01-14,CUST10449,Mouse,Accessories,South,Online,Rep_07,5,2266,0.05,10763.5,8558.65,2204.85,20.48,Net Banking,2.6,No,2026-01
ORD102517,2026-01-14,CUST10227,Laptop,Computers,West,Retail Store,Rep_03,2,109021,0.15,185335.7,154822.58,30513.12,16.46,Debit Card,4.1,No,2026-01
ORD101551,2026-01-14,CUST10294,Smartwatch,Wearables,West,Partner,Rep_12,7,23366,0.0,163562.0,142094.54,21467.46,13.12,Credit Card,3.9,No,2026-01
ORD103490,2026-01-14,CUST10236,Monitor,Accessories,Central,Retail Store,Rep_06,3,28618,0.0,85854.0,64107.67,21746.33,25.33,Credit Card,4.9,No,2026-01
ORD101582,2026-01-14,CUST10593,Monitor,Accessories,West,Online,Rep_10,2,29032,0.05,55160.8,47605.95,7554.85,13.7,Credit Card,3.9,No,2026-01
ORD101040,2026-01-14,CUST10540,Tablet,Mobile,Central,Partner,Rep_15,2,41485,0.0,82970.0,63558.01,19411.99,23.4,Debit Card,4.0,No,2026-01
ORD101046,2026-01-14,CUST10635,Mouse,Accessories,Central,Retail Store,Rep_06,4,1910,0.05,7258.0,6125.21,1132.79,15.61,UPI,3.9,No,2026-01
ORD100423,2026-01-14,CUST10672,Laptop,Computers,North,Retail Store,Rep_16,5,70191,0.0,350955.0,269817.12,81137.88,23.12,Credit Card,4.8,No,2026-01
ORD104898,2026-01-14,CUST10654,Tablet,Mobile,South,Online,Rep_20,6,38118,0.15,194401.8,167970.63,26431.17,13.6,Credit Card,3.9,No,2026-01
ORD100263,2026-01-15,CUST10550,Smartphone,Mobile,East,Partner,Rep_08,1,51806,0.2,41444.8,42252.24,-807.44,-1.95,UPI,3.5,No,2026-01
ORD102371,2026-01-15,CUST10103,Mouse,Accessories,South,Online,Rep_04,8,1817,0.05,13809.2,12506.26,1302.94,9.44,Cash,2.0,No,2026-01
ORD101288,2026-01-15,CUST10171,Tablet,Mobile,North,Partner,Rep_07,4,47629,0.02,186705.68,151222.31,35483.37,19.0,Net Banking,4.5,No,2026-01
ORD100469,2026-01-15,CUST10153,Smartphone,Mobile,North,Online,Rep_05,6,13365,0.05,76180.5,63640.11,12540.39,16.46,UPI,4.1,No,2026-01
ORD101905,2026-01-15,CUST10510,Headphones,Audio,South,Retail Store,Rep_09,2,2061,0.15,3503.7,3294.73,208.97,5.96,UPI,4.0,Yes,2026-01
ORD104889,2026-01-15,CUST10674,Laptop,Computers,North,Online,Rep_09,3,81919,0.15,208893.45,169649.4,39244.05,18.79,Debit Card,4.6,No,2026-01
ORD101329,2026-01-15,CUST10630,Mouse,Accessories,West,Retail Store,Rep_02,6,1011,0.1,5459.4,5331.1,128.3,2.35,Net Banking,3.9,No,2026-01
ORD102227,2026-01-15,CUST10057,Tablet,Mobile,North,Partner,Rep_20,8,15252,0.08,112254.72,104365.72,7889.0,7.03,Cash,3.9,No,2026-01
ORD104477,2026-01-15,CUST10369,Monitor,Accessories,East,Online,Rep_15,2,10921,0.08,20094.64,15328.81,4765.83,23.72,UPI,4.4,No,2026-01
ORD104093,2026-01-16,CUST10690,Monitor,Accessories,South,Online,Rep_14,7,16019,0.08,103162.36,81491.74,21670.62,21.01,UPI,3.8,No,2026-01
ORD103067,2026-01-16,CUST10580,Laptop,Computers,West,Online,Rep_20,7,79953,0.08,514897.32,352670.13,162227.19,31.51,UPI,4.2,No,2026-01
ORD102957,2026-01-16,CUST10081,Headphones,Audio,North,Online,Rep_13,7,1989,0.1,12530.7,11262.28,1268.42,10.12,Debit Card,4.2,No,2026-01
ORD102713,2026-01-16,CUST10252,Tablet,Mobile,South,Online,Rep_11,1,20044,0.2,16035.2,12895.01,3140.19,19.58,UPI,4.2,No,2026-01
ORD101506,2026-01-16,CUST10455,Monitor,Accessories,North,Online,Rep_11,1,26764,0.05,25425.8,17150.8,8275.0,32.55,Credit Card,4.4,No,2026-01
ORD103707,2026-01-16,CUST10396,Headphones,Audio,West,Retail Store,Rep_01,5,6344,0.05,30134.0,25011.26,5122.74,17.0,UPI,3.3,No,2026-01
ORD100928,2026-01-16,CUST10549,Keyboard,Accessories,South,Online,Rep_08,4,1591,0.02,6236.72,4770.65,1466.07,23.51,UPI,4.4,No,2026-01
ORD103027,2026-01-16,CUST10115,Smartwatch,Wearables,North,Online,Rep_06,4,21110,0.0,84440.0,56996.17,27443.83,32.5,Net Banking,3.5,No,2026-01
ORD103147,2026-01-16,CUST10329,Webcam,Accessories,West,Online,Rep_01,5,3649,0.1,16420.5,15437.14,983.36,5.99,UPI,3.5,No,2026-01
ORD103589,2026-01-16,CUST10142,Smartphone,Mobile,West,Online,Rep_07,8,31054,0.1,223588.8,159393.36,64195.44,28.71,UPI,5.0,No,2026-01
ORD102267,2026-01-16,CUST10514,Keyboard,Accessories,North,Retail Store,Rep_03,6,1648,0.15,8404.8,6759.63,1645.17,19.57,UPI,4.2,Yes,2026-01
ORD102051,2026-01-16,CUST10532,Monitor,Accessories,North,Online,Rep_20,4,27296,0.05,103724.8,67947.38,35777.42,34.49,Credit Card,4.9,Yes,2026-01
ORD101848,2026-01-16,CUST10266,Smartphone,Mobile,West,Partner,Rep_03,7,48782,0.1,307326.6,290805.45,16521.15,5.38,Debit Card,3.8,No,2026-01
ORD104690,2026-01-17,CUST10244,Smartwatch,Wearables,North,Online,Rep_07,5,8187,0.05,38888.25,26512.35,12375.9,31.82,UPI,3.2,No,2026-01
ORD101494,2026-01-17,CUST10526,Laptop,Computers,North,Retail Store,Rep_20,3,108894,0.0,326682.0,268244.08,58437.92,17.89,Debit Card,4.0,No,2026-01
ORD101785,2026-01-17,CUST10333,Mouse,Accessories,Central,Partner,Rep_11,5,577,0.02,2827.3,1842.3,985.0,34.84,Credit Card,3.7,No,2026-01
ORD103745,2026-01-17,CUST10279,Laptop,Computers,South,Partner,Rep_17,2,77272,0.0,154544.0,122153.36,32390.64,20.96,UPI,3.3,No,2026-01
ORD102471,2026-01-17,CUST10666,Smartphone,Mobile,North,Online,Rep_03,6,41340,0.0,248040.0,179633.15,68406.85,27.58,Debit Card,4.0,Yes,2026-01
ORD102066,2026-01-17,CUST10628,Headphones,Audio,West,Retail Store,Rep_01,2,5316,0.05,10100.4,8851.65,1248.75,12.36,Net Banking,3.4,No,2026-01
ORD104821,2026-01-17,CUST10526,Smartphone,Mobile,East,Online,Rep_01,5,49472,0.0,247360.0,175496.63,71863.37,29.05,UPI,2.8,No,2026-01
ORD100091,2026-01-17,CUST10559,Smartphone,Mobile,North,Online,Rep_10,5,31177,0.2,124708.0,108729.63,15978.37,12.81,Debit Card,4.0,No,2026-01
ORD103682,2026-01-17,CUST10363,Smartphone,Mobile,East,Partner,Rep_14,6,63055,0.1,340497.0,305349.21,35147.79,10.32,Net Banking,4.3,No,2026-01
ORD103501,2026-01-17,CUST10735,Smartphone,Mobile,Central,Online,Rep_10,3,40374,0.1,109009.8,85571.35,23438.45,21.5,Credit Card,5.0,No,2026-01
ORD103006,2026-01-17,CUST10295,Printer,Office,South,Retail Store,Rep_17,5,7620,0.05,36195.0,31470.01,4724.99,13.05,UPI,4.4,No,2026-01
ORD100258,2026-01-17,CUST10519,Mouse,Accessories,North,Online,Rep_07,3,2283,0.1,6164.1,4500.02,1664.08,27.0,Credit Card,4.4,No,2026-01
ORD102007,2026-01-17,CUST10531,Monitor,Accessories,South,Retail Store,Rep_05,7,15089,0.1,95060.7,71754.36,23306.34,24.52,Debit Card,4.0,No,2026-01
ORD102305,2026-01-17,CUST10476,Smartwatch,Wearables,North,Partner,Rep_11,2,3509,0.05,6667.1,5363.39,1303.71,19.55,UPI,4.7,No,2026-01
ORD101501,2026-01-17,CUST10168,Keyboard,Accessories,East,Online,Rep_17,8,2796,0.05,21249.6,17961.03,3288.57,15.48,Net Banking,4.3,No,2026-01
ORD104446,2026-01-17,CUST10546,Smartwatch,Wearables,South,Retail Store,Rep_16,4,7643,0.0,30572.0,22233.57,8338.43,27.27,Net Banking,4.9,No,2026-01
ORD103650,2026-01-18,CUST10478,Smartwatch,Wearables,West,Retail Store,Rep_17,5,13137,0.08,60430.2,50270.73,10159.47,16.81,Credit Card,4.9,No,2026-01
ORD100907,2026-01-18,CUST10742,Printer,Office,East,Online,Rep_20,3,13109,0.02,38540.46,33427.24,5113.22,13.27,Debit Card,3.6,No,2026-01
ORD102431,2026-01-18,CUST10455,Mouse,Accessories,North,Online,Rep_14,2,1903,0.15,3235.1,2704.1,531.0,16.41,Debit Card,4.6,No,2026-01
ORD101157,2026-01-18,CUST10433,Smartphone,Mobile,Central,Retail Store,Rep_08,5,28057,0.1,126256.5,107785.57,18470.93,14.63,UPI,5.0,No,2026-01
ORD103632,2026-01-18,CUST10438,Smartphone,Mobile,North,Online,Rep_06,7,40136,0.1,252856.8,200702.39,52154.41,20.63,Credit Card,3.5,No,2026-01
ORD104517,2026-01-18,CUST10742,Keyboard,Accessories,Central,Retail Store,Rep_17,7,3799,0.02,26061.14,18031.47,8029.67,30.81,Credit Card,2.1,Yes,2026-01
ORD102491,2026-01-18,CUST10376,Smartphone,Mobile,East,Online,Rep_04,8,56955,0.08,419188.8,304650.22,114538.58,27.32,Debit Card,3.9,No,2026-01
ORD102656,2026-01-18,CUST10125,Monitor,Accessories,West,Online,Rep_06,3,13729,0.2,32949.6,29584.48,3365.12,10.21,Net Banking,3.2,No,2026-01
ORD104058,2026-01-18,CUST10419,Laptop,Computers,Central,Partner,Rep_13,1,59335,0.05,56368.25,51742.08,4626.17,8.21,UPI,3.4,No,2026-01
ORD102537,2026-01-19,CUST10521,Headphones,Audio,South,Online,Rep_14,8,5796,0.1,41731.2,32452.69,9278.51,22.23,Debit Card,4.4,No,2026-01
ORD101110,2026-01-19,CUST10524,Smartphone,Mobile,North,Online,Rep_08,8,34544,0.08,254243.84,184128.42,70115.42,27.58,UPI,3.8,No,2026-01
ORD102221,2026-01-19,CUST10099,Headphones,Audio,South,Partner,Rep_18,5,4806,0.05,22828.5,15404.97,7423.53,32.52,Debit Card,4.1,No,2026-01
ORD104558,2026-01-19,CUST10688,Mouse,Accessories,South,Online,Rep_16,4,2307,0.05,8766.6,6653.29,2113.31,24.11,UPI,2.9,No,2026-01
ORD100811,2026-01-19,CUST10478,Smartwatch,Wearables,South,Online,Rep_07,3,21238,0.05,60528.3,41569.41,18958.89,31.32,UPI,4.1,No,2026-01
ORD100355,2026-01-19,CUST10284,Laptop,Computers,West,Online,Rep_19,5,89105,0.1,400972.5,302572.02,98400.48,24.54,Credit Card,3.4,No,2026-01
ORD102682,2026-01-19,CUST10103,Printer,Office,East,Retail Store,Rep_02,3,17651,0.0,52953.0,38322.36,14630.64,27.63,Debit Card,4.7,No,2026-01
ORD101702,2026-01-19,CUST10420,Monitor,Accessories,West,Online,Rep_13,7,19355,0.08,124646.2,95469.35,29176.85,23.41,Credit Card,3.9,No,2026-01
ORD103595,2026-01-20,CUST10280,Monitor,Accessories,North,Retail Store,Rep_04,6,21706,0.15,110700.6,83305.92,27394.68,24.75,UPI,5.0,No,2026-01
ORD103820,2026-01-20,CUST10242,Monitor,Accessories,North,Online,Rep_15,5,12173,0.08,55995.8,44310.26,11685.54,20.87,Debit Card,4.7,No,2026-01
ORD102411,2026-01-20,CUST10177,Mouse,Accessories,South,Online,Rep_11,8,498,0.05,3784.8,3137.99,646.81,17.09,Credit Card,4.4,No,2026-01
ORD101437,2026-01-20,CUST10072,Tablet,Mobile,Central,Retail Store,Rep_15,5,33181,0.05,157609.75,132028.29,25581.46,16.23,Credit Card,4.2,No,2026-01
ORD104965,2026-01-20,CUST10149,Monitor,Accessories,North,Online,Rep_09,1,19136,0.02,18753.28,15934.13,2819.15,15.03,Debit Card,4.3,Yes,2026-01
ORD104241,2026-01-20,CUST10322,Mouse,Accessories,Central,Retail Store,Rep_10,1,1527,0.1,1374.3,1059.07,315.23,22.94,UPI,3.8,No,2026-01
ORD101814,2026-01-20,CUST10583,Laptop,Computers,South,Online,Rep_15,1,68437,0.08,62962.04,46390.53,16571.51,26.32,Debit Card,2.9,No,2026-01
ORD102193,2026-01-21,CUST10116,Mouse,Accessories,North,Online,Rep_17,3,1538,0.05,4383.3,3599.71,783.59,17.88,Credit Card,3.9,No,2026-01
ORD100888,2026-01-21,CUST10633,Smartphone,Mobile,West,Partner,Rep_02,3,40493,0.1,109331.1,84103.55,25227.55,23.07,Net Banking,4.1,No,2026-01
ORD101081,2026-01-21,CUST10087,Headphones,Audio,Central,Online,Rep_14,6,7846,0.08,43309.92,38004.57,5305.35,12.25,UPI,4.2,No,2026-01
ORD104761,2026-01-21,CUST10378,Monitor,Accessories,North,Partner,Rep_09,1,20765,0.02,20349.7,14387.84,5961.86,29.3,Cash,4.4,No,2026-01
ORD101753,2026-01-21,CUST10157,Laptop,Computers,South,Online,Rep_08,1,50074,0.15,42562.9,42876.87,-313.97,-0.74,Debit Card,5.0,No,2026-01
ORD100358,2026-01-22,CUST10345,Keyboard,Accessories,Central,Partner,Rep_03,3,3950,0.08,10902.0,10055.16,846.84,7.77,Debit Card,3.5,No,2026-01
ORD101936,2026-01-22,CUST10648,Printer,Office,East,Online,Rep_04,7,27266,0.05,181318.9,164785.75,16533.15,9.12,Debit Card,4.0,No,2026-01
ORD101092,2026-01-22,CUST10111,Mouse,Accessories,South,Partner,Rep_01,7,1337,0.1,8423.1,6202.71,2220.39,26.36,Debit Card,3.9,No,2026-01
ORD102588,2026-01-22,CUST10250,Mouse,Accessories,North,Online,Rep_09,7,1005,0.02,6894.3,4448.05,2446.25,35.48,UPI,4.2,No,2026-01
ORD102669,2026-01-22,CUST10025,Headphones,Audio,Central,Retail Store,Rep_02,1,1355,0.08,1246.6,1008.42,238.18,19.11,Net Banking,4.0,No,2026-01
ORD103797,2026-01-22,CUST10195,Keyboard,Accessories,Central,Online,Rep_01,3,1475,0.05,4203.75,3132.68,1071.07,25.48,UPI,3.0,No,2026-01
ORD101805,2026-01-22,CUST10297,Tablet,Mobile,South,Retail Store,Rep_20,6,20311,0.02,119428.68,95506.51,23922.17,20.03,Credit Card,3.7,No,2026-01
ORD100019,2026-01-22,CUST10004,Monitor,Accessories,South,Online,Rep_18,6,22651,0.02,133187.88,117292.69,15895.19,11.93,Debit Card,4.8,Yes,2026-01
ORD101689,2026-01-22,CUST10141,Mouse,Accessories,West,Online,Rep_18,6,1249,0.0,7494.0,6016.16,1477.84,19.72,Credit Card,3.9,No,2026-01
ORD102698,2026-01-22,CUST10593,Tablet,Mobile,East,Retail Store,Rep_17,1,53599,0.1,48239.1,34114.45,14124.65,29.28,Debit Card,4.2,No,2026-01
ORD102751,2026-01-22,CUST10316,Tablet,Mobile,Central,Partner,Rep_04,3,27157,0.2,65176.8,63584.29,1592.51,2.44,UPI,4.1,No,2026-01
ORD102626,2026-01-22,CUST10368,Smartwatch,Wearables,North,Retail Store,Rep_11,8,13293,0.1,95709.6,66433.39,29276.21,30.59,Credit Card,3.3,No,2026-01
ORD100013,2026-01-22,CUST10088,Printer,Office,South,Online,Rep_09,7,23753,0.08,152969.32,116051.25,36918.07,24.13,Debit Card,5.0,No,2026-01
ORD103618,2026-01-22,CUST10480,Printer,Office,South,Retail Store,Rep_07,1,20214,0.1,18192.6,17371.32,821.28,4.51,UPI,3.9,No,2026-01
ORD100658,2026-01-22,CUST10084,Tablet,Mobile,North,Retail Store,Rep_01,8,32858,0.05,249720.8,210647.41,39073.39,15.65,Credit Card,4.7,No,2026-01
ORD100395,2026-01-23,CUST10665,Tablet,Mobile,West,Partner,Rep_19,1,27949,0.05,26551.55,24451.09,2100.46,7.91,Credit Card,4.0,No,2026-01
ORD100831,2026-01-23,CUST10425,Smartphone,Mobile,North,Partner,Rep_11,1,12275,0.02,12029.5,9291.53,2737.97,22.76,Cash,4.4,No,2026-01
ORD101220,2026-01-23,CUST10342,Smartphone,Mobile,South,Online,Rep_10,5,39205,0.02,192104.5,134910.73,57193.77,29.77,Cash,3.3,No,2026-01
ORD102584,2026-01-23,CUST10645,Monitor,Accessories,Central,Online,Rep_05,4,16963,0.0,67852.0,52004.19,15847.81,23.36,Credit Card,5.0,No,2026-01
ORD103429,2026-01-23,CUST10324,Webcam,Accessories,West,Online,Rep_18,1,5003,0.05,4752.85,3376.69,1376.16,28.95,Credit Card,4.3,No,2026-01
ORD100442,2026-01-24,CUST10471,Smartwatch,Wearables,East,Online,Rep_13,6,14257,0.05,81264.9,68748.07,12516.83,15.4,Debit Card,3.4,No,2026-01
ORD104314,2026-01-24,CUST10704,Webcam,Accessories,East,Online,Rep_02,4,3658,0.1,13168.8,11923.83,1244.97,9.45,Credit Card,3.3,No,2026-01
ORD104811,2026-01-24,CUST10419,Smartphone,Mobile,West,Partner,Rep_18,5,59328,0.08,272908.8,194160.82,78747.98,28.86,UPI,3.7,No,2026-01
ORD101074,2026-01-24,CUST10561,Laptop,Computers,West,Retail Store,Rep_14,7,49386,0.08,318045.84,225692.46,92353.38,29.04,UPI,3.4,No,2026-01
ORD104877,2026-01-24,CUST10495,Mouse,Accessories,South,Online,Rep_14,6,1181,0.2,5668.8,5766.58,-97.78,-1.72,UPI,3.4,No,2026-01
ORD100837,2026-01-24,CUST10187,Webcam,Accessories,East,Retail Store,Rep_18,3,8939,0.02,26280.66,21774.79,4505.87,17.15,Cash,4.0,No,2026-01
ORD100720,2026-01-24,CUST10438,Headphones,Audio,West,Retail Store,Rep_10,3,4865,0.05,13865.25,11891.12,1974.13,14.24,Credit Card,3.9,No,2026-01
ORD104098,2026-01-24,CUST10288,Laptop,Computers,Central,Online,Rep_08,8,109305,0.05,830718.0,546315.07,284402.93,34.24,UPI,4.4,No,2026-01
ORD102185,2026-01-24,CUST10179,Mouse,Accessories,West,Partner,Rep_17,1,707,0.0,707.0,457.98,249.02,35.22,Credit Card,4.6,Yes,2026-01
ORD104733,2026-01-24,CUST10619,Headphones,Audio,East,Retail Store,Rep_20,4,8013,0.05,30449.4,27865.33,2584.07,8.49,UPI,5.0,No,2026-01
ORD101484,2026-01-24,CUST10330,Laptop,Computers,South,Retail Store,Rep_16,2,62581,0.2,100129.6,80079.43,20050.17,20.02,Credit Card,4.3,No,2026-01
ORD104679,2026-01-24,CUST10263,Mouse,Accessories,South,Online,Rep_15,1,2387,0.05,2267.65,1592.71,674.94,29.76,Credit Card,5.0,No,2026-01
ORD100659,2026-01-24,CUST10263,Mouse,Accessories,Central,Retail Store,Rep_15,1,1548,0.08,1424.16,1049.72,374.44,26.29,Cash,3.3,No,2026-01
ORD100853,2026-01-25,CUST10493,Smartphone,Mobile,South,Partner,Rep_03,5,60795,0.05,288776.25,196996.81,91779.44,31.78,UPI,4.8,Yes,2026-01
ORD100082,2026-01-25,CUST10239,Mouse,Accessories,South,Retail Store,Rep_01,1,861,0.08,792.12,547.17,244.95,30.92,Credit Card,4.5,Yes,2026-01
ORD102306,2026-01-25,CUST10452,Monitor,Accessories,South,Retail Store,Rep_14,3,28766,0.2,69038.4,75046.44,-6008.04,-8.7,Debit Card,4.0,No,2026-01
ORD104111,2026-01-25,CUST10675,Keyboard,Accessories,East,Retail Store,Rep_06,8,3818,0.02,29933.12,23639.57,6293.55,21.03,UPI,5.0,Yes,2026-01
ORD103654,2026-01-25,CUST10381,Smartphone,Mobile,West,Partner,Rep_09,3,45044,0.05,128375.4,106409.4,21966.0,17.11,Net Banking,4.3,No,2026-01
ORD103420,2026-01-25,CUST10306,Laptop,Computers,South,Online,Rep_18,5,107961,0.1,485824.5,394022.01,91802.49,18.9,Credit Card,5.0,No,2026-01
ORD101728,2026-01-25,CUST10733,Smartwatch,Wearables,West,Partner,Rep_20,4,14242,0.05,54119.6,40417.37,13702.23,25.32,Debit Card,3.5,No,2026-01
ORD104978,2026-01-26,CUST10648,Smartphone,Mobile,North,Online,Rep_17,7,42870,0.1,270081.0,240001.36,30079.64,11.14,Cash,4.3,No,2026-01
ORD103013,2026-01-26,CUST10242,Tablet,Mobile,Central,Online,Rep_17,8,30300,0.1,218160.0,160368.79,57791.21,26.49,UPI,4.3,No,2026-01
ORD103592,2026-01-26,CUST10736,Smartphone,Mobile,South,Online,Rep_18,7,17910,0.1,112833.0,90958.03,21874.97,19.39,UPI,4.8,No,2026-01
ORD100834,2026-01-26,CUST10496,Smartphone,Mobile,South,Online,Rep_01,2,46609,0.0,93218.0,77906.02,15311.98,16.43,Credit Card,4.9,No,2026-01
ORD102538,2026-01-26,CUST10677,Smartphone,Mobile,Central,Online,Rep_20,3,19357,0.0,58071.0,42801.66,15269.34,26.29,UPI,3.8,No,2026-01
ORD103688,2026-01-26,CUST10070,Tablet,Mobile,Central,Partner,Rep_19,8,49629,0.0,397032.0,274958.23,122073.77,30.75,UPI,4.8,No,2026-01
ORD104516,2026-01-26,CUST10628,Monitor,Accessories,West,Partner,Rep_03,4,10301,0.05,39143.8,35542.83,3600.97,9.2,Cash,3.5,No,2026-01
ORD100318,2026-01-27,CUST10451,Smartphone,Mobile,East,Partner,Rep_13,7,30339,0.08,195383.16,141948.87,53434.29,27.35,Credit Card,3.7,No,2026-01
ORD104084,2026-01-27,CUST10319,Headphones,Audio,Central,Retail Store,Rep_10,1,9243,0.0,9243.0,7323.69,1919.31,20.77,Net Banking,4.1,No,2026-01
ORD104000,2026-01-27,CUST10676,Smartphone,Mobile,Central,Retail Store,Rep_10,5,61664,0.0,308320.0,222485.33,85834.67,27.84,Debit Card,3.6,No,2026-01
ORD104924,2026-01-27,CUST10167,Webcam,Accessories,West,Partner,Rep_12,5,6492,0.1,29214.0,28491.43,722.57,2.47,UPI,3.5,No,2026-01
ORD100049,2026-01-27,CUST10032,Keyboard,Accessories,West,Retail Store,Rep_01,1,4492,0.0,4492.0,3638.94,853.06,18.99,Debit Card,5.0,No,2026-01
ORD101495,2026-01-27,CUST10621,Mouse,Accessories,North,Online,Rep_05,2,2420,0.0,4840.0,3611.17,1228.83,25.39,Credit Card,4.2,No,2026-01
ORD101538,2026-01-27,CUST10683,Mouse,Accessories,North,Online,Rep_17,7,936,0.15,5569.2,4674.43,894.77,16.07,Credit Card,5.0,No,2026-01
ORD101423,2026-01-27,CUST10607,Laptop,Computers,West,Online,Rep_01,7,106957,0.02,733725.02,640109.15,93615.87,12.76,UPI,3.0,No,2026-01
ORD104208,2026-01-27,CUST10192,Keyboard,Accessories,North,Retail Store,Rep_20,7,3285,0.1,20695.5,17142.55,3552.95,17.17,Credit Card,3.8,No,2026-01
ORD102156,2026-01-28,CUST10646,Smartphone,Mobile,South,Online,Rep_08,6,29228,0.08,161338.56,127210.14,34128.42,21.15,Debit Card,4.7,No,2026-01
ORD103773,2026-01-28,CUST10311,Tablet,Mobile,North,Retail Store,Rep_18,4,23814,0.15,80967.6,61131.86,19835.74,24.5,Debit Card,3.9,No,2026-01
ORD101055,2026-01-28,CUST10511,Smartwatch,Wearables,West,Online,Rep_13,4,9271,0.05,35229.8,27747.58,7482.22,21.24,Credit Card,4.3,No,2026-01
ORD102266,2026-01-28,CUST10107,Mouse,Accessories,South,Online,Rep_10,4,1622,0.05,6163.6,4416.9,1746.7,28.34,Debit Card,3.4,No,2026-01
ORD100437,2026-01-28,CUST10116,Laptop,Computers,North,Partner,Rep_03,3,91721,0.1,247646.7,189072.13,58574.57,23.65,UPI,3.6,No,2026-01
ORD101035,2026-01-28,CUST10640,Laptop,Computers,South,Retail Store,Rep_17,7,50653,0.1,319113.9,254839.07,64274.83,20.14,Debit Card,5.0,No,2026-01
ORD102778,2026-01-28,CUST10684,Smartphone,Mobile,West,Partner,Rep_03,7,62847,0.0,439929.0,352184.42,87744.58,19.95,UPI,2.6,No,2026-01
ORD103312,2026-01-28,CUST10591,Mouse,Accessories,South,Retail Store,Rep_18,2,1196,0.05,2272.4,1639.42,632.98,27.86,Credit Card,3.9,No,2026-01
ORD101822,2026-01-28,CUST10585,Smartphone,Mobile,East,Partner,Rep_10,1,24208,0.1,21787.2,15669.09,6118.11,28.08,Net Banking,4.6,No,2026-01
ORD100897,2026-01-28,CUST10285,Tablet,Mobile,Central,Online,Rep_10,8,47922,0.0,383376.0,327327.09,56048.91,14.62,UPI,4.3,No,2026-01
ORD101865,2026-01-28,CUST10203,Smartwatch,Wearables,South,Online,Rep_13,4,24168,0.05,91838.4,63143.7,28694.7,31.24,Credit Card,4.8,No,2026-01
ORD103162,2026-01-29,CUST10725,Laptop,Computers,Central,Online,Rep_11,3,48044,0.1,129718.8,106703.68,23015.12,17.74,Net Banking,3.3,No,2026-01
ORD104323,2026-01-29,CUST10099,Mouse,Accessories,North,Retail Store,Rep_04,1,1332,0.02,1305.36,1152.86,152.5,11.68,Credit Card,2.8,No,2026-01
ORD100978,2026-01-29,CUST10031,Laptop,Computers,North,Retail Store,Rep_11,2,55718,0.02,109207.28,72753.09,36454.19,33.38,Credit Card,4.2,No,2026-01
ORD100766,2026-01-29,CUST10289,Keyboard,Accessories,West,Retail Store,Rep_16,8,2147,0.15,14599.6,13583.33,1016.27,6.96,Net Banking,5.0,No,2026-01
ORD101542,2026-01-29,CUST10708,Laptop,Computers,South,Retail Store,Rep_09,3,108604,0.05,309521.4,285933.63,23587.77,7.62,UPI,4.1,No,2026-01
ORD100312,2026-01-29,CUST10502,Laptop,Computers,Central,Retail Store,Rep_06,4,84084,0.0,336336.0,274542.38,61793.62,18.37,Credit Card,4.2,No,2026-01
ORD101863,2026-01-29,CUST10447,Smartphone,Mobile,East,Online,Rep_11,6,41173,0.1,222334.2,180635.57,41698.63,18.75,UPI,4.5,No,2026-01
ORD103371,2026-01-29,CUST10023,Smartphone,Mobile,Central,Partner,Rep_15,1,57077,0.08,52510.84,39660.82,12850.02,24.47,Net Banking,4.0,No,2026-01
ORD101355,2026-01-29,CUST10167,Monitor,Accessories,East,Retail Store,Rep_14,2,12188,0.15,20719.6,15305.65,5413.95,26.13,Credit Card,3.9,No,2026-01
ORD101572,2026-01-29,CUST10333,Smartphone,Mobile,Central,Online,Rep_15,8,36646,0.05,278509.6,229348.3,49161.3,17.65,UPI,4.6,Yes,2026-01
ORD103839,2026-01-29,CUST10294,Smartwatch,Wearables,East,Retail Store,Rep_09,7,8573,0.02,58810.78,49904.43,8906.35,15.14,Debit Card,4.4,Yes,2026-01
ORD100698,2026-01-29,CUST10054,Keyboard,Accessories,East,Online,Rep_15,5,2259,0.1,10165.5,7176.07,2989.43,29.41,Debit Card,4.3,No,2026-01
ORD104982,2026-01-30,CUST10064,Smartphone,Mobile,South,Retail Store,Rep_10,4,41016,0.05,155860.8,114261.33,41599.47,26.69,UPI,3.0,No,2026-01
ORD101233,2026-01-30,CUST10384,Smartphone,Mobile,Central,Partner,Rep_19,3,57589,0.0,172767.0,134888.49,37878.51,21.92,Credit Card,4.1,No,2026-01
ORD104995,2026-01-30,CUST10088,Laptop,Computers,North,Online,Rep_16,7,84396,0.15,502156.2,447678.66,54477.54,10.85,Credit Card,3.2,No,2026-01
ORD103841,2026-01-30,CUST10053,Keyboard,Accessories,South,Retail Store,Rep_11,4,1318,0.15,4481.2,3820.41,660.79,14.75,Net Banking,4.4,No,2026-01
ORD101770,2026-01-30,CUST10031,Monitor,Accessories,Central,Partner,Rep_07,1,11228,0.08,10329.76,9183.61,1146.15,11.1,UPI,4.5,No,2026-01
ORD102400,2026-01-30,CUST10218,Mouse,Accessories,West,Online,Rep_20,8,1501,0.05,11407.6,9318.45,2089.15,18.31,UPI,3.6,No,2026-01
ORD103049,2026-01-30,CUST10462,Monitor,Accessories,East,Online,Rep_14,6,22852,0.1,123400.8,88960.68,34440.12,27.91,Net Banking,4.2,No,2026-01
ORD100569,2026-01-30,CUST10001,Webcam,Accessories,West,Retail Store,Rep_14,3,6479,0.08,17882.04,12898.48,4983.56,27.87,UPI,2.7,Yes,2026-01
ORD103858,2026-01-30,CUST10026,Keyboard,Accessories,West,Retail Store,Rep_12,2,2317,0.1,4170.6,3187.82,982.78,23.56,UPI,3.8,No,2026-01
ORD104567,2026-01-30,CUST10153,Smartphone,Mobile,West,Retail Store,Rep_08,7,27295,0.15,162405.25,125619.77,36785.48,22.65,Debit Card,2.7,No,2026-01
ORD100540,2026-01-31,CUST10538,Smartphone,Mobile,East,Retail Store,Rep_08,4,19958,0.15,67857.2,69364.74,-1507.54,-2.22,UPI,3.2,No,2026-01
ORD101210,2026-01-31,CUST10021,Smartwatch,Wearables,South,Online,Rep_01,6,15511,0.15,79106.1,75565.74,3540.36,4.48,UPI,4.2,No,2026-01
ORD104561,2026-01-31,CUST10657,Headphones,Audio,North,Online,Rep_09,5,5331,0.05,25322.25,23355.37,1966.88,7.77,Credit Card,4.4,No,2026-01
ORD102614,2026-01-31,CUST10452,Headphones,Audio,West,Retail Store,Rep_12,4,9105,0.15,30957.0,30249.58,707.42,2.29,Debit Card,4.2,No,2026-01
ORD103093,2026-01-31,CUST10421,Monitor,Accessories,Central,Online,Rep_13,2,8678,0.2,13884.8,14999.93,-1115.13,-8.03,Net Banking,4.2,No,2026-01
ORD101599,2026-01-31,CUST10631,Laptop,Computers,Central,Retail Store,Rep_15,4,91396,0.05,347304.8,290226.69,57078.11,16.43,Debit Card,3.7,No,2026-01
ORD104270,2026-01-31,CUST10279,Smartwatch,Wearables,South,Online,Rep_20,7,5251,0.0,36757.0,31335.53,5421.47,14.75,Net Banking,3.9,No,2026-01
ORD100568,2026-01-31,CUST10581,Monitor,Accessories,North,Online,Rep_17,1,26312,0.05,24996.4,19403.63,5592.77,22.37,Net Banking,3.2,No,2026-01
ORD102010,2026-01-31,CUST10210,Monitor,Accessories,South,Partner,Rep_16,1,11534,0.02,11303.32,9783.85,1519.47,13.44,Debit Card,4.3,No,2026-01
ORD101625,2026-01-31,CUST10411,Smartphone,Mobile,South,Retail Store,Rep_05,6,59292,0.1,320176.8,248672.21,71504.59,22.33,Credit Card,3.4,No,2026-01
ORD101781,2026-01-31,CUST10205,Laptop,Computers,East,Online,Rep_15,4,54622,0.1,196639.2,144261.88,52377.32,26.64,UPI,3.5,Yes,2026-01
ORD101523,2026-01-31,CUST10717,Tablet,Mobile,South,Partner,Rep_16,8,27536,0.1,198259.2,175363.91,22895.29,11.55,Cash,3.7,No,2026-01
ORD100222,2026-01-31,CUST10614,Keyboard,Accessories,North,Retail Store,Rep_06,4,4359,0.15,14820.6,13017.12,1803.48,12.17,Credit Card,4.5,No,2026-01
ORD101262,2026-01-31,CUST10139,Printer,Office,South,Retail Store,Rep_03,6,7508,0.08,41444.16,39036.53,2407.63,5.81,Credit Card,4.4,No,2026-01
ORD101451,2026-01-31,CUST10017,Monitor,Accessories,South,Online,Rep_03,3,19800,0.1,53460.0,52097.72,1362.28,2.55,Debit Card,4.9,No,2026-01
ORD104466,2026-01-31,CUST10372,Monitor,Accessories,Central,Retail Store,Rep_14,2,23025,0.15,39142.5,31133.93,8008.57,20.46,Credit Card,4.1,No,2026-01
ORD103740,2026-01-31,CUST10142,Keyboard,Accessories,North,Online,Rep_20,6,3063,0.1,16540.2,14501.67,2038.53,12.32,Cash,3.6,No,2026-01
ORD104452,2026-02-01,CUST10501,Keyboard,Accessories,Central,Retail Store,Rep_14,8,2205,0.05,16758.0,15310.39,1447.61,8.64,Cash,2.9,No,2026-02
ORD100163,2026-02-01,CUST10176,Mouse,Accessories,West,Online,Rep_05,7,1929,0.15,11477.55,9769.13,1708.42,14.88,Credit Card,3.8,No,2026-02
ORD104957,2026-02-01,CUST10259,Tablet,Mobile,North,Online,Rep_13,6,43560,0.15,222156.0,213367.35,8788.65,3.96,Cash,3.6,No,2026-02
ORD104969,2026-02-01,CUST10644,Smartwatch,Wearables,North,Partner,Rep_11,2,3105,0.2,4968.0,5050.94,-82.94,-1.67,Credit Card,4.3,No,2026-02
ORD104537,2026-02-01,CUST10254,Monitor,Accessories,West,Retail Store,Rep_03,8,16787,0.08,123552.32,98591.62,24960.7,20.2,UPI,3.8,No,2026-02
ORD104223,2026-02-01,CUST10332,Webcam,Accessories,West,Partner,Rep_05,3,6640,0.1,17928.0,12469.64,5458.36,30.45,UPI,4.2,No,2026-02
ORD100765,2026-02-01,CUST10661,Laptop,Computers,West,Online,Rep_15,3,64906,0.0,194718.0,136860.49,57857.51,29.71,Credit Card,3.7,No,2026-02
ORD102954,2026-02-01,CUST10379,Monitor,Accessories,West,Retail Store,Rep_06,8,21232,0.05,161363.2,136936.45,24426.75,15.14,UPI,4.6,No,2026-02
ORD100038,2026-02-01,CUST10653,Laptop,Computers,Central,Online,Rep_12,1,71265,0.0,71265.0,48989.36,22275.64,31.26,Debit Card,3.1,Yes,2026-02
ORD100912,2026-02-01,CUST10709,Smartphone,Mobile,West,Online,Rep_20,6,12011,0.08,66300.72,56260.95,10039.77,15.14,UPI,4.0,No,2026-02
ORD102422,2026-02-01,CUST10652,Laptop,Computers,South,Partner,Rep_14,3,82273,0.05,234478.05,187407.59,47070.46,20.07,Debit Card,4.5,No,2026-02
ORD104442,2026-02-02,CUST10279,Printer,Office,Central,Online,Rep_11,3,6904,0.2,16569.6,15530.17,1039.43,6.27,Cash,4.3,No,2026-02
ORD103731,2026-02-02,CUST10222,Smartphone,Mobile,East,Retail Store,Rep_04,5,49876,0.02,244392.4,159220.57,85171.83,34.85,Debit Card,5.0,No,2026-02
ORD101137,2026-02-02,CUST10608,Printer,Office,East,Online,Rep_14,8,12967,0.05,98549.2,81979.84,16569.36,16.81,Cash,3.3,No,2026-02
ORD100443,2026-02-02,CUST10492,Tablet,Mobile,North,Online,Rep_10,5,31255,0.05,148461.25,135856.83,12604.42,8.49,UPI,3.4,No,2026-02
ORD103552,2026-02-02,CUST10577,Smartphone,Mobile,South,Online,Rep_10,3,25028,0.15,63821.4,59672.73,4148.67,6.5,UPI,4.6,No,2026-02
ORD103282,2026-02-02,CUST10558,Smartphone,Mobile,North,Partner,Rep_19,8,44700,0.0,357600.0,308712.29,48887.71,13.67,Cash,4.5,No,2026-02
ORD103532,2026-02-02,CUST10057,Printer,Office,Central,Online,Rep_15,6,21999,0.08,121434.48,90436.0,30998.48,25.53,UPI,4.7,No,2026-02
ORD103515,2026-02-02,CUST10653,Printer,Office,South,Online,Rep_20,6,12653,0.08,69844.56,64605.54,5239.02,7.5,Net Banking,4.8,No,2026-02
ORD101265,2026-02-03,CUST10719,Laptop,Computers,North,Online,Rep_17,7,79729,0.08,513454.76,382852.69,130602.07,25.44,UPI,4.1,No,2026-02
ORD103435,2026-02-03,CUST10661,Headphones,Audio,East,Online,Rep_07,1,4236,0.1,3812.4,3504.53,307.87,8.08,Credit Card,3.5,No,2026-02
ORD104113,2026-02-03,CUST10186,Laptop,Computers,South,Retail Store,Rep_19,1,58029,0.05,55127.55,38370.74,16756.81,30.4,Credit Card,3.5,No,2026-02
ORD100217,2026-02-03,CUST10532,Tablet,Mobile,West,Online,Rep_12,8,33476,0.1,241027.2,231883.81,9143.39,3.79,UPI,4.6,No,2026-02
ORD103806,2026-02-03,CUST10094,Smartwatch,Wearables,North,Retail Store,Rep_13,6,6727,0.15,34307.7,27497.43,6810.27,19.85,Cash,3.4,No,2026-02
ORD102206,2026-02-03,CUST10380,Webcam,Accessories,Central,Online,Rep_19,4,3023,0.0,12092.0,7999.97,4092.03,33.84,Credit Card,4.8,No,2026-02
ORD103544,2026-02-04,CUST10657,Tablet,Mobile,West,Retail Store,Rep_11,8,45437,0.02,356226.08,255097.43,101128.65,28.39,Debit Card,3.0,No,2026-02
ORD102148,2026-02-04,CUST10387,Tablet,Mobile,West,Online,Rep_14,5,20203,0.05,95964.25,69277.49,26686.76,27.81,Credit Card,3.3,Yes,2026-02
ORD101153,2026-02-04,CUST10601,Mouse,Accessories,West,Online,Rep_07,2,1293,0.08,2379.12,1797.77,581.35,24.44,Net Banking,4.0,No,2026-02
ORD103057,2026-02-04,CUST10066,Mouse,Accessories,South,Online,Rep_20,7,2485,0.0,17395.0,15008.65,2386.35,13.72,UPI,4.4,No,2026-02
ORD102198,2026-02-04,CUST10726,Webcam,Accessories,West,Retail Store,Rep_05,7,8324,0.1,52441.2,37045.19,15396.01,29.36,Net Banking,3.4,No,2026-02
ORD104336,2026-02-05,CUST10644,Laptop,Computers,West,Online,Rep_06,1,81044,0.2,64835.2,59611.24,5223.96,8.06,Debit Card,5.0,No,2026-02
ORD101710,2026-02-05,CUST10536,Mouse,Accessories,West,Partner,Rep_17,7,1409,0.1,8876.7,6880.88,1995.82,22.48,Net Banking,3.7,Yes,2026-02
ORD101133,2026-02-05,CUST10485,Laptop,Computers,South,Online,Rep_15,8,57034,0.05,433458.4,362241.44,71216.96,16.43,Cash,4.2,No,2026-02
ORD103403,2026-02-05,CUST10498,Smartwatch,Wearables,South,Online,Rep_08,3,5955,0.08,16435.8,15035.03,1400.77,8.52,UPI,5.0,No,2026-02
ORD103794,2026-02-05,CUST10182,Headphones,Audio,North,Partner,Rep_12,5,11897,0.2,47588.0,44020.0,3568.0,7.5,Debit Card,2.9,Yes,2026-02
ORD103005,2026-02-05,CUST10100,Keyboard,Accessories,North,Partner,Rep_13,1,1923,0.02,1884.54,1344.69,539.85,28.65,Debit Card,4.1,No,2026-02
ORD101667,2026-02-05,CUST10471,Smartphone,Mobile,Central,Retail Store,Rep_18,7,14970,0.08,96406.8,72566.7,23840.1,24.73,UPI,4.7,No,2026-02
ORD103899,2026-02-05,CUST10496,Keyboard,Accessories,North,Retail Store,Rep_08,7,2576,0.2,14425.6,11522.84,2902.76,20.12,Net Banking,5.0,No,2026-02
ORD101525,2026-02-06,CUST10177,Monitor,Accessories,Central,Online,Rep_17,1,19351,0.1,17415.9,12621.49,4794.41,27.53,Credit Card,3.7,No,2026-02
ORD104393,2026-02-06,CUST10068,Mouse,Accessories,North,Online,Rep_10,8,1827,0.05,13885.2,10646.03,3239.17,23.33,Credit Card,3.8,No,2026-02
ORD100433,2026-02-06,CUST10090,Mouse,Accessories,East,Online,Rep_10,6,2294,0.02,13488.72,10250.9,3237.82,24.0,Credit Card,4.1,No,2026-02
ORD100116,2026-02-06,CUST10584,Webcam,Accessories,South,Retail Store,Rep_15,7,7842,0.05,52149.3,34721.39,17427.91,33.42,Debit Card,2.8,No,2026-02
ORD101857,2026-02-06,CUST10611,Headphones,Audio,South,Retail Store,Rep_19,1,11754,0.15,9990.9,10005.92,-15.02,-0.15,UPI,4.4,No,2026-02
ORD104371,2026-02-06,CUST10647,Smartphone,Mobile,South,Online,Rep_05,5,57830,0.1,260235.0,250702.14,9532.86,3.66,UPI,5.0,No,2026-02
ORD104070,2026-02-06,CUST10424,Printer,Office,Central,Online,Rep_12,8,22656,0.0,181248.0,135546.14,45701.86,25.22,Debit Card,3.7,No,2026-02
ORD100293,2026-02-06,CUST10491,Printer,Office,West,Online,Rep_13,3,15066,0.15,38418.3,31560.04,6858.26,17.85,Net Banking,4.4,No,2026-02
ORD102153,2026-02-06,CUST10252,Headphones,Audio,South,Partner,Rep_07,8,7263,0.1,52293.6,36097.12,16196.48,30.97,UPI,5.0,No,2026-02
ORD102166,2026-02-06,CUST10048,Smartwatch,Wearables,South,Partner,Rep_17,4,24923,0.2,79753.6,63548.7,16204.9,20.32,Debit Card,3.0,No,2026-02
ORD102979,2026-02-06,CUST10293,Headphones,Audio,North,Retail Store,Rep_20,1,7358,0.1,6622.2,5094.98,1527.22,23.06,Debit Card,5.0,No,2026-02
ORD104346,2026-02-07,CUST10018,Tablet,Mobile,South,Online,Rep_10,2,19683,0.02,38578.68,25945.2,12633.48,32.75,UPI,4.5,No,2026-02
ORD103124,2026-02-07,CUST10183,Monitor,Accessories,Central,Online,Rep_13,6,21481,0.02,126308.28,88541.32,37766.96,29.9,Credit Card,3.2,No,2026-02
ORD103356,2026-02-07,CUST10101,Laptop,Computers,West,Partner,Rep_05,8,67612,0.2,432716.8,421160.83,11555.97,2.67,Net Banking,4.8,No,2026-02
ORD100290,2026-02-07,CUST10534,Keyboard,Accessories,East,Partner,Rep_17,7,2510,0.05,16691.5,13445.12,3246.38,19.45,Debit Card,4.1,No,2026-02
ORD100992,2026-02-07,CUST10516,Mouse,Accessories,Central,Retail Store,Rep_04,4,597,0.02,2340.24,1980.04,360.2,15.39,Cash,3.4,Yes,2026-02
ORD101209,2026-02-07,CUST10519,Smartphone,Mobile,North,Online,Rep_16,5,27556,0.0,137780.0,98167.19,39612.81,28.75,Net Banking,3.8,No,2026-02
ORD104250,2026-02-07,CUST10126,Smartwatch,Wearables,South,Online,Rep_20,4,17365,0.05,65987.0,44787.7,21199.3,32.13,UPI,4.5,No,2026-02
ORD102899,2026-02-07,CUST10045,Monitor,Accessories,West,Online,Rep_17,1,27715,0.02,27160.7,17793.57,9367.13,34.49,Debit Card,4.2,No,2026-02
ORD101334,2026-02-07,CUST10094,Smartwatch,Wearables,South,Online,Rep_10,8,6602,0.05,50175.2,34856.85,15318.35,30.53,UPI,3.2,No,2026-02
ORD101343,2026-02-07,CUST10660,Webcam,Accessories,West,Retail Store,Rep_17,1,2301,0.2,1840.8,1592.7,248.1,13.48,UPI,4.4,No,2026-02
ORD102228,2026-02-07,CUST10249,Keyboard,Accessories,North,Retail Store,Rep_11,1,3966,0.15,3371.1,3117.99,253.11,7.51,Debit Card,4.4,No,2026-02
ORD103298,2026-02-07,CUST10526,Laptop,Computers,East,Online,Rep_12,7,67546,0.15,401898.7,333382.97,68515.73,17.05,Credit Card,4.0,No,2026-02
ORD100456,2026-02-08,CUST10219,Monitor,Accessories,East,Retail Store,Rep_19,2,8901,0.08,16377.84,12746.59,3631.25,22.17,Credit Card,4.4,No,2026-02
ORD101782,2026-02-08,CUST10460,Webcam,Accessories,Central,Online,Rep_07,8,3135,0.08,23073.6,17039.3,6034.3,26.15,Credit Card,4.3,No,2026-02
ORD104956,2026-02-08,CUST10135,Headphones,Audio,West,Online,Rep_03,2,8984,0.05,17069.6,13633.62,3435.98,20.13,UPI,3.4,No,2026-02
ORD103659,2026-02-08,CUST10062,Mouse,Accessories,East,Retail Store,Rep_15,5,2050,0.1,9225.0,6916.04,2308.96,25.03,Debit Card,2.5,No,2026-02
ORD100737,2026-02-08,CUST10153,Monitor,Accessories,North,Partner,Rep_13,8,8204,0.15,55787.2,49518.83,6268.37,11.24,Net Banking,3.5,No,2026-02
ORD101168,2026-02-08,CUST10623,Monitor,Accessories,South,Online,Rep_08,5,28840,0.08,132664.0,125303.1,7360.9,5.55,Credit Card,2.5,No,2026-02
ORD104485,2026-02-09,CUST10317,Smartphone,Mobile,South,Retail Store,Rep_09,3,55406,0.0,166218.0,117104.51,49113.49,29.55,Cash,4.2,No,2026-02
ORD104715,2026-02-09,CUST10284,Keyboard,Accessories,South,Partner,Rep_16,4,1042,0.05,3959.6,3340.7,618.9,15.63,Net Banking,3.2,No,2026-02
ORD100317,2026-02-09,CUST10145,Monitor,Accessories,Central,Partner,Rep_05,3,27601,0.05,78662.85,69992.26,8670.59,11.02,UPI,3.9,No,2026-02
ORD101639,2026-02-09,CUST10395,Smartwatch,Wearables,South,Partner,Rep_17,7,15916,0.0,111412.0,91605.96,19806.04,17.78,Credit Card,3.0,No,2026-02
ORD103979,2026-02-09,CUST10300,Laptop,Computers,North,Online,Rep_08,2,88675,0.0,177350.0,136925.37,40424.63,22.79,Net Banking,3.0,No,2026-02
ORD104764,2026-02-09,CUST10135,Smartphone,Mobile,Central,Online,Rep_20,2,37290,0.2,59664.0,51176.21,8487.79,14.23,Net Banking,3.1,No,2026-02
ORD102171,2026-02-09,CUST10114,Mouse,Accessories,North,Retail Store,Rep_04,4,2393,0.2,7657.6,8214.43,-556.83,-7.27,UPI,4.0,No,2026-02
ORD101415,2026-02-09,CUST10565,Keyboard,Accessories,South,Online,Rep_08,7,3838,0.05,25522.7,19358.46,6164.24,24.15,Debit Card,3.1,No,2026-02
ORD101037,2026-02-09,CUST10062,Tablet,Mobile,North,Partner,Rep_14,3,19089,0.15,48676.95,35955.57,12721.38,26.13,Debit Card,3.3,No,2026-02
ORD100023,2026-02-09,CUST10006,Tablet,Mobile,West,Partner,Rep_05,4,24056,0.08,88526.08,59909.58,28616.5,32.33,Credit Card,4.1,No,2026-02
ORD103697,2026-02-10,CUST10099,Smartwatch,Wearables,East,Online,Rep_17,2,3808,0.05,7235.2,5084.09,2151.11,29.73,Cash,3.7,No,2026-02
ORD101012,2026-02-10,CUST10035,Smartwatch,Wearables,West,Online,Rep_04,7,8234,0.1,51874.2,43057.18,8817.02,17.0,Credit Card,4.6,No,2026-02
ORD102496,2026-02-10,CUST10590,Monitor,Accessories,West,Online,Rep_19,3,17507,0.02,51470.58,36978.38,14492.2,28.16,Credit Card,4.6,No,2026-02
ORD103302,2026-02-11,CUST10359,Smartwatch,Wearables,West,Partner,Rep_03,4,16974,0.02,66538.08,58742.97,7795.11,11.72,Debit Card,3.5,No,2026-02
ORD101503,2026-02-11,CUST10242,Laptop,Computers,South,Online,Rep_04,2,52503,0.1,94505.4,74131.07,20374.33,21.56,UPI,4.2,No,2026-02
ORD100703,2026-02-11,CUST10021,Tablet,Mobile,South,Retail Store,Rep_12,4,42111,0.1,151599.6,106921.53,44678.07,29.47,UPI,3.6,No,2026-02
ORD101266,2026-02-11,CUST10093,Laptop,Computers,East,Retail Store,Rep_18,2,109003,0.1,196205.4,142002.65,54202.75,27.63,UPI,4.5,No,2026-02
ORD104248,2026-02-11,CUST10651,Smartphone,Mobile,North,Partner,Rep_13,4,17304,0.02,67831.68,46782.3,21049.38,31.03,Net Banking,3.7,No,2026-02
ORD104287,2026-02-11,CUST10059,Webcam,Accessories,West,Online,Rep_12,2,4884,0.02,9572.64,7714.85,1857.79,19.41,Debit Card,4.2,Yes,2026-02
ORD103782,2026-02-11,CUST10059,Tablet,Mobile,West,Partner,Rep_05,4,32276,0.08,118775.68,83515.59,35260.09,29.69,Net Banking,3.2,No,2026-02
ORD102672,2026-02-12,CUST10423,Monitor,Accessories,North,Online,Rep_13,6,27491,0.05,156698.7,109361.66,47337.04,30.21,Net Banking,3.6,No,2026-02
ORD103698,2026-02-12,CUST10361,Mouse,Accessories,South,Retail Store,Rep_15,3,2101,0.08,5798.76,4321.77,1476.99,25.47,UPI,3.0,No,2026-02
ORD104862,2026-02-12,CUST10632,Printer,Office,Central,Partner,Rep_18,2,12706,0.15,21600.2,20791.15,809.05,3.75,Debit Card,4.9,No,2026-02
ORD100917,2026-02-12,CUST10208,Tablet,Mobile,West,Online,Rep_15,8,22381,0.1,161143.2,139890.49,21252.71,13.19,Net Banking,4.3,No,2026-02
ORD104467,2026-02-13,CUST10732,Smartphone,Mobile,Central,Online,Rep_03,6,54276,0.0,325656.0,285169.91,40486.09,12.43,Net Banking,3.1,Yes,2026-02
ORD104194,2026-02-13,CUST10167,Headphones,Audio,West,Retail Store,Rep_15,6,11422,0.05,65105.4,44084.35,21021.05,32.29,Credit Card,4.7,No,2026-02
ORD103971,2026-02-13,CUST10273,Smartwatch,Wearables,Central,Online,Rep_12,4,14935,0.08,54960.8,43362.21,11598.59,21.1,UPI,3.2,No,2026-02
ORD103076,2026-02-13,CUST10691,Webcam,Accessories,South,Partner,Rep_01,2,6786,0.15,11536.2,9115.21,2420.99,20.99,Debit Card,2.7,Yes,2026-02
ORD104708,2026-02-13,CUST10059,Smartphone,Mobile,East,Online,Rep_12,3,19083,0.1,51524.1,49811.82,1712.28,3.32,Debit Card,5.0,No,2026-02
ORD103615,2026-02-13,CUST10091,Tablet,Mobile,West,Partner,Rep_08,6,19454,0.0,116724.0,81249.65,35474.35,30.39,Credit Card,4.1,No,2026-02
ORD100448,2026-02-13,CUST10713,Headphones,Audio,East,Online,Rep_03,5,10243,0.02,50190.7,38310.36,11880.34,23.67,UPI,3.3,No,2026-02
ORD101323,2026-02-13,CUST10542,Webcam,Accessories,East,Online,Rep_10,4,5225,0.02,20482.0,13174.06,7307.94,35.68,Debit Card,4.3,No,2026-02
ORD100191,2026-02-13,CUST10330,Laptop,Computers,West,Partner,Rep_15,2,55719,0.08,102522.96,87225.03,15297.93,14.92,Credit Card,3.0,No,2026-02
ORD102335,2026-02-13,CUST10689,Smartphone,Mobile,South,Online,Rep_12,7,59634,0.08,384042.96,350989.61,33053.35,8.61,Debit Card,3.4,No,2026-02
ORD103299,2026-02-13,CUST10013,Tablet,Mobile,West,Online,Rep_13,6,41776,0.0,250656.0,161428.15,89227.85,35.6,Credit Card,4.7,No,2026-02
ORD104973,2026-02-14,CUST10356,Keyboard,Accessories,West,Online,Rep_08,4,931,0.05,3537.8,3008.11,529.69,14.97,UPI,4.0,No,2026-02
ORD102427,2026-02-14,CUST10455,Smartphone,Mobile,West,Online,Rep_02,3,41161,0.02,121013.34,96435.88,24577.46,20.31,Debit Card,3.6,No,2026-02
ORD104262,2026-02-14,CUST10577,Webcam,Accessories,East,Online,Rep_18,6,8405,0.15,42865.5,39404.48,3461.02,8.07,Credit Card,3.3,No,2026-02
ORD103276,2026-02-14,CUST10217,Printer,Office,Central,Online,Rep_20,2,18850,0.02,36946.0,33154.47,3791.53,10.26,UPI,4.2,No,2026-02
ORD100074,2026-02-14,CUST10194,Printer,Office,Central,Online,Rep_05,5,11429,0.0,57145.0,47749.38,9395.62,16.44,UPI,3.3,No,2026-02
ORD102056,2026-02-14,CUST10707,Mouse,Accessories,North,Online,Rep_08,2,1011,0.1,1819.8,1413.52,406.28,22.33,Net Banking,4.9,No,2026-02
ORD104837,2026-02-14,CUST10118,Tablet,Mobile,South,Partner,Rep_11,7,54665,0.02,375001.9,290641.85,84360.05,22.5,UPI,3.6,No,2026-02
ORD100142,2026-02-14,CUST10701,Smartphone,Mobile,Central,Online,Rep_08,6,47719,0.05,271998.3,188641.51,83356.79,30.65,Net Banking,3.6,No,2026-02
ORD103814,2026-02-14,CUST10578,Mouse,Accessories,Central,Partner,Rep_05,4,870,0.02,3410.4,2474.3,936.1,27.45,UPI,3.0,No,2026-02
ORD103140,2026-02-14,CUST10604,Laptop,Computers,Central,Partner,Rep_12,6,95387,0.02,560875.56,366008.06,194867.5,34.74,Credit Card,3.9,No,2026-02
ORD103157,2026-02-15,CUST10413,Smartwatch,Wearables,South,Online,Rep_12,5,22423,0.0,112115.0,90729.98,21385.02,19.07,UPI,3.0,No,2026-02
ORD101700,2026-02-15,CUST10040,Keyboard,Accessories,South,Online,Rep_03,5,4228,0.05,20083.0,17937.42,2145.58,10.68,Debit Card,3.9,No,2026-02
ORD100626,2026-02-15,CUST10113,Tablet,Mobile,North,Partner,Rep_10,7,19266,0.0,134862.0,94722.49,40139.51,29.76,Credit Card,4.2,No,2026-02
ORD102706,2026-02-15,CUST10722,Printer,Office,East,Retail Store,Rep_01,4,21077,0.0,84308.0,54511.9,29796.1,35.34,Cash,3.6,Yes,2026-02
ORD103325,2026-02-15,CUST10322,Headphones,Audio,West,Online,Rep_04,4,6457,0.08,23761.76,19858.78,3902.98,16.43,UPI,4.8,No,2026-02
ORD102233,2026-02-15,CUST10553,Webcam,Accessories,Central,Online,Rep_08,3,3005,0.1,8113.5,5709.26,2404.24,29.63,Debit Card,4.1,No,2026-02
ORD104209,2026-02-16,CUST10333,Laptop,Computers,West,Online,Rep_20,5,68638,0.0,343190.0,227863.97,115326.03,33.6,Credit Card,4.3,No,2026-02
ORD101236,2026-02-16,CUST10167,Tablet,Mobile,South,Online,Rep_12,8,38354,0.0,306832.0,217293.68,89538.32,29.18,Debit Card,4.8,No,2026-02
ORD100449,2026-02-16,CUST10407,Tablet,Mobile,North,Partner,Rep_13,7,44621,0.05,296729.65,270962.76,25766.89,8.68,UPI,5.0,No,2026-02
ORD102628,2026-02-16,CUST10320,Mouse,Accessories,Central,Retail Store,Rep_09,1,2499,0.02,2449.02,1655.71,793.31,32.39,Net Banking,4.3,No,2026-02
ORD103440,2026-02-16,CUST10393,Smartwatch,Wearables,West,Retail Store,Rep_01,4,10769,0.15,36614.6,28187.35,8427.25,23.02,UPI,4.3,No,2026-02
ORD100637,2026-02-16,CUST10085,Keyboard,Accessories,North,Retail Store,Rep_05,8,1435,0.0,11480.0,9147.44,2332.56,20.32,Debit Card,3.6,No,2026-02
ORD104484,2026-02-16,CUST10249,Keyboard,Accessories,South,Online,Rep_17,4,2844,0.02,11148.48,10000.79,1147.69,10.29,Cash,3.2,No,2026-02
ORD100956,2026-02-16,CUST10328,Tablet,Mobile,East,Online,Rep_18,7,33981,0.0,237867.0,179804.25,58062.75,24.41,Debit Card,3.5,Yes,2026-02
ORD102300,2026-02-16,CUST10493,Tablet,Mobile,West,Retail Store,Rep_20,8,39989,0.05,303916.4,209822.48,94093.92,30.96,UPI,3.3,No,2026-02
ORD104364,2026-02-16,CUST10531,Keyboard,Accessories,West,Retail Store,Rep_05,4,1087,0.02,4261.04,3090.19,1170.85,27.48,Credit Card,3.8,No,2026-02
ORD100706,2026-02-16,CUST10189,Smartwatch,Wearables,Central,Retail Store,Rep_05,4,8406,0.08,30934.08,24748.14,6185.94,20.0,Net Banking,4.9,No,2026-02
ORD103786,2026-02-16,CUST10438,Laptop,Computers,West,Online,Rep_02,3,107793,0.0,323379.0,263198.81,60180.19,18.61,UPI,4.6,No,2026-02
ORD101686,2026-02-17,CUST10727,Webcam,Accessories,Central,Online,Rep_16,8,3086,0.02,24194.24,21433.56,2760.68,11.41,Net Banking,4.1,No,2026-02
ORD103400,2026-02-17,CUST10674,Keyboard,Accessories,West,Retail Store,Rep_19,5,1110,0.05,5272.5,3819.42,1453.08,27.56,Credit Card,3.6,No,2026-02
ORD104300,2026-02-17,CUST10608,Keyboard,Accessories,North,Partner,Rep_11,4,4440,0.08,16339.2,13021.59,3317.61,20.3,Debit Card,5.0,No,2026-02
ORD100942,2026-02-17,CUST10343,Keyboard,Accessories,West,Online,Rep_16,5,2069,0.08,9517.4,6596.21,2921.19,30.69,Credit Card,3.8,No,2026-02
ORD101226,2026-02-17,CUST10649,Mouse,Accessories,Central,Partner,Rep_19,3,2152,0.1,5810.4,5277.78,532.62,9.17,Cash,4.3,No,2026-02
ORD104531,2026-02-17,CUST10072,Smartphone,Mobile,East,Online,Rep_07,8,32457,0.05,246673.2,184627.1,62046.1,25.15,Debit Card,4.5,No,2026-02
ORD103087,2026-02-17,CUST10397,Monitor,Accessories,East,Retail Store,Rep_08,5,27154,0.08,124908.4,106462.15,18446.25,14.77,Credit Card,2.7,No,2026-02
ORD102446,2026-02-17,CUST10106,Tablet,Mobile,South,Online,Rep_19,5,47503,0.2,190012.0,155617.14,34394.86,18.1,Net Banking,4.0,No,2026-02
ORD102851,2026-02-17,CUST10348,Mouse,Accessories,South,Retail Store,Rep_13,7,1014,0.05,6743.1,4974.77,1768.33,26.22,Debit Card,4.6,No,2026-02
ORD100143,2026-02-18,CUST10489,Monitor,Accessories,West,Online,Rep_13,3,18258,0.02,53678.52,38516.68,15161.84,28.25,UPI,3.9,Yes,2026-02
ORD100291,2026-02-18,CUST10076,Laptop,Computers,East,Online,Rep_11,4,75279,0.0,301116.0,204777.98,96338.02,31.99,Credit Card,3.7,Yes,2026-02
ORD102027,2026-02-18,CUST10594,Headphones,Audio,Central,Partner,Rep_08,7,3204,0.05,21306.6,19654.37,1652.23,7.75,Debit Card,3.3,No,2026-02
ORD104954,2026-02-18,CUST10417,Mouse,Accessories,North,Online,Rep_08,5,688,0.08,3164.8,2150.16,1014.64,32.06,UPI,3.3,No,2026-02
ORD101977,2026-02-18,CUST10612,Smartphone,Mobile,Central,Online,Rep_14,6,40843,0.05,232805.1,183533.99,49271.11,21.16,Credit Card,4.8,No,2026-02
ORD104675,2026-02-18,CUST10221,Monitor,Accessories,East,Online,Rep_14,7,9819,0.08,63234.36,55075.05,8159.31,12.9,UPI,3.4,No,2026-02
ORD103307,2026-02-18,CUST10249,Tablet,Mobile,North,Retail Store,Rep_08,4,32762,0.15,111390.8,98799.42,12591.38,11.3,UPI,4.7,No,2026-02
ORD101094,2026-02-19,CUST10039,Keyboard,Accessories,West,Retail Store,Rep_11,4,2553,0.08,9395.04,6491.29,2903.75,30.91,UPI,4.0,No,2026-02
ORD100650,2026-02-19,CUST10100,Monitor,Accessories,East,Retail Store,Rep_12,4,23592,0.1,84931.2,75951.95,8979.25,10.57,Debit Card,4.4,Yes,2026-02
ORD104422,2026-02-19,CUST10301,Smartwatch,Wearables,East,Online,Rep_15,7,6960,0.0,48720.0,39709.48,9010.52,18.49,Credit Card,3.7,No,2026-02
ORD101756,2026-02-19,CUST10187,Printer,Office,West,Partner,Rep_03,4,26717,0.02,104730.64,76077.84,28652.8,27.36,Credit Card,3.4,No,2026-02
ORD103799,2026-02-19,CUST10292,Smartphone,Mobile,Central,Partner,Rep_14,2,26676,0.08,49083.84,34542.1,14541.74,29.63,UPI,3.9,No,2026-02
ORD100280,2026-02-19,CUST10712,Printer,Office,North,Online,Rep_16,8,27636,0.08,203400.96,182502.32,20898.64,10.27,Net Banking,4.3,Yes,2026-02
ORD102832,2026-02-19,CUST10727,Mouse,Accessories,Central,Online,Rep_10,3,2227,0.08,6146.52,4485.94,1660.58,27.02,Net Banking,4.1,No,2026-02
ORD101212,2026-02-19,CUST10549,Monitor,Accessories,South,Online,Rep_13,2,21894,0.08,40284.96,32030.85,8254.11,20.49,Net Banking,3.8,No,2026-02
ORD101541,2026-02-19,CUST10603,Headphones,Audio,South,Retail Store,Rep_20,1,11731,0.05,11144.45,7533.2,3611.25,32.4,UPI,4.4,No,2026-02
ORD103488,2026-02-19,CUST10023,Laptop,Computers,North,Online,Rep_04,5,90461,0.0,452305.0,394126.4,58178.6,12.86,Credit Card,4.8,No,2026-02
ORD102480,2026-02-19,CUST10227,Printer,Office,North,Online,Rep_05,4,22767,0.08,83782.56,78465.99,5316.57,6.35,Credit Card,3.4,No,2026-02
ORD101442,2026-02-19,CUST10001,Laptop,Computers,East,Online,Rep_03,8,67815,0.15,461142.0,343067.21,118074.79,25.6,UPI,4.2,No,2026-02
ORD101468,2026-02-19,CUST10333,Monitor,Accessories,West,Online,Rep_16,2,24387,0.05,46335.3,34759.39,11575.91,24.98,Net Banking,3.7,No,2026-02
ORD100172,2026-02-20,CUST10177,Laptop,Computers,West,Partner,Rep_09,2,90085,0.08,165756.4,148871.03,16885.37,10.19,Net Banking,3.5,No,2026-02
ORD101809,2026-02-20,CUST10502,Smartphone,Mobile,North,Online,Rep_18,4,23653,0.08,87043.04,62586.99,24456.05,28.1,Net Banking,3.1,No,2026-02
ORD103095,2026-02-20,CUST10111,Smartphone,Mobile,Central,Online,Rep_01,5,45067,0.15,191534.75,193464.2,-1929.45,-1.01,UPI,4.0,No,2026-02
ORD101993,2026-02-20,CUST10152,Mouse,Accessories,South,Partner,Rep_20,2,1050,0.2,1680.0,1383.33,296.67,17.66,Cash,4.3,No,2026-02
ORD100491,2026-02-20,CUST10335,Monitor,Accessories,Central,Partner,Rep_09,3,18862,0.2,45268.8,37310.45,7958.35,17.58,Debit Card,3.9,No,2026-02
ORD102677,2026-02-20,CUST10432,Tablet,Mobile,South,Online,Rep_12,2,53006,0.15,90110.2,76454.55,13655.65,15.15,Credit Card,3.1,No,2026-02
ORD101811,2026-02-20,CUST10202,Mouse,Accessories,West,Partner,Rep_20,8,1414,0.2,9049.6,7639.61,1409.99,15.58,UPI,3.9,No,2026-02
ORD101272,2026-02-20,CUST10534,Webcam,Accessories,East,Partner,Rep_04,3,7182,0.05,20468.7,13453.84,7014.86,34.27,Debit Card,3.1,No,2026-02
ORD103383,2026-02-20,CUST10274,Laptop,Computers,East,Partner,Rep_11,3,56671,0.05,161512.35,141562.88,19949.47,12.35,Credit Card,4.2,No,2026-02
ORD103200,2026-02-20,CUST10260,Monitor,Accessories,South,Partner,Rep_20,3,19881,0.0,59643.0,51067.21,8575.79,14.38,UPI,3.6,No,2026-02
ORD100564,2026-02-20,CUST10026,Laptop,Computers,West,Retail Store,Rep_12,3,51351,0.08,141728.76,100349.3,41379.46,29.2,UPI,3.1,No,2026-02
ORD104895,2026-02-20,CUST10579,Tablet,Mobile,Central,Partner,Rep_02,7,46902,0.15,279066.9,221925.05,57141.85,20.48,Net Banking,3.9,No,2026-02
ORD102581,2026-02-21,CUST10382,Smartphone,Mobile,South,Retail Store,Rep_08,8,42534,0.05,323258.4,232207.36,91051.04,28.17,Debit Card,3.5,No,2026-02
ORD103835,2026-02-21,CUST10100,Monitor,Accessories,East,Online,Rep_15,6,23934,0.08,132115.68,101747.4,30368.28,22.99,Debit Card,4.0,No,2026-02
ORD102159,2026-02-21,CUST10531,Monitor,Accessories,West,Partner,Rep_09,5,22720,0.15,96560.0,71038.2,25521.8,26.43,Net Banking,5.0,No,2026-02
ORD102536,2026-02-21,CUST10477,Printer,Office,Central,Retail Store,Rep_09,2,20307,0.1,36552.6,30977.02,5575.58,15.25,Debit Card,4.3,No,2026-02
ORD104977,2026-02-21,CUST10429,Smartphone,Mobile,Central,Online,Rep_18,2,43193,0.08,79475.12,71835.15,7639.97,9.61,Debit Card,4.3,No,2026-02
ORD104587,2026-02-21,CUST10081,Monitor,Accessories,Central,Online,Rep_10,5,12288,0.08,56524.8,48446.23,8078.57,14.29,Net Banking,2.4,No,2026-02
ORD102676,2026-02-21,CUST10072,Smartphone,Mobile,North,Online,Rep_04,2,32932,0.02,64546.72,54524.72,10022.0,15.53,Credit Card,3.6,No,2026-02
ORD102586,2026-02-21,CUST10322,Mouse,Accessories,South,Online,Rep_06,1,1355,0.08,1246.6,1081.23,165.37,13.27,Debit Card,4.4,No,2026-02
ORD102460,2026-02-21,CUST10276,Monitor,Accessories,East,Retail Store,Rep_14,4,13729,0.08,50522.72,36167.33,14355.39,28.41,Debit Card,4.3,No,2026-02
ORD102429,2026-02-21,CUST10668,Tablet,Mobile,South,Retail Store,Rep_05,7,15798,0.08,101739.12,82645.4,19093.72,18.77,UPI,4.4,Yes,2026-02
ORD104551,2026-02-21,CUST10265,Smartwatch,Wearables,West,Online,Rep_03,8,16730,0.15,113764.0,85965.25,27798.75,24.44,Credit Card,4.8,No,2026-02
ORD103527,2026-02-21,CUST10219,Smartwatch,Wearables,South,Online,Rep_06,2,21159,0.15,35970.3,27902.62,8067.68,22.43,Net Banking,4.5,No,2026-02
ORD103373,2026-02-21,CUST10427,Smartphone,Mobile,North,Partner,Rep_20,7,30491,0.05,202765.15,165949.3,36815.85,18.16,Credit Card,4.9,No,2026-02
ORD102916,2026-02-21,CUST10121,Mouse,Accessories,South,Online,Rep_18,5,542,0.05,2574.5,2226.35,348.15,13.52,Credit Card,4.2,No,2026-02
ORD102618,2026-02-21,CUST10688,Smartphone,Mobile,Central,Retail Store,Rep_05,4,26322,0.08,96864.96,85864.71,11000.25,11.36,Debit Card,3.5,No,2026-02
ORD102020,2026-02-22,CUST10241,Mouse,Accessories,East,Online,Rep_12,5,416,0.1,1872.0,1383.49,488.51,26.1,Debit Card,3.6,No,2026-02
ORD103531,2026-02-22,CUST10473,Smartphone,Mobile,South,Partner,Rep_16,8,15421,0.05,117199.6,83781.16,33418.44,28.51,UPI,4.2,No,2026-02
ORD104118,2026-02-22,CUST10464,Monitor,Accessories,North,Online,Rep_19,4,13257,0.08,48785.76,42469.35,6316.41,12.95,Debit Card,5.0,No,2026-02
ORD104065,2026-02-22,CUST10295,Webcam,Accessories,West,Retail Store,Rep_03,1,4309,0.1,3878.1,3643.79,234.31,6.04,UPI,3.5,No,2026-02
ORD100487,2026-02-22,CUST10036,Laptop,Computers,East,Retail Store,Rep_14,7,92346,0.08,594708.24,526583.86,68124.38,11.46,UPI,4.0,No,2026-02
ORD101567,2026-02-22,CUST10462,Mouse,Accessories,West,Retail Store,Rep_03,8,1245,0.05,9462.0,8293.01,1168.99,12.35,Credit Card,3.0,No,2026-02
ORD102208,2026-02-22,CUST10324,Printer,Office,East,Online,Rep_02,6,9049,0.05,51579.3,33974.87,17604.43,34.13,Credit Card,3.9,Yes,2026-02
ORD101991,2026-02-23,CUST10240,Headphones,Audio,East,Retail Store,Rep_15,2,7531,0.0,15062.0,10849.63,4212.37,27.97,Debit Card,3.7,No,2026-02
ORD104001,2026-02-23,CUST10390,Keyboard,Accessories,South,Retail Store,Rep_11,1,3975,0.1,3577.5,2732.9,844.6,23.61,Debit Card,2.6,No,2026-02
ORD103639,2026-02-23,CUST10079,Tablet,Mobile,East,Retail Store,Rep_08,3,19379,0.05,55230.15,50666.44,4563.71,8.26,UPI,3.4,No,2026-02
ORD100414,2026-02-23,CUST10667,Keyboard,Accessories,West,Retail Store,Rep_08,5,3810,0.1,17145.0,12732.19,4412.81,25.74,UPI,3.1,No,2026-02
ORD101387,2026-02-23,CUST10262,Headphones,Audio,Central,Retail Store,Rep_11,3,4744,0.0,14232.0,10046.83,4185.17,29.41,Credit Card,3.5,No,2026-02
ORD101253,2026-02-23,CUST10300,Smartphone,Mobile,North,Partner,Rep_18,4,26105,0.08,96066.4,66461.34,29605.06,30.82,Debit Card,2.5,No,2026-02
ORD103970,2026-02-24,CUST10062,Monitor,Accessories,South,Online,Rep_06,8,25117,0.05,190889.2,155490.27,35398.93,18.54,Debit Card,3.5,No,2026-02
ORD102911,2026-02-24,CUST10459,Smartphone,Mobile,South,Online,Rep_02,6,43929,0.05,250395.3,222900.89,27494.41,10.98,UPI,2.5,No,2026-02
ORD100226,2026-02-24,CUST10742,Smartphone,Mobile,Central,Retail Store,Rep_08,4,19990,0.08,73563.2,50595.08,22968.12,31.22,Credit Card,3.7,No,2026-02
ORD101885,2026-02-24,CUST10511,Smartphone,Mobile,Central,Online,Rep_20,4,29018,0.0,116072.0,72852.05,43219.95,37.24,UPI,3.2,No,2026-02
ORD102160,2026-02-24,CUST10016,Headphones,Audio,North,Retail Store,Rep_08,3,6323,0.0,18969.0,15013.92,3955.08,20.85,Credit Card,3.8,No,2026-02
ORD100525,2026-02-24,CUST10696,Printer,Office,West,Partner,Rep_09,6,13936,0.05,79435.2,54715.15,24720.05,31.12,UPI,4.3,No,2026-02
ORD102829,2026-02-24,CUST10544,Monitor,Accessories,South,Retail Store,Rep_01,6,13871,0.2,66580.8,51860.54,14720.26,22.11,Cash,4.3,No,2026-02
ORD100296,2026-02-24,CUST10560,Keyboard,Accessories,South,Retail Store,Rep_04,6,3417,0.08,18861.84,16150.13,2711.71,14.38,Credit Card,3.0,Yes,2026-02
ORD101186,2026-02-24,CUST10341,Smartwatch,Wearables,Central,Online,Rep_13,4,24637,0.1,88693.2,68402.27,20290.93,22.88,Debit Card,4.1,No,2026-02
ORD103443,2026-02-24,CUST10315,Smartphone,Mobile,West,Retail Store,Rep_18,6,29445,0.02,173136.6,117672.67,55463.93,32.03,Debit Card,4.3,No,2026-02
ORD100272,2026-02-24,CUST10531,Printer,Office,South,Retail Store,Rep_15,6,25617,0.15,130646.7,132182.55,-1535.85,-1.18,Credit Card,4.6,No,2026-02
ORD104034,2026-02-24,CUST10488,Smartwatch,Wearables,Central,Retail Store,Rep_05,4,19383,0.0,77532.0,66506.91,11025.09,14.22,UPI,2.4,No,2026-02
ORD102451,2026-02-24,CUST10258,Smartphone,Mobile,West,Online,Rep_08,8,52828,0.08,388814.08,306830.59,81983.49,21.09,Credit Card,4.8,No,2026-02
ORD103546,2026-02-25,CUST10508,Smartphone,Mobile,East,Partner,Rep_14,6,31771,0.08,175375.92,157195.1,18180.82,10.37,UPI,4.5,No,2026-02
ORD101402,2026-02-25,CUST10520,Smartphone,Mobile,North,Online,Rep_14,4,40348,0.05,153322.4,141585.75,11736.65,7.65,Credit Card,2.7,No,2026-02
ORD100670,2026-02-25,CUST10206,Smartphone,Mobile,West,Online,Rep_06,7,36405,0.05,242093.25,205231.32,36861.93,15.23,Debit Card,3.6,No,2026-02
ORD102002,2026-02-25,CUST10391,Smartphone,Mobile,North,Partner,Rep_11,1,59094,0.15,50229.9,51873.8,-1643.9,-3.27,UPI,4.2,No,2026-02
ORD102510,2026-02-25,CUST10141,Webcam,Accessories,North,Partner,Rep_20,4,2224,0.05,8451.2,5718.95,2732.25,32.33,Credit Card,3.9,No,2026-02
ORD104416,2026-02-25,CUST10558,Monitor,Accessories,South,Online,Rep_16,8,23907,0.02,187430.88,125979.62,61451.26,32.79,UPI,3.8,No,2026-02
ORD102704,2026-02-25,CUST10203,Laptop,Computers,South,Retail Store,Rep_16,4,67575,0.1,243270.0,194331.26,48938.74,20.12,UPI,4.0,No,2026-02
ORD100178,2026-02-25,CUST10665,Tablet,Mobile,West,Online,Rep_02,6,34731,0.2,166708.8,143769.99,22938.81,13.76,UPI,2.9,No,2026-02
ORD101796,2026-02-26,CUST10457,Laptop,Computers,West,Online,Rep_05,5,67645,0.15,287491.25,277467.63,10023.62,3.49,Cash,4.9,No,2026-02
ORD100026,2026-02-26,CUST10347,Headphones,Audio,West,Partner,Rep_10,8,4528,0.15,30790.4,26429.86,4360.54,14.16,Net Banking,4.4,No,2026-02
ORD104583,2026-02-26,CUST10299,Headphones,Audio,East,Online,Rep_13,2,7690,0.0,15380.0,12322.63,3057.37,19.88,Cash,4.1,No,2026-02
ORD104888,2026-02-26,CUST10271,Mouse,Accessories,East,Online,Rep_15,5,2090,0.05,9927.5,6508.22,3419.28,34.44,Credit Card,4.0,No,2026-02
ORD100208,2026-02-26,CUST10174,Mouse,Accessories,South,Retail Store,Rep_20,3,1348,0.02,3963.12,2903.66,1059.46,26.73,Net Banking,3.9,No,2026-02
ORD101489,2026-02-26,CUST10223,Tablet,Mobile,North,Retail Store,Rep_19,6,32924,0.08,181740.48,138228.07,43512.41,23.94,UPI,3.3,No,2026-02
ORD100075,2026-02-26,CUST10518,Headphones,Audio,Central,Partner,Rep_17,1,1671,0.05,1587.45,1399.9,187.55,11.81,Debit Card,3.8,Yes,2026-02
ORD101762,2026-02-26,CUST10006,Printer,Office,East,Online,Rep_18,2,25352,0.02,49689.92,42520.27,7169.65,14.43,UPI,5.0,No,2026-02
ORD100960,2026-02-26,CUST10395,Headphones,Audio,South,Retail Store,Rep_08,6,10631,0.1,57407.4,53676.25,3731.15,6.5,UPI,3.5,No,2026-02
ORD103135,2026-02-27,CUST10188,Smartphone,Mobile,South,Online,Rep_10,7,52230,0.05,347329.5,318961.37,28368.13,8.17,UPI,3.8,No,2026-02
ORD102617,2026-02-27,CUST10118,Tablet,Mobile,South,Online,Rep_06,8,49477,0.1,356234.4,286295.13,69939.27,19.63,Credit Card,3.9,No,2026-02
ORD101060,2026-02-27,CUST10453,Mouse,Accessories,East,Retail Store,Rep_15,2,466,0.05,885.4,599.58,285.82,32.28,Debit Card,3.8,No,2026-02
ORD100389,2026-02-27,CUST10241,Headphones,Audio,East,Online,Rep_07,8,4611,0.0,36888.0,30380.56,6507.44,17.64,Debit Card,3.7,Yes,2026-02
ORD101638,2026-02-27,CUST10607,Smartphone,Mobile,North,Retail Store,Rep_04,4,46836,0.15,159242.4,118140.72,41101.68,25.81,Cash,3.6,No,2026-02
ORD104038,2026-02-27,CUST10651,Printer,Office,West,Retail Store,Rep_12,5,22045,0.05,104713.75,94828.44,9885.31,9.44,UPI,3.5,No,2026-02
ORD103561,2026-02-27,CUST10142,Tablet,Mobile,South,Online,Rep_15,4,20494,0.05,77877.2,70534.58,7342.62,9.43,Cash,3.3,No,2026-02
ORD103445,2026-02-28,CUST10206,Smartwatch,Wearables,Central,Partner,Rep_05,1,17786,0.15,15118.1,15369.75,-251.65,-1.66,Credit Card,4.1,No,2026-02
ORD103927,2026-02-28,CUST10538,Mouse,Accessories,West,Partner,Rep_10,2,1156,0.1,2080.8,1662.89,417.91,20.08,UPI,4.1,No,2026-02
ORD101161,2026-02-28,CUST10376,Printer,Office,South,Online,Rep_05,2,16751,0.05,31826.9,21848.01,9978.89,31.35,Net Banking,4.0,Yes,2026-02
ORD100393,2026-02-28,CUST10109,Tablet,Mobile,South,Partner,Rep_03,1,51160,0.1,46044.0,38259.18,7784.82,16.91,Credit Card,4.7,No,2026-02
ORD104475,2026-02-28,CUST10444,Mouse,Accessories,West,Online,Rep_05,7,1230,0.05,8179.5,7468.51,710.99,8.69,UPI,3.8,No,2026-02
ORD103680,2026-02-28,CUST10723,Monitor,Accessories,East,Online,Rep_06,6,19497,0.02,114642.36,102096.37,12545.99,10.94,UPI,5.0,No,2026-02
ORD103726,2026-03-01,CUST10642,Smartwatch,Wearables,East,Online,Rep_15,4,20234,0.08,74461.12,62349.63,12111.49,16.27,UPI,3.1,No,2026-03
ORD101747,2026-03-01,CUST10438,Laptop,Computers,Central,Partner,Rep_11,1,77351,0.2,61880.8,51175.63,10705.17,17.3,UPI,4.1,No,2026-03
ORD100965,2026-03-01,CUST10049,Smartphone,Mobile,South,Online,Rep_18,7,41672,0.0,291704.0,195867.15,95836.85,32.85,Net Banking,4.8,No,2026-03
ORD102971,2026-03-01,CUST10211,Tablet,Mobile,East,Partner,Rep_19,6,24074,0.15,122777.4,100166.76,22610.64,18.42,Credit Card,4.7,No,2026-03
ORD102762,2026-03-01,CUST10058,Laptop,Computers,East,Online,Rep_03,1,61519,0.1,55367.1,38294.55,17072.55,30.84,UPI,4.2,No,2026-03
ORD100234,2026-03-01,CUST10297,Monitor,Accessories,South,Online,Rep_09,6,8412,0.1,45424.8,36610.07,8814.73,19.41,UPI,3.4,No,2026-03
ORD100704,2026-03-01,CUST10215,Smartphone,Mobile,South,Online,Rep_03,4,20628,0.0,82512.0,69731.18,12780.82,15.49,Debit Card,4.2,No,2026-03
ORD101892,2026-03-02,CUST10233,Monitor,Accessories,South,Online,Rep_12,1,26957,0.1,24261.3,23486.56,774.74,3.19,Debit Card,4.2,No,2026-03
ORD104941,2026-03-02,CUST10228,Tablet,Mobile,South,Retail Store,Rep_11,2,22351,0.08,41125.84,38157.61,2968.23,7.22,Debit Card,4.2,No,2026-03
ORD100727,2026-03-02,CUST10739,Smartphone,Mobile,North,Online,Rep_04,5,54353,0.0,271765.0,215556.01,56208.99,20.68,Net Banking,3.6,No,2026-03
ORD101810,2026-03-02,CUST10679,Laptop,Computers,North,Retail Store,Rep_03,4,61000,0.0,244000.0,185349.81,58650.19,24.04,UPI,4.5,No,2026-03
ORD104825,2026-03-02,CUST10143,Keyboard,Accessories,West,Online,Rep_16,5,2113,0.05,10036.75,9056.95,979.8,9.76,Cash,4.7,No,2026-03
ORD104908,2026-03-02,CUST10475,Smartphone,Mobile,South,Retail Store,Rep_14,3,33622,0.1,90779.4,82334.02,8445.38,9.3,UPI,2.8,No,2026-03
ORD100606,2026-03-02,CUST10396,Monitor,Accessories,South,Online,Rep_09,6,29867,0.0,179202.0,117047.54,62154.46,34.68,Debit Card,3.7,No,2026-03
ORD101986,2026-03-02,CUST10211,Laptop,Computers,North,Retail Store,Rep_11,4,71559,0.0,286236.0,189756.27,96479.73,33.71,UPI,4.7,No,2026-03
ORD104650,2026-03-02,CUST10045,Smartphone,Mobile,North,Online,Rep_09,3,42664,0.1,115192.8,96271.58,18921.22,16.43,Debit Card,5.0,No,2026-03
ORD100359,2026-03-02,CUST10601,Smartwatch,Wearables,North,Retail Store,Rep_10,1,7806,0.1,7025.4,6469.4,556.0,7.91,UPI,4.0,No,2026-03
ORD102509,2026-03-03,CUST10540,Printer,Office,South,Partner,Rep_01,5,16709,0.0,83545.0,60944.78,22600.22,27.05,UPI,4.1,No,2026-03
ORD101529,2026-03-03,CUST10520,Printer,Office,Central,Online,Rep_05,8,21262,0.02,166694.08,111223.09,55470.99,33.28,Debit Card,3.3,No,2026-03
ORD102728,2026-03-03,CUST10604,Smartphone,Mobile,East,Online,Rep_08,3,44766,0.0,134298.0,88011.48,46286.52,34.47,Net Banking,3.8,No,2026-03
ORD102521,2026-03-03,CUST10308,Mouse,Accessories,West,Online,Rep_03,4,553,0.15,1880.2,1650.07,230.13,12.24,UPI,4.0,No,2026-03
ORD102847,2026-03-03,CUST10276,Headphones,Audio,North,Retail Store,Rep_09,4,4924,0.05,18711.2,15552.95,3158.25,16.88,Debit Card,4.5,No,2026-03
ORD103291,2026-03-03,CUST10145,Laptop,Computers,South,Retail Store,Rep_20,5,66261,0.05,314739.75,209789.84,104949.91,33.34,UPI,4.2,No,2026-03
ORD104301,2026-03-03,CUST10093,Laptop,Computers,East,Online,Rep_01,2,100654,0.05,191242.6,161098.16,30144.44,15.76,UPI,4.0,No,2026-03
ORD104681,2026-03-03,CUST10424,Smartphone,Mobile,East,Online,Rep_09,3,34235,0.08,94488.6,69594.82,24893.78,26.35,Debit Card,5.0,No,2026-03
ORD102827,2026-03-03,CUST10210,Headphones,Audio,North,Online,Rep_20,4,4152,0.05,15777.6,12947.73,2829.87,17.94,Debit Card,4.6,No,2026-03
ORD104595,2026-03-03,CUST10478,Monitor,Accessories,Central,Partner,Rep_04,1,11667,0.05,11083.65,9443.38,1640.27,14.8,UPI,4.0,No,2026-03
ORD101270,2026-03-04,CUST10038,Tablet,Mobile,West,Retail Store,Rep_02,1,33453,0.0,33453.0,27220.62,6232.38,18.63,UPI,3.3,No,2026-03
ORD102238,2026-03-04,CUST10232,Smartphone,Mobile,North,Online,Rep_11,2,63895,0.08,117566.8,108441.95,9124.85,7.76,UPI,4.6,No,2026-03
ORD104459,2026-03-04,CUST10583,Monitor,Accessories,East,Partner,Rep_15,3,21683,0.05,61796.55,55128.66,6667.89,10.79,Net Banking,4.3,No,2026-03
ORD100302,2026-03-04,CUST10680,Keyboard,Accessories,North,Online,Rep_12,2,4279,0.05,8130.1,5601.57,2528.53,31.1,Debit Card,3.2,No,2026-03
ORD101465,2026-03-04,CUST10585,Smartwatch,Wearables,East,Online,Rep_16,5,23070,0.0,115350.0,84929.37,30420.63,26.37,Debit Card,3.8,No,2026-03
ORD102508,2026-03-04,CUST10381,Monitor,Accessories,South,Online,Rep_01,6,29857,0.05,170184.9,143919.44,26265.46,15.43,UPI,3.6,No,2026-03
ORD100430,2026-03-04,CUST10001,Smartphone,Mobile,East,Retail Store,Rep_20,6,47432,0.08,261824.64,183994.09,77830.55,29.73,Debit Card,3.8,No,2026-03
ORD103742,2026-03-04,CUST10385,Printer,Office,South,Online,Rep_06,5,8633,0.1,38848.5,37602.94,1245.56,3.21,Credit Card,3.5,No,2026-03
ORD103028,2026-03-04,CUST10168,Mouse,Accessories,North,Retail Store,Rep_11,6,1680,0.0,10080.0,7133.02,2946.98,29.24,Cash,3.3,No,2026-03
ORD104784,2026-03-04,CUST10058,Tablet,Mobile,Central,Online,Rep_15,2,43310,0.02,84887.6,65825.41,19062.19,22.46,UPI,3.7,No,2026-03
ORD100236,2026-03-05,CUST10209,Headphones,Audio,West,Partner,Rep_07,7,6577,0.05,43737.05,30407.4,13329.65,30.48,Net Banking,3.4,No,2026-03
ORD101044,2026-03-05,CUST10519,Mouse,Accessories,West,Online,Rep_02,8,607,0.0,4856.0,3643.37,1212.63,24.97,Cash,2.9,No,2026-03
ORD103089,2026-03-05,CUST10351,Keyboard,Accessories,West,Partner,Rep_06,2,1568,0.1,2822.4,2258.99,563.41,19.96,Credit Card,3.9,Yes,2026-03
ORD100394,2026-03-05,CUST10280,Headphones,Audio,West,Online,Rep_09,4,11384,0.02,44625.28,36175.02,8450.26,18.94,Debit Card,4.0,No,2026-03
ORD100866,2026-03-05,CUST10137,Keyboard,Accessories,South,Online,Rep_18,4,2920,0.02,11446.4,7974.9,3471.5,30.33,Credit Card,4.0,No,2026-03
ORD103308,2026-03-05,CUST10410,Laptop,Computers,West,Retail Store,Rep_01,6,95245,0.05,542896.5,381079.99,161816.51,29.81,UPI,4.1,No,2026-03
ORD100891,2026-03-06,CUST10028,Headphones,Audio,Central,Retail Store,Rep_16,1,3479,0.05,3305.05,2411.66,893.39,27.03,Net Banking,2.8,No,2026-03
ORD104361,2026-03-06,CUST10009,Laptop,Computers,Central,Online,Rep_11,5,51782,0.2,207128.0,209957.19,-2829.19,-1.37,Net Banking,3.7,No,2026-03
ORD104166,2026-03-06,CUST10486,Tablet,Mobile,North,Online,Rep_19,5,46171,0.2,184684.0,144315.11,40368.89,21.86,Debit Card,3.9,No,2026-03
ORD104891,2026-03-07,CUST10572,Tablet,Mobile,West,Partner,Rep_06,6,21093,0.05,113902.2,107134.63,6767.57,5.94,Credit Card,3.8,No,2026-03
ORD104970,2026-03-07,CUST10047,Monitor,Accessories,South,Online,Rep_15,3,20898,0.05,59559.3,43013.46,16545.84,27.78,Cash,4.5,No,2026-03
ORD103729,2026-03-07,CUST10481,Smartphone,Mobile,North,Online,Rep_07,4,47415,0.02,185866.8,154226.19,31640.61,17.02,UPI,4.0,No,2026-03
ORD102241,2026-03-07,CUST10300,Printer,Office,East,Online,Rep_01,1,17469,0.05,16595.55,11338.97,5256.58,31.67,Debit Card,4.3,No,2026-03
ORD102414,2026-03-07,CUST10224,Laptop,Computers,South,Retail Store,Rep_02,2,48931,0.15,83182.7,78218.17,4964.53,5.97,Net Banking,3.4,No,2026-03
ORD104494,2026-03-07,CUST10234,Printer,Office,North,Online,Rep_19,2,13005,0.05,24709.5,17045.11,7664.39,31.02,Credit Card,4.0,No,2026-03
ORD102948,2026-03-07,CUST10402,Monitor,Accessories,South,Retail Store,Rep_06,4,17778,0.1,64000.8,52336.68,11664.12,18.22,Credit Card,4.6,No,2026-03
ORD102437,2026-03-07,CUST10057,Tablet,Mobile,West,Online,Rep_20,5,40053,0.05,190251.75,151158.19,39093.56,20.55,Credit Card,4.2,No,2026-03
ORD101808,2026-03-07,CUST10641,Smartphone,Mobile,South,Partner,Rep_01,4,16120,0.05,61256.0,56681.33,4574.67,7.47,Net Banking,3.6,No,2026-03
ORD100707,2026-03-08,CUST10161,Tablet,Mobile,South,Partner,Rep_03,3,46295,0.05,131940.75,119491.31,12449.44,9.44,UPI,4.0,No,2026-03
ORD101948,2026-03-08,CUST10606,Smartphone,Mobile,North,Retail Store,Rep_19,6,48748,0.1,263239.2,243926.44,19312.76,7.34,UPI,4.1,No,2026-03
ORD102996,2026-03-08,CUST10016,Webcam,Accessories,East,Partner,Rep_16,6,8075,0.05,46027.5,37969.51,8057.99,17.51,Credit Card,4.8,No,2026-03
ORD104304,2026-03-08,CUST10542,Keyboard,Accessories,East,Online,Rep_10,8,2795,0.1,20124.0,19114.82,1009.18,5.01,Debit Card,4.0,No,2026-03
ORD101361,2026-03-08,CUST10449,Webcam,Accessories,East,Partner,Rep_13,8,8197,0.1,59018.4,43968.89,15049.51,25.5,UPI,3.4,No,2026-03
ORD100990,2026-03-08,CUST10442,Printer,Office,West,Online,Rep_18,8,16007,0.1,115250.4,82409.0,32841.4,28.5,Debit Card,3.8,No,2026-03
ORD104418,2026-03-08,CUST10539,Laptop,Computers,Central,Retail Store,Rep_13,4,109926,0.0,439704.0,297387.68,142316.32,32.37,Credit Card,3.9,No,2026-03
ORD103117,2026-03-09,CUST10125,Headphones,Audio,East,Online,Rep_19,7,11924,0.02,81798.64,69393.59,12405.05,15.17,Credit Card,4.4,No,2026-03
ORD100846,2026-03-09,CUST10447,Monitor,Accessories,South,Partner,Rep_08,5,13597,0.05,64585.75,59585.17,5000.58,7.74,UPI,3.8,No,2026-03
ORD100252,2026-03-09,CUST10336,Tablet,Mobile,West,Online,Rep_13,4,23555,0.15,80087.0,63306.33,16780.67,20.95,Credit Card,4.5,No,2026-03
ORD104760,2026-03-09,CUST10086,Smartwatch,Wearables,South,Retail Store,Rep_13,7,2596,0.02,17808.56,13215.89,4592.67,25.79,Debit Card,4.8,No,2026-03
ORD101131,2026-03-09,CUST10167,Headphones,Audio,North,Online,Rep_06,1,7199,0.05,6839.05,5941.84,897.21,13.12,UPI,4.1,No,2026-03
ORD104653,2026-03-09,CUST10543,Monitor,Accessories,South,Retail Store,Rep_20,7,29423,0.15,175066.85,145583.32,29483.53,16.84,Debit Card,4.5,Yes,2026-03
ORD102339,2026-03-09,CUST10028,Smartphone,Mobile,South,Retail Store,Rep_17,2,47455,0.08,87317.2,69598.93,17718.27,20.29,UPI,4.2,No,2026-03
ORD101206,2026-03-09,CUST10117,Headphones,Audio,West,Online,Rep_10,2,4553,0.0,9106.0,7201.31,1904.69,20.92,Debit Card,4.1,No,2026-03
ORD102627,2026-03-09,CUST10698,Laptop,Computers,North,Online,Rep_05,1,54911,0.02,53812.78,36099.42,17713.36,32.92,Credit Card,4.5,No,2026-03
ORD100419,2026-03-09,CUST10742,Mouse,Accessories,South,Online,Rep_03,5,1069,0.15,4543.25,4084.37,458.88,10.1,Cash,5.0,No,2026-03
ORD102436,2026-03-09,CUST10187,Tablet,Mobile,West,Retail Store,Rep_03,8,47953,0.1,345261.6,329851.57,15410.03,4.46,Debit Card,4.4,No,2026-03
ORD102433,2026-03-09,CUST10416,Smartwatch,Wearables,South,Online,Rep_03,1,9949,0.08,9153.08,8611.73,541.35,5.91,Credit Card,4.0,No,2026-03
ORD102907,2026-03-10,CUST10282,Smartwatch,Wearables,North,Online,Rep_14,2,24527,0.08,45129.68,38425.52,6704.16,14.86,Debit Card,4.5,No,2026-03
ORD104126,2026-03-10,CUST10429,Mouse,Accessories,North,Partner,Rep_06,6,2157,0.02,12683.16,11264.27,1418.89,11.19,UPI,5.0,No,2026-03
ORD104771,2026-03-10,CUST10259,Laptop,Computers,South,Partner,Rep_20,4,94736,0.08,348628.48,280460.76,68167.72,19.55,Credit Card,3.7,No,2026-03
ORD100237,2026-03-10,CUST10243,Smartphone,Mobile,West,Retail Store,Rep_09,4,41163,0.05,156419.4,118713.91,37705.49,24.11,Cash,4.0,No,2026-03
ORD102447,2026-03-10,CUST10391,Smartphone,Mobile,South,Retail Store,Rep_09,5,47713,0.0,238565.0,187517.85,51047.15,21.4,UPI,3.5,No,2026-03
ORD104619,2026-03-10,CUST10432,Tablet,Mobile,North,Online,Rep_07,2,46174,0.05,87730.6,66624.94,21105.66,24.06,Cash,3.4,No,2026-03
ORD104340,2026-03-10,CUST10532,Smartphone,Mobile,Central,Retail Store,Rep_20,6,62661,0.15,319571.1,248005.02,71566.08,22.39,UPI,3.9,No,2026-03
ORD100806,2026-03-10,CUST10588,Headphones,Audio,West,Online,Rep_20,8,11465,0.0,91720.0,59587.68,32132.32,35.03,UPI,4.6,No,2026-03
ORD102190,2026-03-10,CUST10143,Mouse,Accessories,West,Partner,Rep_03,4,1184,0.08,4357.12,3550.3,806.82,18.52,Credit Card,4.0,No,2026-03
ORD104829,2026-03-10,CUST10713,Tablet,Mobile,Central,Online,Rep_04,4,34898,0.02,136800.16,104801.16,31999.0,23.39,Credit Card,4.2,No,2026-03
ORD102453,2026-03-10,CUST10527,Keyboard,Accessories,North,Retail Store,Rep_06,7,878,0.02,6023.08,4449.09,1573.99,26.13,UPI,3.6,No,2026-03
ORD101729,2026-03-10,CUST10080,Printer,Office,South,Online,Rep_14,5,14666,0.15,62330.5,60997.07,1333.43,2.14,UPI,4.1,No,2026-03
ORD102931,2026-03-10,CUST10294,Keyboard,Accessories,North,Online,Rep_01,2,3085,0.02,6046.6,4436.7,1609.9,26.62,Credit Card,5.0,No,2026-03
ORD103238,2026-03-11,CUST10556,Smartwatch,Wearables,East,Online,Rep_16,2,19935,0.0,39870.0,30551.41,9318.59,23.37,Net Banking,3.3,No,2026-03
ORD102891,2026-03-11,CUST10251,Tablet,Mobile,West,Online,Rep_06,3,33724,0.05,96113.4,88686.87,7426.53,7.73,UPI,4.0,No,2026-03
ORD104052,2026-03-11,CUST10655,Mouse,Accessories,South,Partner,Rep_13,6,2187,0.1,11809.8,9644.11,2165.69,18.34,UPI,3.1,No,2026-03
ORD100115,2026-03-11,CUST10109,Mouse,Accessories,West,Partner,Rep_19,4,556,0.15,1890.4,1471.65,418.75,22.15,Debit Card,3.9,No,2026-03
ORD104216,2026-03-11,CUST10253,Printer,Office,South,Partner,Rep_11,2,6332,0.05,12030.8,8126.48,3904.32,32.45,Credit Card,3.8,No,2026-03
ORD102273,2026-03-11,CUST10094,Monitor,Accessories,North,Partner,Rep_20,7,10820,0.05,71953.0,51929.45,20023.55,27.83,Net Banking,4.2,No,2026-03
ORD103174,2026-03-11,CUST10489,Smartphone,Mobile,South,Partner,Rep_13,1,34828,0.08,32041.76,28336.67,3705.09,11.56,Cash,3.4,No,2026-03
ORD103553,2026-03-11,CUST10711,Keyboard,Accessories,Central,Online,Rep_20,6,3386,0.15,17268.6,17295.79,-27.19,-0.16,UPI,5.0,No,2026-03
ORD102297,2026-03-12,CUST10432,Smartphone,Mobile,Central,Partner,Rep_20,4,32712,0.02,128231.04,91864.21,36366.83,28.36,UPI,3.8,Yes,2026-03
ORD100121,2026-03-12,CUST10088,Printer,Office,West,Online,Rep_13,4,27621,0.05,104959.8,80293.43,24666.37,23.5,Net Banking,4.2,No,2026-03
ORD102730,2026-03-12,CUST10414,Monitor,Accessories,East,Retail Store,Rep_04,1,9453,0.02,9263.94,7639.92,1624.02,17.53,Net Banking,3.4,No,2026-03
ORD102048,2026-03-12,CUST10434,Headphones,Audio,East,Online,Rep_06,4,2113,0.15,7184.2,7136.87,47.33,0.66,UPI,3.7,No,2026-03
ORD104438,2026-03-12,CUST10744,Headphones,Audio,West,Retail Store,Rep_04,2,9650,0.05,18335.0,16050.56,2284.44,12.46,UPI,3.1,No,2026-03
ORD100366,2026-03-12,CUST10293,Tablet,Mobile,North,Online,Rep_11,2,20009,0.05,38017.1,25149.62,12867.48,33.85,Debit Card,4.7,No,2026-03
ORD103044,2026-03-12,CUST10423,Monitor,Accessories,Central,Online,Rep_05,3,14333,0.08,39559.08,28432.26,11126.82,28.13,UPI,3.2,No,2026-03
ORD103585,2026-03-13,CUST10272,Monitor,Accessories,North,Partner,Rep_18,1,15311,0.05,14545.45,12039.37,2506.08,17.23,Net Banking,5.0,No,2026-03
ORD102763,2026-03-13,CUST10496,Mouse,Accessories,North,Partner,Rep_16,5,1000,0.1,4500.0,3554.17,945.83,21.02,Cash,5.0,No,2026-03
ORD101390,2026-03-13,CUST10446,Monitor,Accessories,Central,Online,Rep_11,1,28018,0.05,26617.1,23017.77,3599.33,13.52,Credit Card,3.0,No,2026-03
ORD101170,2026-03-13,CUST10221,Smartphone,Mobile,West,Retail Store,Rep_11,2,31938,0.15,54294.6,41621.99,12672.61,23.34,Credit Card,3.6,No,2026-03
ORD101032,2026-03-13,CUST10563,Keyboard,Accessories,South,Partner,Rep_04,5,1707,0.15,7254.75,6982.43,272.32,3.75,Credit Card,3.6,No,2026-03
ORD103509,2026-03-13,CUST10105,Printer,Office,East,Retail Store,Rep_09,4,9505,0.0,38020.0,32333.11,5686.89,14.96,UPI,3.4,Yes,2026-03
ORD100066,2026-03-14,CUST10103,Keyboard,Accessories,North,Retail Store,Rep_08,1,4073,0.08,3747.16,2614.59,1132.57,30.22,Net Banking,4.5,No,2026-03
ORD102937,2026-03-14,CUST10558,Headphones,Audio,South,Online,Rep_17,3,4117,0.08,11362.92,9154.09,2208.83,19.44,Credit Card,3.7,No,2026-03
ORD100677,2026-03-14,CUST10476,Smartphone,Mobile,West,Online,Rep_13,5,39832,0.05,189202.0,129462.01,59739.99,31.57,UPI,4.2,Yes,2026-03
ORD104746,2026-03-14,CUST10436,Laptop,Computers,Central,Online,Rep_06,3,78305,0.05,223169.25,190620.93,32548.32,14.58,Credit Card,5.0,No,2026-03
ORD103152,2026-03-14,CUST10323,Smartphone,Mobile,Central,Online,Rep_19,3,40678,0.1,109830.6,78609.56,31221.04,28.43,Credit Card,2.7,No,2026-03
ORD101793,2026-03-14,CUST10100,Keyboard,Accessories,North,Retail Store,Rep_02,2,1208,0.08,2222.72,1601.72,621.0,27.94,Net Banking,5.0,No,2026-03
ORD103586,2026-03-14,CUST10095,Tablet,Mobile,East,Retail Store,Rep_02,2,27948,0.1,50306.4,47633.97,2672.43,5.31,Net Banking,3.4,No,2026-03
ORD102748,2026-03-14,CUST10654,Smartphone,Mobile,East,Online,Rep_11,4,48994,0.05,186177.2,149465.81,36711.39,19.72,UPI,4.2,No,2026-03
ORD101547,2026-03-14,CUST10731,Printer,Office,Central,Partner,Rep_03,5,6682,0.0,33410.0,26180.04,7229.96,21.64,Credit Card,2.9,No,2026-03
ORD103166,2026-03-14,CUST10471,Monitor,Accessories,West,Retail Store,Rep_13,5,9630,0.15,40927.5,36175.99,4751.51,11.61,UPI,3.6,No,2026-03
ORD100793,2026-03-15,CUST10096,Monitor,Accessories,South,Retail Store,Rep_14,3,13237,0.05,37725.45,25513.15,12212.3,32.37,UPI,4.1,No,2026-03
ORD103105,2026-03-15,CUST10648,Smartphone,Mobile,North,Partner,Rep_09,6,42989,0.15,219243.9,165578.76,53665.14,24.48,Credit Card,3.9,No,2026-03
ORD104171,2026-03-15,CUST10304,Smartphone,Mobile,West,Retail Store,Rep_09,5,60911,0.0,304555.0,253986.32,50568.68,16.6,Credit Card,3.8,No,2026-03
ORD101230,2026-03-15,CUST10607,Monitor,Accessories,East,Online,Rep_03,8,10832,0.08,79723.52,67427.99,12295.53,15.42,Credit Card,4.3,No,2026-03
ORD102005,2026-03-15,CUST10377,Smartphone,Mobile,West,Online,Rep_09,1,45890,0.05,43595.5,31950.92,11644.58,26.71,Net Banking,4.3,No,2026-03
ORD101668,2026-03-15,CUST10394,Smartwatch,Wearables,South,Retail Store,Rep_05,6,4165,0.0,24990.0,16990.21,7999.79,32.01,Credit Card,3.4,No,2026-03
ORD104519,2026-03-15,CUST10386,Smartphone,Mobile,South,Online,Rep_17,5,26073,0.1,117328.5,108966.22,8362.28,7.13,UPI,4.6,No,2026-03
ORD100536,2026-03-15,CUST10273,Smartwatch,Wearables,North,Partner,Rep_19,1,15329,0.05,14562.55,10838.19,3724.36,25.57,UPI,5.0,No,2026-03
ORD102966,2026-03-15,CUST10657,Headphones,Audio,West,Retail Store,Rep_02,7,6285,0.1,39595.5,35380.38,4215.12,10.65,Net Banking,4.9,No,2026-03
ORD101461,2026-03-15,CUST10492,Monitor,Accessories,East,Retail Store,Rep_18,1,15353,0.15,13050.05,12245.28,804.77,6.17,Net Banking,3.1,No,2026-03
ORD102702,2026-03-16,CUST10009,Smartwatch,Wearables,South,Retail Store,Rep_02,8,9929,0.02,77843.36,49895.29,27948.07,35.9,UPI,4.8,No,2026-03
ORD102776,2026-03-16,CUST10211,Monitor,Accessories,West,Retail Store,Rep_18,7,9469,0.02,64957.34,48065.65,16891.69,26.0,Debit Card,2.8,No,2026-03
ORD104135,2026-03-16,CUST10097,Keyboard,Accessories,South,Retail Store,Rep_11,5,4207,0.2,16828.0,16583.86,244.14,1.45,Credit Card,3.8,No,2026-03
ORD103119,2026-03-16,CUST10564,Smartphone,Mobile,South,Online,Rep_14,8,15884,0.0,127072.0,99008.18,28063.82,22.08,UPI,3.9,No,2026-03
ORD101447,2026-03-16,CUST10398,Mouse,Accessories,West,Partner,Rep_05,2,944,0.05,1793.6,1525.27,268.33,14.96,Net Banking,4.7,No,2026-03
ORD101140,2026-03-16,CUST10607,Keyboard,Accessories,North,Online,Rep_08,2,3934,0.1,7081.2,5726.75,1354.45,19.13,Cash,4.2,No,2026-03
ORD103335,2026-03-16,CUST10268,Webcam,Accessories,South,Online,Rep_05,3,4569,0.08,12610.44,11864.76,745.68,5.91,Cash,4.7,No,2026-03
ORD103185,2026-03-16,CUST10358,Keyboard,Accessories,West,Partner,Rep_06,5,3581,0.15,15219.25,14556.91,662.34,4.35,UPI,3.3,No,2026-03
ORD103636,2026-03-16,CUST10225,Monitor,Accessories,West,Online,Rep_13,5,11444,0.05,54359.0,45631.36,8727.64,16.06,Credit Card,3.4,No,2026-03
ORD101310,2026-03-17,CUST10554,Printer,Office,North,Online,Rep_07,5,21371,0.08,98306.6,89899.0,8407.6,8.55,Cash,4.5,No,2026-03
ORD100566,2026-03-17,CUST10159,Keyboard,Accessories,Central,Online,Rep_03,1,1506,0.15,1280.1,970.98,309.12,24.15,Credit Card,3.9,No,2026-03
ORD101619,2026-03-17,CUST10312,Keyboard,Accessories,Central,Online,Rep_01,4,1441,0.05,5475.8,4190.06,1285.74,23.48,Net Banking,5.0,No,2026-03
ORD102934,2026-03-17,CUST10747,Keyboard,Accessories,Central,Partner,Rep_12,4,834,0.2,2668.8,2926.42,-257.62,-9.65,Cash,4.6,No,2026-03
ORD103824,2026-03-17,CUST10320,Tablet,Mobile,West,Partner,Rep_01,7,28485,0.08,183443.4,148457.34,34986.06,19.07,UPI,3.7,No,2026-03
ORD101866,2026-03-17,CUST10090,Smartwatch,Wearables,Central,Partner,Rep_14,6,22121,0.02,130071.48,83443.85,46627.63,35.85,Net Banking,4.7,No,2026-03
ORD100053,2026-03-17,CUST10524,Smartwatch,Wearables,East,Partner,Rep_01,6,20633,0.05,117608.1,102115.55,15492.55,13.17,Net Banking,4.2,No,2026-03
ORD104544,2026-03-17,CUST10449,Smartphone,Mobile,North,Online,Rep_19,5,32151,0.1,144679.5,118931.82,25747.68,17.8,UPI,3.9,No,2026-03
ORD100858,2026-03-17,CUST10331,Monitor,Accessories,North,Online,Rep_17,2,8463,0.02,16587.48,14719.67,1867.81,11.26,Cash,4.4,No,2026-03
ORD103851,2026-03-17,CUST10194,Monitor,Accessories,South,Retail Store,Rep_14,1,19366,0.15,16461.1,14865.08,1596.02,9.7,UPI,3.4,No,2026-03
ORD102416,2026-03-18,CUST10380,Smartwatch,Wearables,West,Online,Rep_18,8,24211,0.15,164634.8,155101.62,9533.18,5.79,Credit Card,4.1,No,2026-03
ORD102274,2026-03-18,CUST10505,Mouse,Accessories,Central,Retail Store,Rep_18,2,1040,0.1,1872.0,1634.07,237.93,12.71,Credit Card,4.0,No,2026-03
ORD100539,2026-03-18,CUST10025,Monitor,Accessories,South,Online,Rep_14,6,9873,0.02,58053.24,46633.79,11419.45,19.67,UPI,4.6,No,2026-03
ORD101882,2026-03-18,CUST10416,Webcam,Accessories,West,Online,Rep_08,4,6482,0.1,23335.2,21740.83,1594.37,6.83,Debit Card,4.2,Yes,2026-03
ORD104614,2026-03-18,CUST10092,Laptop,Computers,West,Partner,Rep_08,1,51644,0.1,46479.6,32546.23,13933.37,29.98,Credit Card,3.2,No,2026-03
ORD101187,2026-03-18,CUST10518,Mouse,Accessories,North,Online,Rep_03,3,1201,0.0,3603.0,2362.99,1240.01,34.42,UPI,3.5,No,2026-03
ORD100624,2026-03-18,CUST10437,Monitor,Accessories,Central,Online,Rep_14,1,29448,0.15,25030.8,22910.9,2119.9,8.47,UPI,5.0,No,2026-03
ORD102063,2026-03-18,CUST10601,Printer,Office,North,Online,Rep_16,4,11708,0.05,44490.4,32126.67,12363.73,27.79,Credit Card,3.1,No,2026-03
ORD102386,2026-03-18,CUST10709,Keyboard,Accessories,South,Online,Rep_07,8,1381,0.15,9390.8,9091.33,299.47,3.19,UPI,3.7,No,2026-03
ORD103359,2026-03-19,CUST10080,Printer,Office,North,Online,Rep_05,5,7605,0.15,32321.25,32206.12,115.13,0.36,Debit Card,3.1,No,2026-03
ORD100093,2026-03-19,CUST10373,Headphones,Audio,Central,Online,Rep_19,3,7385,0.1,19939.5,16373.97,3565.53,17.88,UPI,3.2,No,2026-03
ORD104573,2026-03-19,CUST10703,Smartphone,Mobile,North,Retail Store,Rep_18,4,63839,0.08,234927.52,221792.72,13134.8,5.59,Credit Card,3.4,No,2026-03
ORD103321,2026-03-19,CUST10747,Keyboard,Accessories,South,Partner,Rep_18,5,3892,0.05,18487.0,12207.11,6279.89,33.97,UPI,3.0,No,2026-03
ORD102746,2026-03-19,CUST10652,Headphones,Audio,South,Online,Rep_17,8,2213,0.05,16818.8,15177.31,1641.49,9.76,Debit Card,4.0,No,2026-03
ORD103250,2026-03-19,CUST10059,Mouse,Accessories,Central,Online,Rep_08,6,1904,0.08,10510.08,9355.48,1154.6,10.99,UPI,3.1,No,2026-03
ORD104596,2026-03-19,CUST10703,Mouse,Accessories,West,Online,Rep_04,2,1854,0.05,3522.6,2353.78,1168.82,33.18,Cash,4.3,No,2026-03
ORD100989,2026-03-19,CUST10674,Smartphone,Mobile,South,Online,Rep_19,1,60845,0.05,57802.75,42751.82,15050.93,26.04,UPI,3.6,Yes,2026-03
ORD104357,2026-03-19,CUST10390,Smartphone,Mobile,West,Retail Store,Rep_11,7,20858,0.08,134325.52,121323.3,13002.22,9.68,UPI,5.0,No,2026-03
ORD102184,2026-03-19,CUST10272,Tablet,Mobile,Central,Online,Rep_06,2,22190,0.0,44380.0,29309.9,15070.1,33.96,Credit Card,3.8,No,2026-03
ORD100008,2026-03-19,CUST10219,Webcam,Accessories,East,Retail Store,Rep_04,1,2945,0.05,2797.75,2091.2,706.55,25.25,Net Banking,4.4,No,2026-03
ORD101577,2026-03-19,CUST10166,Laptop,Computers,South,Retail Store,Rep_01,1,86346,0.02,84619.08,61681.38,22937.7,27.11,Debit Card,3.8,No,2026-03
ORD104591,2026-03-20,CUST10501,Keyboard,Accessories,East,Partner,Rep_10,4,4420,0.08,16265.6,11138.37,5127.23,31.52,Net Banking,4.6,No,2026-03
ORD101412,2026-03-20,CUST10365,Smartphone,Mobile,Central,Online,Rep_01,6,20759,0.0,124554.0,83690.0,40864.0,32.81,Debit Card,3.9,No,2026-03
ORD104680,2026-03-20,CUST10131,Mouse,Accessories,Central,Retail Store,Rep_07,4,924,0.05,3511.2,2515.22,995.98,28.37,Credit Card,4.7,No,2026-03
ORD102452,2026-03-20,CUST10220,Smartwatch,Wearables,West,Online,Rep_15,8,12994,0.15,88359.2,89442.44,-1083.24,-1.23,UPI,4.1,No,2026-03
ORD102958,2026-03-20,CUST10731,Webcam,Accessories,South,Partner,Rep_13,5,7958,0.02,38994.2,33193.73,5800.47,14.88,UPI,4.7,No,2026-03
ORD104318,2026-03-20,CUST10265,Laptop,Computers,South,Partner,Rep_15,7,87877,0.05,584382.05,391508.93,192873.12,33.0,Credit Card,2.2,No,2026-03
ORD100315,2026-03-20,CUST10088,Printer,Office,South,Online,Rep_17,3,6236,0.05,17772.6,14821.94,2950.66,16.6,Credit Card,3.4,No,2026-03
ORD101519,2026-03-20,CUST10164,Smartphone,Mobile,East,Partner,Rep_20,6,62852,0.0,377112.0,277920.03,99191.97,26.3,Net Banking,2.9,No,2026-03
ORD101371,2026-03-20,CUST10476,Smartwatch,Wearables,East,Retail Store,Rep_16,6,10300,0.05,58710.0,39988.4,18721.6,31.89,Credit Card,4.6,No,2026-03
ORD100538,2026-03-20,CUST10090,Smartphone,Mobile,South,Online,Rep_07,8,44958,0.05,341680.8,249172.24,92508.56,27.07,UPI,4.3,No,2026-03
ORD101155,2026-03-21,CUST10326,Mouse,Accessories,West,Retail Store,Rep_16,6,1840,0.02,10819.2,9588.26,1230.94,11.38,Debit Card,4.1,No,2026-03
ORD100898,2026-03-21,CUST10622,Webcam,Accessories,East,Retail Store,Rep_19,3,8162,0.08,22527.12,17060.03,5467.09,24.27,Net Banking,3.4,No,2026-03
ORD104776,2026-03-21,CUST10535,Printer,Office,West,Online,Rep_04,7,21669,0.05,144098.85,104217.33,39881.52,27.68,Debit Card,5.0,No,2026-03
ORD102922,2026-03-21,CUST10737,Headphones,Audio,North,Online,Rep_11,5,2139,0.15,9090.75,7431.79,1658.96,18.25,UPI,3.8,No,2026-03
ORD100328,2026-03-21,CUST10462,Mouse,Accessories,Central,Online,Rep_14,8,1845,0.08,13579.2,12877.86,701.34,5.16,UPI,4.5,No,2026-03
ORD103110,2026-03-21,CUST10738,Mouse,Accessories,North,Online,Rep_16,2,964,0.1,1735.2,1239.21,495.99,28.58,Debit Card,3.7,No,2026-03
ORD102749,2026-03-21,CUST10286,Printer,Office,South,Online,Rep_16,6,14611,0.1,78899.4,66008.18,12891.22,16.34,Credit Card,4.1,No,2026-03
ORD101969,2026-03-21,CUST10568,Tablet,Mobile,North,Retail Store,Rep_11,3,21745,0.1,58711.5,42040.31,16671.19,28.4,Cash,4.6,No,2026-03
ORD102985,2026-03-21,CUST10570,Keyboard,Accessories,East,Retail Store,Rep_13,4,2925,0.05,11115.0,8701.37,2413.63,21.72,UPI,3.8,No,2026-03
ORD101968,2026-03-21,CUST10388,Tablet,Mobile,West,Retail Store,Rep_09,4,20680,0.05,78584.0,72066.47,6517.53,8.29,Credit Card,4.2,No,2026-03
ORD103317,2026-03-22,CUST10084,Monitor,Accessories,East,Retail Store,Rep_10,8,15432,0.05,117283.2,106710.08,10573.12,9.02,Net Banking,4.3,No,2026-03
ORD104379,2026-03-22,CUST10677,Smartphone,Mobile,South,Retail Store,Rep_06,4,33899,0.15,115256.6,108866.46,6390.14,5.54,UPI,4.3,No,2026-03
ORD101888,2026-03-22,CUST10361,Smartphone,Mobile,West,Partner,Rep_02,6,60562,0.2,290697.6,273699.31,16998.29,5.85,UPI,4.4,No,2026-03
ORD100248,2026-03-22,CUST10566,Smartwatch,Wearables,South,Online,Rep_04,6,24409,0.2,117163.2,127919.73,-10756.53,-9.18,Debit Card,3.9,No,2026-03
ORD101142,2026-03-22,CUST10702,Tablet,Mobile,South,Online,Rep_13,1,31938,0.2,25550.4,23894.95,1655.45,6.48,UPI,4.5,No,2026-03
ORD104782,2026-03-22,CUST10204,Smartphone,Mobile,South,Partner,Rep_09,1,18599,0.0,18599.0,11768.83,6830.17,36.72,Cash,4.7,No,2026-03
ORD100334,2026-03-22,CUST10024,Smartphone,Mobile,South,Online,Rep_05,2,47813,0.02,93713.48,68707.04,25006.44,26.68,Net Banking,4.3,No,2026-03
ORD102075,2026-03-22,CUST10077,Webcam,Accessories,North,Online,Rep_15,5,6251,0.08,28754.6,25671.69,3082.91,10.72,UPI,3.7,No,2026-03
ORD103428,2026-03-22,CUST10722,Mouse,Accessories,Central,Online,Rep_05,2,827,0.08,1521.68,1431.67,90.01,5.92,Credit Card,4.7,No,2026-03
ORD101432,2026-03-22,CUST10551,Keyboard,Accessories,South,Retail Store,Rep_05,3,871,0.0,2613.0,2204.14,408.86,15.65,Debit Card,4.8,No,2026-03
ORD100080,2026-03-22,CUST10207,Smartphone,Mobile,Central,Retail Store,Rep_05,6,20845,0.1,112563.0,80624.93,31938.07,28.37,UPI,4.1,No,2026-03
ORD100967,2026-03-22,CUST10426,Headphones,Audio,South,Retail Store,Rep_06,5,8481,0.0,42405.0,32761.34,9643.66,22.74,Credit Card,3.5,No,2026-03
ORD104729,2026-03-22,CUST10325,Headphones,Audio,East,Partner,Rep_02,3,4701,0.0,14103.0,10063.48,4039.52,28.64,Net Banking,3.9,No,2026-03
ORD103453,2026-03-23,CUST10144,Mouse,Accessories,South,Online,Rep_18,5,504,0.2,2016.0,2083.05,-67.05,-3.33,Cash,3.5,No,2026-03
ORD103439,2026-03-23,CUST10246,Smartwatch,Wearables,South,Retail Store,Rep_01,4,18587,0.05,70630.6,56158.92,14471.68,20.49,Debit Card,3.4,No,2026-03
ORD102215,2026-03-23,CUST10437,Headphones,Audio,East,Online,Rep_14,1,9452,0.1,8506.8,6886.9,1619.9,19.04,Credit Card,3.3,Yes,2026-03
ORD104296,2026-03-23,CUST10104,Tablet,Mobile,Central,Online,Rep_13,8,42113,0.15,286368.4,219675.33,66693.07,23.29,Credit Card,4.1,No,2026-03
ORD104087,2026-03-23,CUST10301,Smartphone,Mobile,East,Online,Rep_18,4,52329,0.1,188384.4,136559.47,51824.93,27.51,Credit Card,3.7,Yes,2026-03
ORD103993,2026-03-23,CUST10742,Headphones,Audio,South,Partner,Rep_14,3,2448,0.05,6976.8,6035.02,941.78,13.5,Cash,4.9,No,2026-03
ORD100563,2026-03-23,CUST10040,Smartphone,Mobile,Central,Online,Rep_16,8,42899,0.08,315736.64,231607.02,84129.62,26.65,UPI,3.3,No,2026-03
ORD100052,2026-03-23,CUST10021,Headphones,Audio,West,Retail Store,Rep_03,2,9462,0.1,17031.6,12472.13,4559.47,26.77,Credit Card,5.0,Yes,2026-03
ORD100635,2026-03-23,CUST10408,Laptop,Computers,West,Online,Rep_06,6,67005,0.15,341725.5,253514.95,88210.55,25.81,Credit Card,2.7,No,2026-03
ORD102269,2026-03-23,CUST10629,Smartphone,Mobile,West,Partner,Rep_16,2,35968,0.1,64742.4,59358.55,5383.85,8.32,Net Banking,4.1,No,2026-03
ORD101616,2026-03-23,CUST10190,Mouse,Accessories,East,Retail Store,Rep_08,1,754,0.05,716.3,640.48,75.82,10.58,Debit Card,3.2,No,2026-03
ORD103393,2026-03-24,CUST10510,Webcam,Accessories,West,Online,Rep_05,6,7069,0.05,40293.3,36143.25,4150.05,10.3,UPI,4.8,No,2026-03
ORD102678,2026-03-24,CUST10380,Laptop,Computers,East,Retail Store,Rep_02,1,101668,0.08,93534.56,64324.68,29209.88,31.23,Credit Card,4.1,No,2026-03
ORD103866,2026-03-24,CUST10700,Tablet,Mobile,South,Online,Rep_16,2,24567,0.08,45203.28,31658.82,13544.46,29.96,Cash,4.5,No,2026-03
ORD101714,2026-03-24,CUST10067,Monitor,Accessories,Central,Partner,Rep_15,6,21059,0.08,116245.68,78400.7,37844.98,32.56,UPI,3.8,Yes,2026-03
ORD103947,2026-03-24,CUST10541,Mouse,Accessories,West,Retail Store,Rep_09,7,2394,0.08,15417.36,14202.79,1214.57,7.88,Debit Card,4.5,No,2026-03
ORD104188,2026-03-24,CUST10005,Keyboard,Accessories,West,Online,Rep_05,8,3951,0.2,25286.4,23971.68,1314.72,5.2,Credit Card,4.0,No,2026-03
ORD100689,2026-03-24,CUST10329,Headphones,Audio,East,Online,Rep_07,7,4111,0.15,24460.45,21527.94,2932.51,11.99,UPI,4.2,No,2026-03
ORD102850,2026-03-25,CUST10239,Tablet,Mobile,East,Online,Rep_18,5,19693,0.1,88618.5,72979.69,15638.81,17.65,UPI,4.6,No,2026-03
ORD103689,2026-03-25,CUST10588,Laptop,Computers,West,Retail Store,Rep_08,8,47455,0.1,341676.0,285506.92,56169.08,16.44,Cash,4.2,No,2026-03
ORD100751,2026-03-25,CUST10589,Smartphone,Mobile,West,Retail Store,Rep_16,6,48582,0.1,262342.8,224889.61,37453.19,14.28,Credit Card,4.3,No,2026-03
ORD103221,2026-03-25,CUST10710,Keyboard,Accessories,West,Online,Rep_16,3,3677,0.1,9927.9,7635.63,2292.27,23.09,Net Banking,3.9,No,2026-03
ORD102441,2026-03-25,CUST10371,Keyboard,Accessories,South,Partner,Rep_08,1,3815,0.02,3738.7,3074.23,664.47,17.77,Credit Card,4.0,No,2026-03
ORD103628,2026-03-25,CUST10562,Webcam,Accessories,West,Online,Rep_09,4,5900,0.05,22420.0,15622.38,6797.62,30.32,Cash,4.9,No,2026-03
ORD102604,2026-03-25,CUST10088,Tablet,Mobile,South,Partner,Rep_13,8,23718,0.02,185949.12,134341.98,51607.14,27.75,Credit Card,3.7,No,2026-03
ORD101661,2026-03-25,CUST10343,Mouse,Accessories,North,Online,Rep_01,6,923,0.02,5427.24,3807.17,1620.07,29.85,UPI,3.6,No,2026-03
ORD102507,2026-03-25,CUST10360,Printer,Office,Central,Partner,Rep_05,1,8735,0.02,8560.3,7095.75,1464.55,17.11,Credit Card,3.9,No,2026-03
ORD102012,2026-03-26,CUST10377,Laptop,Computers,Central,Online,Rep_17,6,76004,0.1,410421.6,297610.82,112810.78,27.49,Credit Card,3.8,Yes,2026-03
ORD102908,2026-03-26,CUST10120,Smartphone,Mobile,South,Online,Rep_16,4,46722,0.1,168199.2,120507.39,47691.81,28.35,Credit Card,2.8,No,2026-03
ORD100470,2026-03-26,CUST10332,Smartwatch,Wearables,East,Retail Store,Rep_07,2,10887,0.02,21338.52,17716.75,3621.77,16.97,Credit Card,4.0,Yes,2026-03
ORD102888,2026-03-26,CUST10144,Monitor,Accessories,North,Retail Store,Rep_19,3,23863,0.1,64430.1,50689.63,13740.47,21.33,Credit Card,5.0,No,2026-03
ORD102077,2026-03-26,CUST10571,Smartphone,Mobile,Central,Online,Rep_09,3,53577,0.15,136621.35,137144.25,-522.9,-0.38,UPI,4.8,No,2026-03
ORD103129,2026-03-26,CUST10465,Smartwatch,Wearables,West,Online,Rep_14,4,4658,0.05,17700.4,15104.52,2595.88,14.67,Credit Card,4.5,No,2026-03
ORD100921,2026-03-26,CUST10279,Webcam,Accessories,South,Online,Rep_18,8,2745,0.2,17568.0,17021.6,546.4,3.11,Credit Card,4.6,No,2026-03
ORD102603,2026-03-27,CUST10571,Headphones,Audio,North,Partner,Rep_04,3,10879,0.05,31005.15,21992.26,9012.89,29.07,Credit Card,3.5,No,2026-03
ORD104932,2026-03-27,CUST10279,Tablet,Mobile,Central,Retail Store,Rep_09,1,54697,0.2,43757.6,34365.21,9392.39,21.46,Net Banking,4.5,No,2026-03
ORD104975,2026-03-28,CUST10692,Smartphone,Mobile,South,Online,Rep_15,1,41252,0.0,41252.0,28564.71,12687.29,30.76,UPI,4.3,No,2026-03
ORD101617,2026-03-28,CUST10406,Smartwatch,Wearables,West,Online,Rep_15,8,6701,0.1,48247.2,35650.04,12597.16,26.11,Debit Card,4.4,No,2026-03
ORD102591,2026-03-28,CUST10689,Printer,Office,Central,Retail Store,Rep_01,3,26478,0.2,63547.2,64089.3,-542.1,-0.85,Cash,4.2,No,2026-03
ORD101000,2026-03-28,CUST10630,Monitor,Accessories,North,Online,Rep_02,2,29246,0.08,53812.64,42915.04,10897.6,20.25,Debit Card,5.0,No,2026-03
ORD101828,2026-03-28,CUST10657,Smartwatch,Wearables,East,Retail Store,Rep_14,2,3975,0.2,6360.0,5152.02,1207.98,18.99,Credit Card,3.7,No,2026-03
ORD104329,2026-03-28,CUST10028,Laptop,Computers,South,Retail Store,Rep_20,2,47766,0.08,87889.44,82924.43,4965.01,5.65,UPI,4.7,No,2026-03
ORD100269,2026-03-28,CUST10563,Tablet,Mobile,East,Online,Rep_13,2,39688,0.08,73025.92,59051.88,13974.04,19.14,Net Banking,4.0,No,2026-03
ORD102866,2026-03-28,CUST10612,Keyboard,Accessories,East,Partner,Rep_19,3,2663,0.02,7829.22,6198.6,1630.62,20.83,Credit Card,4.1,No,2026-03
ORD101123,2026-03-29,CUST10403,Webcam,Accessories,North,Online,Rep_07,3,5174,0.05,14745.9,13362.78,1383.12,9.38,Net Banking,4.5,No,2026-03
ORD104906,2026-03-29,CUST10044,Smartphone,Mobile,North,Partner,Rep_07,6,29690,0.05,169233.0,148148.56,21084.44,12.46,Net Banking,4.0,No,2026-03
ORD101788,2026-03-29,CUST10161,Mouse,Accessories,West,Retail Store,Rep_11,2,1622,0.05,3081.8,2830.65,251.15,8.15,UPI,3.9,Yes,2026-03
ORD104759,2026-03-29,CUST10269,Monitor,Accessories,East,Retail Store,Rep_14,1,12695,0.0,12695.0,10137.51,2557.49,20.15,Net Banking,3.9,No,2026-03
ORD101838,2026-03-29,CUST10594,Tablet,Mobile,South,Online,Rep_14,2,53404,0.2,85446.4,92016.51,-6570.11,-7.69,Credit Card,3.4,No,2026-03
ORD100311,2026-03-29,CUST10242,Monitor,Accessories,West,Retail Store,Rep_17,3,25407,0.05,72409.95,48787.33,23622.62,32.62,UPI,4.2,No,2026-03
ORD103772,2026-03-29,CUST10174,Webcam,Accessories,Central,Online,Rep_09,7,3442,0.05,22889.3,19747.92,3141.38,13.72,Credit Card,4.4,No,2026-03
ORD100608,2026-03-29,CUST10003,Tablet,Mobile,South,Online,Rep_07,4,33000,0.02,129360.0,90055.0,39305.0,30.38,Debit Card,4.1,No,2026-03
ORD100911,2026-03-30,CUST10400,Keyboard,Accessories,South,Online,Rep_16,4,4150,0.05,15770.0,12808.7,2961.3,18.78,UPI,5.0,No,2026-03
ORD104243,2026-03-30,CUST10305,Headphones,Audio,South,Online,Rep_01,2,10961,0.1,19729.8,14301.29,5428.51,27.51,Debit Card,3.8,No,2026-03
ORD103604,2026-03-30,CUST10604,Smartphone,Mobile,East,Partner,Rep_08,8,57440,0.08,422758.4,366182.16,56576.24,13.38,UPI,4.1,No,2026-03
ORD101083,2026-03-30,CUST10252,Monitor,Accessories,West,Online,Rep_05,6,19148,0.1,103399.2,88208.85,15190.35,14.69,Credit Card,3.6,Yes,2026-03
ORD104946,2026-03-30,CUST10169,Smartwatch,Wearables,Central,Retail Store,Rep_04,3,4237,0.1,11439.9,8807.62,2632.28,23.01,Debit Card,5.0,No,2026-03
ORD103541,2026-03-30,CUST10354,Smartphone,Mobile,North,Online,Rep_03,1,43666,0.05,41482.7,30405.44,11077.26,26.7,UPI,3.6,No,2026-03
ORD104392,2026-03-30,CUST10659,Keyboard,Accessories,Central,Retail Store,Rep_06,4,3376,0.15,11478.4,11130.49,347.91,3.03,Credit Card,3.2,No,2026-03
ORD101719,2026-03-30,CUST10406,Smartwatch,Wearables,North,Online,Rep_03,2,12092,0.0,24184.0,16779.15,7404.85,30.62,Credit Card,3.9,No,2026-03
ORD103333,2026-03-30,CUST10741,Smartphone,Mobile,South,Retail Store,Rep_10,6,31076,0.05,177133.2,147464.84,29668.36,16.75,UPI,3.5,No,2026-03
ORD102965,2026-03-30,CUST10741,Printer,Office,West,Retail Store,Rep_04,8,9446,0.08,69522.56,64384.85,5137.71,7.39,UPI,3.3,No,2026-03
ORD101743,2026-03-31,CUST10748,Headphones,Audio,Central,Partner,Rep_08,3,5785,0.0,17355.0,11650.08,5704.92,32.87,Credit Card,4.2,No,2026-03
ORD103284,2026-03-31,CUST10403,Webcam,Accessories,Central,Partner,Rep_17,8,7792,0.1,56102.4,49696.77,6405.63,11.42,Net Banking,4.4,No,2026-03
ORD102839,2026-03-31,CUST10187,Headphones,Audio,South,Retail Store,Rep_11,8,3373,0.05,25634.8,22740.73,2894.07,11.29,Cash,4.3,No,2026-03
ORD101331,2026-03-31,CUST10073,Keyboard,Accessories,Central,Partner,Rep_15,3,990,0.15,2524.5,2148.01,376.49,14.91,UPI,4.0,No,2026-03
ORD100782,2026-03-31,CUST10142,Keyboard,Accessories,North,Partner,Rep_20,6,1992,0.15,10159.2,10476.59,-317.39,-3.12,Cash,5.0,No,2026-03
ORD103717,2026-03-31,CUST10284,Tablet,Mobile,West,Partner,Rep_01,1,49852,0.02,48854.96,35206.84,13648.12,27.94,UPI,4.0,No,2026-03
ORD100107,2026-03-31,CUST10129,Monitor,Accessories,South,Online,Rep_11,5,11422,0.05,54254.5,45974.25,8280.25,15.26,UPI,3.3,No,2026-03
ORD100975,2026-03-31,CUST10725,Laptop,Computers,North,Online,Rep_03,2,49064,0.1,88315.2,74309.96,14005.24,15.86,UPI,3.1,No,2026-03
ORD103916,2026-03-31,CUST10559,Monitor,Accessories,South,Retail Store,Rep_18,6,28145,0.02,165492.6,118038.0,47454.6,28.67,Net Banking,3.7,No,2026-03
ORD101627,2026-03-31,CUST10638,Smartphone,Mobile,East,Online,Rep_01,2,63742,0.02,124934.32,94346.56,30587.76,24.48,UPI,4.3,No,2026-03
ORD104805,2026-03-31,CUST10521,Printer,Office,East,Retail Store,Rep_06,1,19715,0.05,18729.25,16758.66,1970.59,10.52,UPI,3.8,No,2026-03
ORD101652,2026-03-31,CUST10153,Tablet,Mobile,North,Online,Rep_11,7,32241,0.1,203118.3,194689.77,8428.53,4.15,Debit Card,4.4,No,2026-03
ORD101299,2026-04-01,CUST10510,Mouse,Accessories,North,Online,Rep_05,8,1880,0.0,15040.0,10772.75,4267.25,28.37,Cash,4.1,No,2026-04
ORD102927,2026-04-01,CUST10352,Printer,Office,Central,Online,Rep_08,6,15589,0.08,86051.28,59504.67,26546.61,30.85,Cash,4.0,No,2026-04
ORD102895,2026-04-01,CUST10193,Smartphone,Mobile,West,Online,Rep_09,6,35484,0.08,195871.68,138044.33,57827.35,29.52,UPI,4.0,No,2026-04
ORD103231,2026-04-01,CUST10210,Keyboard,Accessories,South,Retail Store,Rep_15,6,4286,0.08,23658.72,17571.38,6087.34,25.73,Credit Card,3.8,No,2026-04
ORD103208,2026-04-01,CUST10121,Headphones,Audio,East,Online,Rep_14,7,8829,0.05,58712.85,51888.68,6824.17,11.62,Debit Card,3.1,No,2026-04
ORD101995,2026-04-01,CUST10383,Headphones,Audio,North,Online,Rep_06,1,9237,0.02,9052.26,6011.6,3040.66,33.59,Credit Card,4.5,No,2026-04
ORD102641,2026-04-01,CUST10465,Tablet,Mobile,South,Online,Rep_14,3,16468,0.05,46933.8,40162.52,6771.28,14.43,Credit Card,3.9,No,2026-04
ORD100683,2026-04-01,CUST10066,Smartphone,Mobile,South,Online,Rep_19,8,58228,0.05,442532.8,378137.86,64394.94,14.55,Credit Card,4.5,Yes,2026-04
ORD103946,2026-04-01,CUST10568,Laptop,Computers,North,Online,Rep_08,3,79673,0.0,239019.0,209225.03,29793.97,12.47,Net Banking,3.8,No,2026-04
ORD104021,2026-04-01,CUST10018,Monitor,Accessories,West,Retail Store,Rep_20,6,13749,0.05,78369.3,71168.99,7200.31,9.19,UPI,4.4,No,2026-04
ORD103850,2026-04-02,CUST10397,Laptop,Computers,West,Retail Store,Rep_14,7,72369,0.2,405266.4,378445.42,26820.98,6.62,Debit Card,3.9,No,2026-04
ORD102673,2026-04-02,CUST10118,Headphones,Audio,South,Online,Rep_17,6,5543,0.0,33258.0,21712.31,11545.69,34.72,Credit Card,3.9,No,2026-04
ORD101924,2026-04-02,CUST10172,Tablet,Mobile,South,Partner,Rep_10,6,33526,0.2,160924.8,162595.25,-1670.45,-1.04,Debit Card,4.1,No,2026-04
ORD101457,2026-04-02,CUST10146,Mouse,Accessories,North,Online,Rep_03,7,2462,0.1,15510.6,14033.54,1477.06,9.52,Net Banking,4.7,No,2026-04
ORD103032,2026-04-02,CUST10375,Monitor,Accessories,West,Online,Rep_11,4,16807,0.05,63866.6,52946.82,10919.78,17.1,Credit Card,3.6,No,2026-04
ORD102736,2026-04-02,CUST10490,Headphones,Audio,West,Partner,Rep_14,4,7440,0.05,28272.0,23435.38,4836.62,17.11,Credit Card,3.9,No,2026-04
ORD103635,2026-04-02,CUST10319,Laptop,Computers,South,Partner,Rep_15,8,107563,0.02,843293.92,619859.44,223434.48,26.5,Debit Card,3.9,No,2026-04
ORD102486,2026-04-03,CUST10157,Smartwatch,Wearables,Central,Partner,Rep_10,6,3123,0.05,17801.1,14725.22,3075.88,17.28,Cash,2.6,No,2026-04
ORD104905,2026-04-03,CUST10487,Smartwatch,Wearables,West,Online,Rep_11,7,11416,0.05,75916.4,52004.44,23911.96,31.5,UPI,4.3,No,2026-04
ORD101940,2026-04-03,CUST10227,Laptop,Computers,Central,Partner,Rep_16,3,95969,0.08,264874.44,250088.08,14786.36,5.58,Debit Card,4.8,No,2026-04
ORD103475,2026-04-03,CUST10486,Printer,Office,Central,Online,Rep_05,6,13587,0.02,79891.56,60616.47,19275.09,24.13,UPI,4.3,No,2026-04
ORD103969,2026-04-03,CUST10409,Keyboard,Accessories,South,Online,Rep_20,2,2009,0.08,3696.56,3135.53,561.03,15.18,UPI,3.7,No,2026-04
ORD100754,2026-04-03,CUST10458,Tablet,Mobile,Central,Partner,Rep_06,6,22430,0.02,131888.4,100790.47,31097.93,23.58,UPI,4.8,No,2026-04
ORD104455,2026-04-04,CUST10383,Webcam,Accessories,East,Retail Store,Rep_02,1,5128,0.08,4717.76,3942.43,775.33,16.43,Credit Card,5.0,No,2026-04
ORD101360,2026-04-04,CUST10426,Keyboard,Accessories,South,Online,Rep_13,2,3854,0.05,7322.6,6170.66,1151.94,15.73,Cash,3.5,No,2026-04
ORD102409,2026-04-04,CUST10510,Smartwatch,Wearables,West,Online,Rep_14,4,9706,0.2,31059.2,28826.26,2232.94,7.19,Credit Card,5.0,No,2026-04
ORD100165,2026-04-04,CUST10380,Laptop,Computers,South,Partner,Rep_16,6,52731,0.1,284747.4,221929.78,62817.62,22.06,Debit Card,4.0,No,2026-04
ORD104610,2026-04-04,CUST10121,Tablet,Mobile,West,Retail Store,Rep_08,7,37772,0.05,251183.8,174803.44,76380.36,30.41,Cash,4.2,No,2026-04
ORD102514,2026-04-04,CUST10629,Keyboard,Accessories,East,Online,Rep_03,4,2264,0.1,8150.4,7455.1,695.3,8.53,Credit Card,3.5,No,2026-04
ORD103519,2026-04-04,CUST10232,Laptop,Computers,East,Online,Rep_11,2,82140,0.02,160994.4,137830.0,23164.4,14.39,Cash,3.6,No,2026-04
ORD103957,2026-04-05,CUST10081,Smartwatch,Wearables,Central,Partner,Rep_08,7,7840,0.15,46648.0,38494.03,8153.97,17.48,UPI,3.4,Yes,2026-04
ORD101234,2026-04-05,CUST10261,Laptop,Computers,Central,Online,Rep_18,3,53488,0.05,152440.8,137113.98,15326.82,10.05,UPI,5.0,No,2026-04
ORD104227,2026-04-05,CUST10007,Tablet,Mobile,North,Online,Rep_05,5,18369,0.15,78068.25,63612.74,14455.51,18.52,Credit Card,3.6,No,2026-04
ORD104448,2026-04-05,CUST10750,Printer,Office,North,Online,Rep_01,1,10147,0.02,9944.06,7129.23,2814.83,28.31,UPI,4.7,No,2026-04
ORD101939,2026-04-05,CUST10341,Monitor,Accessories,East,Retail Store,Rep_12,6,12862,0.05,73313.4,56315.31,16998.09,23.19,UPI,3.7,No,2026-04
ORD104659,2026-04-05,CUST10463,Smartphone,Mobile,West,Retail Store,Rep_10,4,54751,0.08,201483.68,186726.89,14756.79,7.32,Debit Card,3.4,No,2026-04
ORD100997,2026-04-05,CUST10715,Webcam,Accessories,South,Partner,Rep_13,5,6463,0.08,29729.8,25215.39,4514.41,15.18,Credit Card,4.0,No,2026-04
ORD103455,2026-04-05,CUST10641,Smartwatch,Wearables,West,Retail Store,Rep_15,2,3379,0.05,6420.1,5748.68,671.42,10.46,Cash,4.2,No,2026-04
ORD100063,2026-04-05,CUST10173,Printer,Office,North,Online,Rep_12,8,26253,0.05,199522.8,184296.39,15226.41,7.63,Credit Card,3.5,No,2026-04
ORD103713,2026-04-06,CUST10580,Headphones,Audio,South,Online,Rep_12,1,2998,0.15,2548.3,2217.38,330.92,12.99,Debit Card,4.0,No,2026-04
ORD100521,2026-04-06,CUST10360,Keyboard,Accessories,South,Partner,Rep_01,4,3500,0.02,13720.0,9543.38,4176.62,30.44,UPI,3.5,No,2026-04
ORD101791,2026-04-06,CUST10205,Smartphone,Mobile,South,Online,Rep_11,2,47896,0.0,95792.0,62035.15,33756.85,35.24,Credit Card,4.7,No,2026-04
ORD100267,2026-04-06,CUST10709,Mouse,Accessories,South,Retail Store,Rep_02,1,636,0.0,636.0,541.93,94.07,14.79,Debit Card,4.6,No,2026-04
ORD100185,2026-04-06,CUST10637,Smartphone,Mobile,Central,Retail Store,Rep_06,2,22468,0.15,38195.6,37952.23,243.37,0.64,Debit Card,4.5,No,2026-04
ORD102428,2026-04-06,CUST10336,Smartwatch,Wearables,West,Partner,Rep_18,8,13662,0.1,98366.4,83890.33,14476.07,14.72,UPI,3.7,No,2026-04
ORD100871,2026-04-06,CUST10412,Tablet,Mobile,West,Online,Rep_14,1,38746,0.1,34871.4,29214.86,5656.54,16.22,Credit Card,4.1,No,2026-04
ORD102513,2026-04-06,CUST10020,Monitor,Accessories,North,Online,Rep_06,7,27282,0.1,171876.6,122478.86,49397.74,28.74,Credit Card,3.8,No,2026-04
ORD104082,2026-04-07,CUST10430,Smartphone,Mobile,East,Online,Rep_05,2,12207,0.05,23193.3,19958.39,3234.91,13.95,UPI,3.8,No,2026-04
ORD103676,2026-04-07,CUST10305,Smartphone,Mobile,South,Retail Store,Rep_14,1,54023,0.02,52942.54,44533.6,8408.94,15.88,UPI,4.3,No,2026-04
ORD101706,2026-04-07,CUST10234,Laptop,Computers,West,Retail Store,Rep_13,7,76000,0.1,478800.0,406133.91,72666.09,15.18,Net Banking,2.7,No,2026-04
ORD101317,2026-04-07,CUST10177,Keyboard,Accessories,North,Online,Rep_07,8,3646,0.2,23334.4,19113.17,4221.23,18.09,UPI,5.0,No,2026-04
ORD104532,2026-04-07,CUST10508,Smartphone,Mobile,Central,Retail Store,Rep_16,7,50313,0.0,352191.0,272833.76,79357.24,22.53,Credit Card,3.5,No,2026-04
ORD104284,2026-04-07,CUST10324,Laptop,Computers,North,Partner,Rep_17,3,45503,0.05,129683.55,88630.84,41052.71,31.66,Net Banking,3.3,No,2026-04
ORD102533,2026-04-07,CUST10291,Tablet,Mobile,West,Retail Store,Rep_12,2,35633,0.08,65564.72,57551.59,8013.13,12.22,Credit Card,3.2,No,2026-04
ORD100851,2026-04-07,CUST10121,Laptop,Computers,North,Online,Rep_11,7,82118,0.1,517343.4,497654.82,19688.58,3.81,UPI,3.1,No,2026-04
ORD100872,2026-04-07,CUST10601,Smartphone,Mobile,East,Retail Store,Rep_20,3,25045,0.0,75135.0,53889.94,21245.06,28.28,Net Banking,4.0,No,2026-04
ORD103812,2026-04-07,CUST10377,Monitor,Accessories,Central,Partner,Rep_16,2,21594,0.05,41028.6,36292.03,4736.57,11.54,Credit Card,4.8,No,2026-04
ORD104394,2026-04-07,CUST10077,Laptop,Computers,West,Retail Store,Rep_14,4,81009,0.15,275430.6,226015.33,49415.27,17.94,Debit Card,3.1,Yes,2026-04
ORD102642,2026-04-08,CUST10265,Laptop,Computers,North,Online,Rep_12,6,45232,0.02,265964.16,192537.66,73426.5,27.61,Credit Card,3.7,No,2026-04
ORD102262,2026-04-08,CUST10033,Mouse,Accessories,South,Retail Store,Rep_10,4,2156,0.05,8192.8,6927.75,1265.05,15.44,Credit Card,3.9,No,2026-04
ORD101389,2026-04-08,CUST10008,Smartwatch,Wearables,East,Retail Store,Rep_09,1,7406,0.02,7257.88,6513.14,744.74,10.26,UPI,4.3,No,2026-04
ORD101213,2026-04-08,CUST10173,Smartphone,Mobile,Central,Online,Rep_13,5,30154,0.02,147754.6,125378.84,22375.76,15.14,Net Banking,4.0,No,2026-04
ORD102096,2026-04-08,CUST10583,Printer,Office,West,Retail Store,Rep_15,1,17810,0.05,16919.5,11611.26,5308.24,31.37,UPI,4.0,No,2026-04
ORD103125,2026-04-08,CUST10351,Headphones,Audio,North,Retail Store,Rep_02,6,4732,0.05,26972.4,22299.06,4673.34,17.33,UPI,3.7,No,2026-04
ORD104163,2026-04-08,CUST10478,Keyboard,Accessories,West,Retail Store,Rep_08,1,862,0.1,775.8,564.1,211.7,27.29,Credit Card,4.3,No,2026-04
ORD103151,2026-04-08,CUST10350,Mouse,Accessories,North,Online,Rep_16,5,2240,0.0,11200.0,9667.5,1532.5,13.68,UPI,3.4,No,2026-04
ORD101176,2026-04-08,CUST10131,Keyboard,Accessories,North,Retail Store,Rep_15,2,993,0.0,1986.0,1545.8,440.2,22.17,Net Banking,5.0,No,2026-04
ORD101472,2026-04-08,CUST10555,Headphones,Audio,West,Retail Store,Rep_13,4,9130,0.15,31042.0,23502.88,7539.12,24.29,UPI,4.7,No,2026-04
ORD100471,2026-04-08,CUST10750,Laptop,Computers,West,Online,Rep_09,1,51203,0.15,43522.55,35243.79,8278.76,19.02,UPI,4.9,No,2026-04
ORD100459,2026-04-08,CUST10448,Laptop,Computers,South,Online,Rep_18,8,81024,0.05,615782.4,496159.04,119623.36,19.43,Debit Card,3.5,No,2026-04
ORD104506,2026-04-08,CUST10437,Smartphone,Mobile,West,Partner,Rep_04,3,50998,0.05,145344.3,112333.61,33010.69,22.71,Debit Card,3.2,No,2026-04
ORD102516,2026-04-09,CUST10566,Smartwatch,Wearables,South,Retail Store,Rep_17,2,17620,0.02,34535.2,27951.86,6583.34,19.06,Net Banking,4.5,No,2026-04
ORD103750,2026-04-09,CUST10507,Webcam,Accessories,Central,Retail Store,Rep_14,3,8113,0.08,22391.88,17123.34,5268.54,23.53,UPI,3.9,No,2026-04
ORD104542,2026-04-09,CUST10580,Keyboard,Accessories,West,Retail Store,Rep_14,1,2622,0.05,2490.9,1963.57,527.33,21.17,Debit Card,4.6,No,2026-04
ORD103382,2026-04-09,CUST10666,Monitor,Accessories,South,Partner,Rep_18,8,22450,0.05,170620.0,150865.84,19754.16,11.58,Credit Card,3.3,No,2026-04
ORD102085,2026-04-09,CUST10416,Keyboard,Accessories,North,Online,Rep_18,5,3232,0.1,14544.0,10794.41,3749.59,25.78,Net Banking,4.6,No,2026-04
ORD103079,2026-04-09,CUST10554,Smartphone,Mobile,South,Online,Rep_03,4,42466,0.08,156274.88,110401.23,45873.65,29.35,Net Banking,5.0,No,2026-04
ORD104267,2026-04-09,CUST10374,Mouse,Accessories,West,Online,Rep_18,8,908,0.05,6900.8,6366.22,534.58,7.75,Net Banking,3.4,No,2026-04
ORD100807,2026-04-09,CUST10316,Smartwatch,Wearables,Central,Partner,Rep_02,6,24115,0.1,130221.0,107300.84,22920.16,17.6,Debit Card,4.3,No,2026-04
ORD101837,2026-04-09,CUST10542,Smartphone,Mobile,South,Retail Store,Rep_07,4,40025,0.0,160100.0,119281.17,40818.83,25.5,UPI,3.8,Yes,2026-04
ORD103265,2026-04-09,CUST10147,Printer,Office,Central,Online,Rep_10,8,20236,0.08,148936.96,119560.22,29376.74,19.72,Debit Card,4.3,No,2026-04
ORD100596,2026-04-09,CUST10468,Monitor,Accessories,North,Online,Rep_09,2,10485,0.05,19921.5,16928.47,2993.03,15.02,Debit Card,3.4,No,2026-04
ORD104985,2026-04-09,CUST10469,Keyboard,Accessories,South,Retail Store,Rep_08,8,3391,0.0,27128.0,21735.56,5392.44,19.88,Net Banking,3.0,No,2026-04
ORD103693,2026-04-09,CUST10648,Headphones,Audio,North,Retail Store,Rep_20,4,7064,0.0,28256.0,23379.79,4876.21,17.26,Net Banking,2.4,No,2026-04
ORD104179,2026-04-09,CUST10594,Tablet,Mobile,North,Online,Rep_09,3,26557,0.15,67720.35,57566.75,10153.6,14.99,UPI,4.5,No,2026-04
ORD104854,2026-04-09,CUST10729,Tablet,Mobile,North,Online,Rep_19,5,52917,0.0,264585.0,228590.57,35994.43,13.6,Net Banking,4.1,No,2026-04
ORD102543,2026-04-09,CUST10089,Printer,Office,South,Partner,Rep_09,8,18880,0.08,138956.8,95101.26,43855.54,31.56,Net Banking,4.1,Yes,2026-04
ORD100567,2026-04-09,CUST10701,Monitor,Accessories,West,Partner,Rep_09,3,23660,0.0,70980.0,48738.62,22241.38,31.33,Net Banking,3.7,No,2026-04
ORD103111,2026-04-09,CUST10532,Mouse,Accessories,West,Online,Rep_09,5,707,0.02,3464.3,2642.41,821.89,23.72,Credit Card,5.0,No,2026-04
ORD102201,2026-04-09,CUST10511,Smartwatch,Wearables,North,Online,Rep_08,3,4612,0.1,12452.4,9124.06,3328.34,26.73,Credit Card,4.0,No,2026-04
ORD103524,2026-04-09,CUST10092,Laptop,Computers,South,Retail Store,Rep_09,8,107883,0.15,733604.4,558264.33,175340.07,23.9,Credit Card,4.0,No,2026-04
ORD102011,2026-04-09,CUST10005,Laptop,Computers,West,Online,Rep_19,5,62042,0.02,304005.8,256346.74,47659.06,15.68,UPI,4.8,No,2026-04
ORD100270,2026-04-09,CUST10373,Tablet,Mobile,Central,Retail Store,Rep_10,7,21542,0.05,143254.3,100079.9,43174.4,30.14,Credit Card,4.7,No,2026-04
ORD104749,2026-04-10,CUST10334,Monitor,Accessories,West,Partner,Rep_15,8,23745,0.15,161466.0,149307.01,12158.99,7.53,Debit Card,4.8,No,2026-04
ORD103914,2026-04-10,CUST10578,Smartwatch,Wearables,East,Retail Store,Rep_03,6,7270,0.08,40130.4,27249.67,12880.73,32.1,Credit Card,4.0,No,2026-04
ORD102035,2026-04-10,CUST10745,Mouse,Accessories,South,Partner,Rep_19,2,757,0.15,1286.9,1151.26,135.64,10.54,Cash,3.5,No,2026-04
ORD104780,2026-04-10,CUST10470,Smartphone,Mobile,North,Online,Rep_16,5,54636,0.0,273180.0,237209.28,35970.72,13.17,Credit Card,3.8,No,2026-04
ORD102802,2026-04-10,CUST10347,Webcam,Accessories,South,Retail Store,Rep_03,7,5725,0.05,38071.25,27014.5,11056.75,29.04,Credit Card,5.0,No,2026-04
ORD103293,2026-04-10,CUST10424,Tablet,Mobile,South,Online,Rep_02,3,33358,0.05,95070.3,66891.64,28178.66,29.64,Cash,3.8,No,2026-04
ORD104401,2026-04-10,CUST10113,Smartphone,Mobile,East,Retail Store,Rep_06,3,56545,0.1,152671.5,115235.13,37436.37,24.52,UPI,4.0,No,2026-04
ORD100805,2026-04-11,CUST10358,Monitor,Accessories,South,Online,Rep_03,3,13891,0.05,39589.35,30389.05,9200.3,23.24,Net Banking,4.3,No,2026-04
ORD100390,2026-04-11,CUST10054,Printer,Office,South,Online,Rep_08,5,22459,0.15,95450.75,98012.48,-2561.73,-2.68,Credit Card,5.0,No,2026-04
ORD103556,2026-04-11,CUST10720,Mouse,Accessories,North,Online,Rep_12,1,2325,0.1,2092.5,1472.55,619.95,29.63,Credit Card,4.5,No,2026-04
ORD101294,2026-04-11,CUST10281,Mouse,Accessories,East,Online,Rep_05,6,1504,0.05,8572.8,6898.69,1674.11,19.53,UPI,4.6,No,2026-04
ORD101141,2026-04-11,CUST10071,Printer,Office,West,Retail Store,Rep_10,2,27839,0.08,51223.76,44548.27,6675.49,13.03,UPI,3.6,No,2026-04
ORD101359,2026-04-11,CUST10169,Smartphone,Mobile,North,Online,Rep_18,7,19028,0.05,126536.2,115541.01,10995.19,8.69,Net Banking,4.5,No,2026-04
ORD102279,2026-04-11,CUST10457,Mouse,Accessories,Central,Retail Store,Rep_11,2,2227,0.05,4231.3,3703.64,527.66,12.47,Net Banking,4.6,No,2026-04
ORD104540,2026-04-11,CUST10047,Laptop,Computers,Central,Retail Store,Rep_19,3,109950,0.0,329850.0,282381.27,47468.73,14.39,Net Banking,3.1,No,2026-04
ORD103210,2026-04-11,CUST10674,Mouse,Accessories,West,Online,Rep_04,7,1520,0.08,9788.8,6667.59,3121.21,31.89,Net Banking,5.0,No,2026-04
ORD103179,2026-04-11,CUST10376,Printer,Office,North,Retail Store,Rep_02,1,14412,0.08,13259.04,8964.89,4294.15,32.39,Cash,3.2,No,2026-04
ORD101665,2026-04-11,CUST10680,Smartwatch,Wearables,East,Online,Rep_18,8,3932,0.08,28939.52,22750.23,6189.29,21.39,UPI,4.6,No,2026-04
ORD103902,2026-04-12,CUST10645,Tablet,Mobile,Central,Online,Rep_10,2,46785,0.15,79534.5,69346.63,10187.87,12.81,Debit Card,4.2,No,2026-04
ORD101860,2026-04-12,CUST10613,Headphones,Audio,North,Online,Rep_17,3,7269,0.1,19626.3,19155.48,470.82,2.4,Cash,4.1,No,2026-04
ORD103881,2026-04-12,CUST10515,Monitor,Accessories,Central,Retail Store,Rep_14,1,26083,0.0,26083.0,18924.98,7158.02,27.44,Credit Card,4.5,No,2026-04
ORD103870,2026-04-12,CUST10610,Laptop,Computers,Central,Online,Rep_01,2,87780,0.1,158004.0,130161.26,27842.74,17.62,Credit Card,5.0,No,2026-04
ORD103020,2026-04-12,CUST10385,Headphones,Audio,East,Retail Store,Rep_09,4,8376,0.1,30153.6,23650.42,6503.18,21.57,Net Banking,3.5,No,2026-04
ORD101203,2026-04-12,CUST10329,Laptop,Computers,South,Online,Rep_04,3,104504,0.05,297836.4,225027.01,72809.39,24.45,Debit Card,4.1,No,2026-04
ORD102629,2026-04-12,CUST10199,Monitor,Accessories,Central,Online,Rep_05,6,8412,0.15,42901.2,38353.22,4547.98,10.6,Net Banking,3.8,No,2026-04
ORD101774,2026-04-12,CUST10325,Smartwatch,Wearables,Central,Retail Store,Rep_20,1,22734,0.05,21597.3,16911.91,4685.39,21.69,Debit Card,3.3,No,2026-04
ORD102579,2026-04-12,CUST10706,Tablet,Mobile,South,Online,Rep_18,7,53463,0.0,374241.0,322749.92,51491.08,13.76,Debit Card,4.3,No,2026-04
ORD104945,2026-04-12,CUST10227,Printer,Office,South,Online,Rep_09,4,15441,0.08,56822.88,49018.01,7804.87,13.74,UPI,4.1,No,2026-04
ORD104618,2026-04-12,CUST10631,Webcam,Accessories,Central,Retail Store,Rep_17,7,1569,0.05,10433.85,7150.47,3283.38,31.47,Credit Card,4.3,No,2026-04
ORD102942,2026-04-12,CUST10324,Mouse,Accessories,East,Online,Rep_18,1,2400,0.15,2040.0,1641.48,398.52,19.54,UPI,3.7,No,2026-04
ORD103101,2026-04-13,CUST10328,Laptop,Computers,South,Retail Store,Rep_06,1,89505,0.05,85029.75,63431.63,21598.12,25.4,Debit Card,4.4,No,2026-04
ORD100447,2026-04-13,CUST10206,Smartwatch,Wearables,Central,Online,Rep_13,1,5031,0.1,4527.9,3348.05,1179.85,26.06,Credit Card,3.7,No,2026-04
ORD101677,2026-04-13,CUST10178,Laptop,Computers,South,Online,Rep_11,6,55542,0.05,316589.4,285889.55,30699.85,9.7,Debit Card,4.1,No,2026-04
ORD102308,2026-04-13,CUST10438,Mouse,Accessories,South,Retail Store,Rep_09,2,1181,0.02,2314.76,1667.59,647.17,27.96,Net Banking,4.6,No,2026-04
ORD104012,2026-04-13,CUST10657,Monitor,Accessories,South,Retail Store,Rep_14,6,24205,0.08,133611.6,115230.14,18381.46,13.76,UPI,3.9,No,2026-04
ORD100297,2026-04-13,CUST10499,Headphones,Audio,Central,Partner,Rep_10,3,7766,0.0,23298.0,14991.91,8306.09,35.65,Credit Card,4.2,No,2026-04
ORD104826,2026-04-13,CUST10627,Smartphone,Mobile,West,Online,Rep_08,7,31029,0.0,217203.0,171860.26,45342.74,20.88,Cash,2.9,No,2026-04
ORD102683,2026-04-13,CUST10216,Laptop,Computers,North,Online,Rep_14,1,54285,0.05,51570.75,34871.52,16699.23,32.38,Credit Card,3.9,No,2026-04
ORD103160,2026-04-13,CUST10187,Tablet,Mobile,Central,Retail Store,Rep_05,8,33719,0.1,242776.8,220429.38,22347.42,9.2,Credit Card,2.6,No,2026-04
ORD101093,2026-04-13,CUST10227,Mouse,Accessories,Central,Retail Store,Rep_14,5,1214,0.15,5159.5,4955.52,203.98,3.95,Net Banking,4.1,No,2026-04
ORD100278,2026-04-14,CUST10289,Mouse,Accessories,West,Online,Rep_20,3,2105,0.02,6188.7,4538.15,1650.55,26.67,Cash,3.9,No,2026-04
ORD102898,2026-04-14,CUST10603,Smartphone,Mobile,West,Partner,Rep_11,8,48978,0.02,383987.52,317643.06,66344.46,17.28,UPI,3.4,No,2026-04
ORD100058,2026-04-14,CUST10130,Smartphone,Mobile,North,Partner,Rep_05,2,25222,0.05,47921.8,33399.22,14522.58,30.3,UPI,3.5,No,2026-04
ORD104325,2026-04-14,CUST10291,Printer,Office,North,Partner,Rep_02,1,22791,0.1,20511.9,15582.01,4929.89,24.03,UPI,4.2,No,2026-04
ORD103716,2026-04-14,CUST10172,Tablet,Mobile,South,Online,Rep_19,1,18365,0.08,16895.8,13626.94,3268.86,19.35,UPI,3.2,Yes,2026-04
ORD102147,2026-04-14,CUST10707,Monitor,Accessories,West,Retail Store,Rep_02,3,11606,0.08,32032.56,25523.27,6509.29,20.32,Debit Card,3.7,No,2026-04
ORD104277,2026-04-14,CUST10307,Monitor,Accessories,South,Partner,Rep_06,8,25195,0.1,181404.0,137582.48,43821.52,24.16,Credit Card,4.7,No,2026-04
ORD104949,2026-04-15,CUST10364,Printer,Office,Central,Online,Rep_15,3,23776,0.02,69901.44,60151.5,9749.94,13.95,Cash,3.9,No,2026-04
ORD104654,2026-04-15,CUST10156,Printer,Office,North,Online,Rep_01,3,19642,0.02,57747.48,41504.33,16243.15,28.13,Net Banking,4.2,No,2026-04
ORD102920,2026-04-15,CUST10276,Tablet,Mobile,South,Online,Rep_02,2,25301,0.05,48071.9,35979.86,12092.04,25.15,Debit Card,3.2,No,2026-04
ORD104944,2026-04-15,CUST10466,Tablet,Mobile,North,Retail Store,Rep_02,4,17100,0.0,68400.0,44355.56,24044.44,35.15,UPI,4.5,No,2026-04
ORD103665,2026-04-15,CUST10327,Keyboard,Accessories,Central,Retail Store,Rep_02,6,1392,0.02,8184.96,6195.81,1989.15,24.3,Cash,3.2,No,2026-04
ORD103169,2026-04-15,CUST10330,Headphones,Audio,East,Retail Store,Rep_13,5,4316,0.0,21580.0,14923.48,6656.52,30.85,UPI,4.2,No,2026-04
ORD101890,2026-04-15,CUST10578,Smartwatch,Wearables,West,Online,Rep_19,8,15402,0.05,117055.2,86443.0,30612.2,26.15,Credit Card,4.6,No,2026-04
ORD102634,2026-04-15,CUST10143,Smartphone,Mobile,South,Partner,Rep_02,2,12246,0.05,23267.4,18319.02,4948.38,21.27,Credit Card,4.6,No,2026-04
ORD101289,2026-04-15,CUST10581,Laptop,Computers,South,Retail Store,Rep_15,4,98971,0.15,336501.4,313954.43,22546.97,6.7,Credit Card,4.4,No,2026-04
ORD100896,2026-04-16,CUST10611,Smartphone,Mobile,Central,Online,Rep_20,4,33940,0.02,133044.8,103784.89,29259.91,21.99,Credit Card,4.2,No,2026-04
ORD101777,2026-04-16,CUST10748,Mouse,Accessories,East,Online,Rep_03,4,1389,0.0,5556.0,3699.15,1856.85,33.42,Debit Card,5.0,No,2026-04
ORD101109,2026-04-16,CUST10381,Mouse,Accessories,North,Partner,Rep_05,4,1146,0.15,3896.4,3619.47,276.93,7.11,Credit Card,3.8,No,2026-04
ORD102810,2026-04-16,CUST10396,Headphones,Audio,South,Online,Rep_19,5,9104,0.0,45520.0,40037.14,5482.86,12.04,Debit Card,3.4,No,2026-04
ORD103104,2026-04-16,CUST10235,Monitor,Accessories,South,Online,Rep_07,2,12290,0.08,22613.6,19652.31,2961.29,13.1,Cash,3.8,No,2026-04
ORD102589,2026-04-16,CUST10744,Smartphone,Mobile,West,Retail Store,Rep_12,5,24098,0.05,114465.5,85803.43,28662.07,25.04,UPI,3.8,No,2026-04
ORD103754,2026-04-16,CUST10239,Mouse,Accessories,North,Partner,Rep_17,6,1936,0.15,9873.6,9740.52,133.08,1.35,Cash,4.6,No,2026-04
ORD101330,2026-04-16,CUST10438,Monitor,Accessories,East,Online,Rep_14,3,12490,0.08,34472.4,24908.56,9563.84,27.74,Credit Card,4.3,No,2026-04
ORD100609,2026-04-16,CUST10536,Monitor,Accessories,West,Retail Store,Rep_05,2,11317,0.05,21502.3,16667.97,4834.33,22.48,Net Banking,3.3,No,2026-04
ORD102359,2026-04-17,CUST10666,Keyboard,Accessories,East,Online,Rep_03,4,1803,0.05,6851.4,5874.67,976.73,14.26,Credit Card,4.1,No,2026-04
ORD104474,2026-04-17,CUST10361,Tablet,Mobile,West,Online,Rep_09,6,39942,0.1,215686.8,166277.57,49409.23,22.91,Credit Card,3.3,No,2026-04
ORD103366,2026-04-17,CUST10012,Mouse,Accessories,West,Retail Store,Rep_11,2,1373,0.05,2608.7,2131.58,477.12,18.29,Cash,5.0,No,2026-04
ORD103566,2026-04-17,CUST10556,Headphones,Audio,East,Retail Store,Rep_16,8,2846,0.05,21629.6,17292.45,4337.15,20.05,UPI,3.1,No,2026-04
ORD102709,2026-04-17,CUST10319,Laptop,Computers,North,Retail Store,Rep_20,2,98185,0.08,180660.4,164249.8,16410.6,9.08,Debit Card,4.7,No,2026-04
ORD100256,2026-04-17,CUST10496,Keyboard,Accessories,South,Online,Rep_17,5,3361,0.1,15124.5,12392.13,2732.37,18.07,Credit Card,4.4,No,2026-04
ORD102525,2026-04-17,CUST10310,Printer,Office,North,Retail Store,Rep_09,3,6810,0.08,18795.6,17767.28,1028.32,5.47,UPI,4.5,No,2026-04
ORD100027,2026-04-17,CUST10534,Smartphone,Mobile,Central,Partner,Rep_12,3,32018,0.05,91251.3,61600.45,29650.85,32.49,Credit Card,4.5,No,2026-04
ORD101096,2026-04-17,CUST10295,Smartphone,Mobile,West,Partner,Rep_11,1,12014,0.02,11773.72,8323.64,3450.08,29.3,UPI,2.8,No,2026-04
ORD102668,2026-04-17,CUST10495,Mouse,Accessories,East,Online,Rep_09,5,2241,0.1,10084.5,9564.41,520.09,5.16,Credit Card,4.8,No,2026-04
ORD102623,2026-04-17,CUST10200,Monitor,Accessories,North,Retail Store,Rep_14,7,16528,0.02,113382.08,79451.02,33931.06,29.93,UPI,5.0,Yes,2026-04
ORD101690,2026-04-18,CUST10668,Headphones,Audio,North,Online,Rep_05,7,9207,0.2,51559.2,48961.4,2597.8,5.04,UPI,3.3,No,2026-04
ORD103214,2026-04-18,CUST10260,Mouse,Accessories,South,Retail Store,Rep_13,3,975,0.15,2486.25,2133.77,352.48,14.18,Debit Card,4.9,No,2026-04
ORD103350,2026-04-18,CUST10291,Smartphone,Mobile,Central,Online,Rep_07,2,22177,0.02,43466.92,33033.48,10433.44,24.0,Credit Card,4.1,No,2026-04
ORD103500,2026-04-18,CUST10163,Headphones,Audio,North,Online,Rep_16,6,1400,0.08,7728.0,6830.21,897.79,11.62,Cash,3.9,No,2026-04
ORD100519,2026-04-18,CUST10148,Smartwatch,Wearables,South,Online,Rep_08,8,12074,0.1,86932.8,70216.17,16716.63,19.23,Credit Card,4.0,No,2026-04
ORD103543,2026-04-18,CUST10599,Smartphone,Mobile,South,Online,Rep_06,8,53498,0.08,393745.28,299305.94,94439.34,23.98,Net Banking,4.4,No,2026-04
ORD102488,2026-04-18,CUST10452,Webcam,Accessories,West,Online,Rep_07,6,2413,0.05,13754.1,9485.45,4268.65,31.04,UPI,3.1,No,2026-04
ORD102686,2026-04-18,CUST10210,Laptop,Computers,West,Partner,Rep_19,2,49362,0.05,93787.8,61647.17,32140.63,34.27,UPI,3.8,No,2026-04
ORD102791,2026-04-18,CUST10162,Headphones,Audio,South,Online,Rep_16,3,11730,0.0,35190.0,29509.48,5680.52,16.14,Credit Card,4.2,No,2026-04
ORD102545,2026-04-19,CUST10742,Laptop,Computers,North,Online,Rep_18,3,84232,0.05,240061.2,169986.2,70075.0,29.19,UPI,3.9,No,2026-04
ORD100532,2026-04-19,CUST10596,Smartwatch,Wearables,Central,Retail Store,Rep_18,4,17788,0.02,69728.96,52372.56,17356.4,24.89,Net Banking,3.6,No,2026-04
ORD104815,2026-04-19,CUST10264,Headphones,Audio,South,Online,Rep_19,8,2504,0.08,18429.44,13586.61,4842.83,26.28,UPI,4.8,No,2026-04
ORD104714,2026-04-19,CUST10390,Headphones,Audio,North,Online,Rep_14,3,8773,0.08,24213.48,21497.37,2716.11,11.22,UPI,4.4,Yes,2026-04
ORD103867,2026-04-19,CUST10393,Monitor,Accessories,North,Online,Rep_06,2,9075,0.02,17787.0,14128.23,3658.77,20.57,UPI,4.1,No,2026-04
ORD100264,2026-04-19,CUST10687,Keyboard,Accessories,South,Online,Rep_06,7,2299,0.08,14805.56,13342.23,1463.33,9.88,UPI,3.8,No,2026-04
ORD103050,2026-04-19,CUST10608,Smartphone,Mobile,West,Online,Rep_11,7,63227,0.1,398330.1,299326.07,99004.03,24.85,Credit Card,4.1,No,2026-04
ORD103414,2026-04-19,CUST10071,Tablet,Mobile,West,Online,Rep_03,2,18291,0.05,34752.9,29115.61,5637.29,16.22,Credit Card,4.3,No,2026-04
ORD102649,2026-04-19,CUST10108,Monitor,Accessories,Central,Online,Rep_16,8,10748,0.0,85984.0,68715.08,17268.92,20.08,Debit Card,4.3,No,2026-04
ORD101128,2026-04-19,CUST10674,Monitor,Accessories,West,Retail Store,Rep_10,7,20645,0.15,122837.75,98162.79,24674.96,20.09,Cash,3.5,No,2026-04
ORD104836,2026-04-19,CUST10408,Laptop,Computers,North,Partner,Rep_15,1,76493,0.0,76493.0,50719.98,25773.02,33.69,Cash,4.5,No,2026-04
ORD104838,2026-04-19,CUST10697,Monitor,Accessories,East,Online,Rep_13,3,29878,0.05,85152.3,57523.1,27629.2,32.45,UPI,5.0,No,2026-04
ORD100886,2026-04-19,CUST10734,Smartphone,Mobile,North,Retail Store,Rep_06,4,22626,0.1,81453.6,75783.39,5670.21,6.96,Debit Card,4.6,No,2026-04
ORD104819,2026-04-20,CUST10732,Webcam,Accessories,West,Online,Rep_01,2,2303,0.08,4237.52,3920.82,316.7,7.47,UPI,4.1,No,2026-04
ORD104602,2026-04-20,CUST10640,Headphones,Audio,Central,Online,Rep_12,8,9127,0.08,67174.72,57107.33,10067.39,14.99,Credit Card,4.0,No,2026-04
ORD101300,2026-04-20,CUST10335,Headphones,Audio,West,Online,Rep_05,6,6193,0.0,37158.0,25375.54,11782.46,31.71,Credit Card,4.6,No,2026-04
ORD102727,2026-04-20,CUST10374,Laptop,Computers,South,Online,Rep_04,1,91915,0.15,78127.75,65717.71,12410.04,15.88,Credit Card,3.6,No,2026-04
ORD103967,2026-04-20,CUST10722,Tablet,Mobile,East,Retail Store,Rep_09,5,54069,0.08,248717.4,217321.7,31395.7,12.62,Debit Card,4.5,No,2026-04
ORD104119,2026-04-20,CUST10639,Smartphone,Mobile,Central,Retail Store,Rep_06,6,36658,0.08,202352.16,177580.53,24771.63,12.24,UPI,3.6,No,2026-04
ORD103496,2026-04-20,CUST10525,Smartphone,Mobile,Central,Online,Rep_12,4,39406,0.05,149742.8,106938.27,42804.53,28.59,Net Banking,5.0,No,2026-04
ORD101666,2026-04-20,CUST10034,Printer,Office,South,Online,Rep_04,1,6480,0.05,6156.0,4632.05,1523.95,24.76,Credit Card,3.4,No,2026-04
ORD103840,2026-04-20,CUST10344,Mouse,Accessories,West,Retail Store,Rep_14,2,554,0.05,1052.6,805.23,247.37,23.5,Debit Card,3.5,No,2026-04
ORD104299,2026-04-20,CUST10721,Monitor,Accessories,East,Retail Store,Rep_06,2,22307,0.05,42383.3,36081.9,6301.4,14.87,Debit Card,3.3,No,2026-04
ORD103620,2026-04-20,CUST10322,Smartphone,Mobile,North,Partner,Rep_10,4,39788,0.02,155968.96,101762.14,54206.82,34.75,UPI,3.6,No,2026-04
ORD103243,2026-04-21,CUST10197,Keyboard,Accessories,North,Online,Rep_11,4,3042,0.02,11924.64,7949.41,3975.23,33.34,Net Banking,4.1,No,2026-04
ORD102472,2026-04-21,CUST10054,Smartwatch,Wearables,Central,Online,Rep_18,3,17039,0.08,47027.64,33837.97,13189.67,28.05,Debit Card,3.9,No,2026-04
ORD104742,2026-04-21,CUST10687,Smartphone,Mobile,Central,Retail Store,Rep_09,2,38313,0.02,75093.48,56673.63,18419.85,24.53,Credit Card,4.4,No,2026-04
ORD102915,2026-04-21,CUST10726,Smartphone,Mobile,Central,Online,Rep_18,5,19980,0.08,91908.0,74369.04,17538.96,19.08,Cash,3.9,No,2026-04
ORD104251,2026-04-21,CUST10021,Tablet,Mobile,West,Retail Store,Rep_04,4,43806,0.08,161206.08,121458.58,39747.5,24.66,Net Banking,4.6,No,2026-04
ORD104278,2026-04-21,CUST10470,Tablet,Mobile,Central,Online,Rep_07,7,43918,0.05,292054.7,242372.99,49681.71,17.01,UPI,3.0,No,2026-04
ORD102542,2026-04-21,CUST10623,Headphones,Audio,West,Retail Store,Rep_10,8,7004,0.08,51549.44,42710.99,8838.45,17.15,UPI,4.9,No,2026-04
ORD104290,2026-04-21,CUST10094,Printer,Office,West,Retail Store,Rep_10,1,18448,0.2,14758.4,15771.36,-1012.96,-6.86,Net Banking,2.8,No,2026-04
ORD101315,2026-04-21,CUST10744,Monitor,Accessories,West,Partner,Rep_09,4,19106,0.05,72602.8,64983.64,7619.16,10.49,Credit Card,5.0,No,2026-04
ORD102058,2026-04-21,CUST10561,Monitor,Accessories,South,Online,Rep_07,6,18601,0.0,111606.0,95230.12,16375.88,14.67,UPI,4.1,No,2026-04
ORD103834,2026-04-22,CUST10272,Tablet,Mobile,North,Retail Store,Rep_15,7,53708,0.02,368436.88,320912.57,47524.31,12.9,Credit Card,5.0,No,2026-04
ORD104664,2026-04-22,CUST10548,Printer,Office,Central,Partner,Rep_04,4,19809,0.0,79236.0,56396.26,22839.74,28.82,Debit Card,4.4,No,2026-04
ORD101709,2026-04-22,CUST10509,Mouse,Accessories,South,Retail Store,Rep_12,7,1107,0.08,7129.08,6727.29,401.79,5.64,UPI,4.9,No,2026-04
ORD101976,2026-04-22,CUST10509,Smartwatch,Wearables,North,Partner,Rep_01,4,5805,0.02,22755.6,18318.74,4436.86,19.5,UPI,3.6,No,2026-04
ORD103681,2026-04-22,CUST10551,Headphones,Audio,West,Online,Rep_15,7,7105,0.15,42274.75,37093.85,5180.9,12.26,UPI,5.0,No,2026-04
ORD100106,2026-04-22,CUST10178,Smartphone,Mobile,South,Partner,Rep_07,8,55898,0.05,424824.8,283357.55,141467.25,33.3,Credit Card,4.2,No,2026-04
ORD101508,2026-04-22,CUST10193,Keyboard,Accessories,South,Retail Store,Rep_20,8,1371,0.05,10419.6,8943.0,1476.6,14.17,Debit Card,3.3,No,2026-04
ORD103642,2026-04-22,CUST10548,Webcam,Accessories,North,Retail Store,Rep_03,3,5792,0.15,14769.6,14344.51,425.09,2.88,Net Banking,3.9,No,2026-04
ORD100062,2026-04-22,CUST10285,Smartphone,Mobile,North,Online,Rep_17,8,14379,0.05,109280.4,92740.19,16540.21,15.14,UPI,3.9,No,2026-04
ORD101446,2026-04-22,CUST10603,Smartphone,Mobile,North,Online,Rep_14,2,63991,0.0,127982.0,92490.93,35491.07,27.73,Debit Card,3.7,Yes,2026-04
ORD103131,2026-04-23,CUST10340,Printer,Office,North,Partner,Rep_08,8,16459,0.05,125088.4,83577.32,41511.08,33.19,Debit Card,4.8,No,2026-04
ORD100271,2026-04-23,CUST10222,Printer,Office,East,Online,Rep_09,6,23699,0.05,135084.3,124941.98,10142.32,7.51,Net Banking,3.9,No,2026-04
ORD100744,2026-04-23,CUST10367,Monitor,Accessories,Central,Partner,Rep_03,4,20968,0.2,67097.6,63143.57,3954.03,5.89,UPI,4.7,No,2026-04
ORD104067,2026-04-23,CUST10146,Smartphone,Mobile,West,Online,Rep_17,3,24727,0.02,72697.38,65027.96,7669.42,10.55,UPI,3.9,No,2026-04
ORD103647,2026-04-23,CUST10261,Monitor,Accessories,West,Online,Rep_01,4,28023,0.0,112092.0,91971.79,20120.21,17.95,UPI,5.0,No,2026-04
ORD104349,2026-04-23,CUST10125,Printer,Office,South,Retail Store,Rep_06,2,13230,0.05,25137.0,22623.61,2513.39,10.0,UPI,4.0,No,2026-04
ORD100069,2026-04-23,CUST10131,Laptop,Computers,West,Online,Rep_02,1,77752,0.05,76196.96,62026.24,14170.72,18.6,Credit Card,4.7,No,2026-04
ORD100585,2026-04-23,CUST10507,Mouse,Accessories,North,Online,Rep_06,2,2039,0.08,3751.76,2598.06,1153.7,30.75,Cash,4.0,No,2026-04
ORD104117,2026-04-23,CUST10686,Webcam,Accessories,South,Online,Rep_02,1,3511,0.08,3230.12,2945.25,284.87,8.82,Debit Card,4.4,Yes,2026-04
ORD102869,2026-04-23,CUST10681,Smartphone,Mobile,East,Online,Rep_19,8,42949,0.0,343592.0,221592.41,121999.59,35.51,Net Banking,3.3,No,2026-04
ORD103983,2026-04-24,CUST10407,Smartphone,Mobile,West,Online,Rep_08,8,31017,0.08,228285.12,172446.26,55838.86,24.46,UPI,5.0,No,2026-04
ORD103779,2026-04-24,CUST10596,Mouse,Accessories,South,Online,Rep_20,7,1924,0.05,12794.6,8468.55,4326.05,33.81,UPI,4.4,No,2026-04
ORD100431,2026-04-24,CUST10459,Smartphone,Mobile,East,Online,Rep_05,4,49630,0.08,182638.4,133768.05,48870.35,26.76,Cash,4.2,No,2026-04
ORD104492,2026-04-24,CUST10668,Mouse,Accessories,Central,Partner,Rep_07,5,1893,0.0,9465.0,5897.27,3567.73,37.69,Credit Card,2.5,No,2026-04
ORD101929,2026-04-24,CUST10639,Mouse,Accessories,South,Partner,Rep_01,2,2499,0.0,4998.0,3668.7,1329.3,26.6,UPI,4.2,No,2026-04
ORD100478,2026-04-24,CUST10147,Keyboard,Accessories,West,Online,Rep_05,7,4124,0.08,26558.56,18631.45,7927.11,29.85,Net Banking,3.5,No,2026-04
ORD102625,2026-04-24,CUST10051,Tablet,Mobile,North,Online,Rep_04,1,46864,0.05,44520.8,30433.13,14087.67,31.64,Net Banking,4.2,No,2026-04
ORD100586,2026-04-24,CUST10486,Smartphone,Mobile,North,Online,Rep_20,6,30821,0.08,170131.92,153168.72,16963.2,9.97,Debit Card,4.4,No,2026-04
ORD100818,2026-04-24,CUST10732,Monitor,Accessories,West,Online,Rep_17,8,23225,0.08,170936.0,134382.39,36553.61,21.38,Net Banking,2.9,Yes,2026-04
ORD102575,2026-04-24,CUST10039,Smartphone,Mobile,East,Online,Rep_03,6,12166,0.0,72996.0,52374.35,20621.65,28.25,UPI,3.8,No,2026-04
ORD100517,2026-04-24,CUST10723,Tablet,Mobile,North,Partner,Rep_03,3,19617,0.05,55908.45,51151.43,4757.02,8.51,Cash,3.2,No,2026-04
ORD100327,2026-04-24,CUST10464,Keyboard,Accessories,West,Retail Store,Rep_16,4,1381,0.05,5524.0,4781.97,742.03,13.43,Debit Card,3.8,Yes,2026-04
ORD100003,2026-04-25,CUST10222,Headphones,Audio,North,Online,Rep_06,5,8556,0.1,38502.0,26690.66,11811.34,30.68,Debit Card,4.8,No,2026-04
ORD104140,2026-04-25,CUST10136,Keyboard,Accessories,Central,Online,Rep_12,5,3777,0.08,17374.2,14978.96,2395.24,13.79,Net Banking,3.7,No,2026-04
ORD104804,2026-04-25,CUST10742,Smartphone,Mobile,East,Retail Store,Rep_15,3,45259,0.05,128988.15,89757.46,39230.69,30.41,Debit Card,3.7,No,2026-04
ORD102796,2026-04-25,CUST10231,Keyboard,Accessories,Central,Online,Rep_05,1,3197,0.1,2877.3,2216.23,661.07,22.98,Credit Card,3.3,No,2026-04
ORD103386,2026-04-25,CUST10233,Webcam,Accessories,West,Retail Store,Rep_02,8,8441,0.02,66177.44,57806.63,8370.81,12.65,Credit Card,3.8,No,2026-04
ORD101246,2026-04-25,CUST10693,Mouse,Accessories,North,Online,Rep_11,2,1274,0.1,2293.2,2149.6,143.6,6.26,Net Banking,3.8,No,2026-04
ORD101376,2026-04-25,CUST10016,Webcam,Accessories,North,Online,Rep_18,1,6693,0.1,6023.7,4536.23,1487.47,24.69,Credit Card,4.6,Yes,2026-04
ORD104226,2026-04-25,CUST10681,Headphones,Audio,South,Retail Store,Rep_17,4,2152,0.1,7747.2,6530.16,1217.04,15.71,Credit Card,3.4,No,2026-04
ORD101490,2026-04-25,CUST10469,Monitor,Accessories,North,Online,Rep_15,5,16985,0.15,72186.25,58174.46,14011.79,19.41,Credit Card,3.6,No,2026-04
ORD101267,2026-04-25,CUST10134,Monitor,Accessories,South,Retail Store,Rep_10,7,17787,0.0,124509.0,95644.09,28864.91,23.18,Credit Card,4.0,No,2026-04
ORD102291,2026-04-25,CUST10545,Mouse,Accessories,South,Partner,Rep_20,3,2474,0.0,7422.0,4681.58,2740.42,36.92,Debit Card,2.8,No,2026-04
ORD103921,2026-04-26,CUST10606,Smartwatch,Wearables,East,Online,Rep_12,2,14570,0.2,23312.0,19869.01,3442.99,14.77,UPI,4.5,No,2026-04
ORD102860,2026-04-26,CUST10231,Smartphone,Mobile,South,Partner,Rep_07,5,35684,0.1,160578.0,123997.76,36580.24,22.78,UPI,4.0,No,2026-04
ORD103100,2026-04-26,CUST10425,Monitor,Accessories,South,Retail Store,Rep_06,4,27684,0.08,101877.12,83796.46,18080.66,17.75,Net Banking,3.3,Yes,2026-04
ORD102968,2026-04-26,CUST10056,Keyboard,Accessories,West,Online,Rep_17,8,3171,0.05,24099.6,16438.64,7660.96,31.79,UPI,3.2,Yes,2026-04
ORD104050,2026-04-26,CUST10463,Smartphone,Mobile,Central,Retail Store,Rep_19,4,58109,0.0,232436.0,202272.2,30163.8,12.98,Credit Card,3.7,No,2026-04
ORD103092,2026-04-26,CUST10707,Smartwatch,Wearables,East,Online,Rep_01,4,3161,0.15,10747.4,10454.19,293.21,2.73,UPI,4.6,No,2026-04
ORD101660,2026-04-26,CUST10512,Monitor,Accessories,South,Online,Rep_14,6,11324,0.08,62508.48,50903.16,11605.32,18.57,Net Banking,2.1,No,2026-04
ORD102671,2026-04-26,CUST10579,Mouse,Accessories,West,Online,Rep_04,7,1333,0.05,8864.45,7922.38,942.07,10.63,UPI,4.2,No,2026-04
ORD100202,2026-04-27,CUST10006,Laptop,Computers,West,Online,Rep_15,4,79698,0.0,318792.0,236658.72,82133.28,25.76,Cash,3.8,No,2026-04
ORD103930,2026-04-27,CUST10587,Smartphone,Mobile,Central,Retail Store,Rep_02,4,36432,0.08,134069.76,105439.09,28630.67,21.36,UPI,4.2,No,2026-04
ORD102302,2026-04-27,CUST10586,Keyboard,Accessories,South,Online,Rep_15,6,2510,0.1,13554.0,13027.25,526.75,3.89,UPI,4.4,No,2026-04
ORD103548,2026-04-27,CUST10469,Monitor,Accessories,South,Online,Rep_12,2,25241,0.0,50482.0,32367.1,18114.9,35.88,Cash,4.8,No,2026-04
ORD102646,2026-04-27,CUST10695,Tablet,Mobile,South,Online,Rep_13,3,38524,0.1,104014.8,84536.19,19478.61,18.73,UPI,4.9,No,2026-04
ORD102360,2026-04-27,CUST10361,Smartphone,Mobile,East,Partner,Rep_09,2,30665,0.05,58263.5,39705.23,18558.27,31.85,Debit Card,4.7,No,2026-04
ORD102720,2026-04-27,CUST10390,Laptop,Computers,East,Partner,Rep_14,5,104449,0.08,480465.4,362581.83,117883.57,24.54,UPI,4.5,Yes,2026-04
ORD101994,2026-04-27,CUST10517,Smartphone,Mobile,West,Online,Rep_07,7,64634,0.08,416242.96,386858.86,29384.1,7.06,Net Banking,3.0,No,2026-04
ORD100768,2026-04-27,CUST10371,Webcam,Accessories,North,Retail Store,Rep_08,6,7360,0.05,41952.0,36305.83,5646.17,13.46,Cash,4.2,No,2026-04
ORD103172,2026-04-27,CUST10320,Smartphone,Mobile,East,Partner,Rep_12,6,41088,0.1,221875.2,158932.15,62943.05,28.37,UPI,3.5,No,2026-04
ORD104671,2026-04-27,CUST10060,Tablet,Mobile,North,Partner,Rep_07,4,54749,0.1,197096.4,151511.49,45584.91,23.13,UPI,3.9,No,2026-04
ORD104165,2026-04-28,CUST10742,Mouse,Accessories,East,Online,Rep_05,2,400,0.05,760.0,607.51,152.49,20.06,Debit Card,4.1,No,2026-04
ORD101232,2026-04-28,CUST10397,Smartphone,Mobile,North,Online,Rep_01,2,42361,0.08,77944.24,55261.53,22682.71,29.1,UPI,5.0,No,2026-04
ORD104247,2026-04-28,CUST10258,Smartphone,Mobile,West,Online,Rep_09,4,49821,0.15,169391.4,129348.88,40042.52,23.64,Debit Card,3.5,No,2026-04
ORD103053,2026-04-28,CUST10240,Smartphone,Mobile,North,Retail Store,Rep_16,3,60880,0.15,155244.0,142025.14,13218.86,8.51,Net Banking,5.0,No,2026-04
ORD100764,2026-04-28,CUST10607,Headphones,Audio,North,Online,Rep_06,2,10553,0.05,20050.7,14831.46,5219.24,26.03,Credit Card,4.1,No,2026-04
ORD102186,2026-04-28,CUST10480,Smartwatch,Wearables,South,Online,Rep_17,8,6172,0.0,49376.0,32585.26,16790.74,34.01,Credit Card,4.6,No,2026-04
ORD100512,2026-04-28,CUST10211,Monitor,Accessories,East,Partner,Rep_11,7,18357,0.02,125929.02,82461.2,43467.82,34.52,Debit Card,3.2,No,2026-04
ORD102136,2026-04-28,CUST10678,Webcam,Accessories,West,Retail Store,Rep_14,1,1913,0.1,1721.7,1576.8,144.9,8.42,Debit Card,4.1,No,2026-04
ORD104524,2026-04-29,CUST10537,Keyboard,Accessories,South,Retail Store,Rep_15,3,2572,0.1,6944.4,5971.85,972.55,14.0,Debit Card,4.7,No,2026-04
ORD103133,2026-04-29,CUST10111,Smartwatch,Wearables,South,Online,Rep_16,7,12247,0.05,81442.55,62236.07,19206.48,23.58,Credit Card,3.6,No,2026-04
ORD100332,2026-04-29,CUST10368,Headphones,Audio,East,Retail Store,Rep_05,3,3193,0.0,9579.0,6913.44,2665.56,27.83,Net Banking,2.2,No,2026-04
ORD100757,2026-04-29,CUST10121,Mouse,Accessories,Central,Retail Store,Rep_01,1,2370,0.05,2251.5,1838.51,412.99,18.34,Net Banking,3.4,No,2026-04
ORD104407,2026-04-29,CUST10543,Smartwatch,Wearables,East,Online,Rep_20,8,17088,0.08,125767.68,107273.01,18494.67,14.71,Credit Card,3.7,No,2026-04
ORD103606,2026-04-29,CUST10051,Smartphone,Mobile,West,Online,Rep_15,3,18101,0.1,48872.7,46719.64,2153.06,4.41,Net Banking,3.9,No,2026-04
ORD100920,2026-04-29,CUST10491,Smartphone,Mobile,East,Retail Store,Rep_20,5,17871,0.05,84887.25,60749.44,24137.81,28.44,Net Banking,3.4,No,2026-04
ORD104550,2026-04-29,CUST10191,Printer,Office,West,Online,Rep_09,5,20129,0.08,92593.4,74806.03,17787.37,19.21,Debit Card,4.0,No,2026-04
ORD100152,2026-04-30,CUST10260,Smartphone,Mobile,North,Partner,Rep_15,3,20905,0.05,59579.25,42860.56,16718.69,28.06,Credit Card,4.2,No,2026-04
ORD102903,2026-04-30,CUST10135,Laptop,Computers,North,Online,Rep_13,4,102957,0.05,391236.6,276903.67,114332.93,29.22,Credit Card,4.4,No,2026-04
ORD103895,2026-04-30,CUST10333,Headphones,Audio,Central,Online,Rep_11,6,10522,0.05,59975.4,45513.49,14461.91,24.11,Credit Card,4.3,No,2026-04
ORD103674,2026-04-30,CUST10379,Smartphone,Mobile,East,Online,Rep_10,1,35083,0.1,31574.7,29200.94,2373.76,7.52,Credit Card,3.6,No,2026-04
ORD101676,2026-04-30,CUST10559,Tablet,Mobile,South,Partner,Rep_06,4,49820,0.08,183337.6,158769.32,24568.28,13.4,Debit Card,3.8,No,2026-04
ORD103438,2026-04-30,CUST10378,Keyboard,Accessories,West,Online,Rep_16,5,2787,0.05,13238.25,11166.17,2072.08,15.65,Cash,3.3,No,2026-04
ORD102864,2026-04-30,CUST10162,Keyboard,Accessories,West,Partner,Rep_01,2,4307,0.05,8183.3,6261.65,1921.65,23.48,Debit Card,4.4,No,2026-04
ORD101319,2026-05-01,CUST10619,Laptop,Computers,Central,Online,Rep_02,8,49333,0.08,363090.88,343336.72,19754.16,5.44,Net Banking,4.6,No,2026-05
ORD104501,2026-05-01,CUST10013,Keyboard,Accessories,Central,Partner,Rep_02,6,1711,0.05,9752.7,6735.42,3017.28,30.94,Debit Card,4.2,No,2026-05
ORD100640,2026-05-01,CUST10356,Tablet,Mobile,North,Retail Store,Rep_07,8,37805,0.15,257074.0,219134.4,37939.6,14.76,Cash,4.9,No,2026-05
ORD100348,2026-05-01,CUST10147,Laptop,Computers,West,Online,Rep_02,1,59898,0.0,59898.0,41832.58,18065.42,30.16,UPI,4.2,No,2026-05
ORD102695,2026-05-01,CUST10478,Smartwatch,Wearables,Central,Online,Rep_19,8,7317,0.1,52682.4,51167.63,1514.77,2.88,Net Banking,3.9,No,2026-05
ORD100509,2026-05-01,CUST10435,Smartwatch,Wearables,South,Retail Store,Rep_13,3,14148,0.08,39048.48,36076.67,2971.81,7.61,Credit Card,3.4,No,2026-05
ORD103735,2026-05-01,CUST10609,Smartphone,Mobile,East,Retail Store,Rep_01,7,20855,0.02,143065.3,108654.87,34410.43,24.05,Net Banking,3.8,No,2026-05
ORD103315,2026-05-01,CUST10346,Smartphone,Mobile,South,Partner,Rep_15,5,29114,0.08,133924.4,98787.95,35136.45,26.24,Debit Card,3.5,No,2026-05
ORD102849,2026-05-01,CUST10182,Keyboard,Accessories,East,Partner,Rep_05,5,1769,0.08,8137.4,6492.54,1644.86,20.21,UPI,3.6,No,2026-05
ORD100685,2026-05-01,CUST10543,Smartwatch,Wearables,East,Partner,Rep_12,7,6688,0.08,43070.72,37153.95,5916.77,13.74,Credit Card,5.0,No,2026-05
ORD102495,2026-05-01,CUST10398,Keyboard,Accessories,North,Partner,Rep_07,1,1843,0.05,1750.85,1143.64,607.21,34.68,Credit Card,3.8,No,2026-05
ORD100483,2026-05-01,CUST10616,Monitor,Accessories,Central,Online,Rep_18,1,13645,0.1,12280.5,9370.6,2909.9,23.7,UPI,3.9,No,2026-05
ORD103813,2026-05-01,CUST10112,Smartphone,Mobile,North,Online,Rep_02,3,50434,0.02,148275.96,99428.11,48847.85,32.94,Debit Card,4.3,No,2026-05
ORD102128,2026-05-02,CUST10200,Smartphone,Mobile,Central,Partner,Rep_12,6,26985,0.0,161910.0,117811.75,44098.25,27.24,UPI,4.7,No,2026-05
ORD100184,2026-05-02,CUST10583,Webcam,Accessories,Central,Online,Rep_19,1,5781,0.05,5491.95,4634.72,857.23,15.61,Debit Card,4.9,No,2026-05
ORD101840,2026-05-02,CUST10174,Smartphone,Mobile,North,Online,Rep_18,2,21332,0.05,40530.8,27036.68,13494.12,33.29,Cash,3.0,Yes,2026-05
ORD104099,2026-05-02,CUST10258,Smartphone,Mobile,South,Partner,Rep_02,5,39562,0.1,178029.0,164611.43,13417.57,7.54,Debit Card,4.2,Yes,2026-05
ORD103984,2026-05-02,CUST10256,Smartphone,Mobile,South,Retail Store,Rep_02,3,51848,0.0,155544.0,101615.38,53928.62,34.67,Cash,3.8,No,2026-05
ORD103499,2026-05-02,CUST10146,Smartphone,Mobile,South,Retail Store,Rep_18,5,21890,0.15,93032.5,71453.64,21578.86,23.19,Debit Card,4.1,No,2026-05
ORD104293,2026-05-02,CUST10460,Keyboard,Accessories,North,Partner,Rep_11,3,4327,0.08,11942.52,8312.46,3630.06,30.4,Debit Card,2.9,No,2026-05
ORD102867,2026-05-02,CUST10171,Keyboard,Accessories,West,Partner,Rep_01,5,2727,0.02,13362.3,9255.17,4107.13,30.74,Credit Card,3.7,Yes,2026-05
ORD101143,2026-05-03,CUST10441,Mouse,Accessories,West,Online,Rep_20,5,2169,0.1,9760.5,7593.91,2166.59,22.2,Credit Card,3.8,No,2026-05
ORD103724,2026-05-03,CUST10236,Smartphone,Mobile,West,Partner,Rep_16,1,35526,0.15,30197.1,29057.51,1139.59,3.77,Net Banking,3.7,Yes,2026-05
ORD100934,2026-05-03,CUST10575,Keyboard,Accessories,North,Online,Rep_17,4,1429,0.08,5258.72,4256.01,1002.71,19.07,Credit Card,3.4,No,2026-05
ORD102837,2026-05-03,CUST10180,Smartwatch,Wearables,South,Retail Store,Rep_09,3,9684,0.0,29052.0,23519.58,5532.42,19.04,Debit Card,4.4,No,2026-05
ORD102779,2026-05-04,CUST10070,Monitor,Accessories,South,Partner,Rep_18,5,9306,0.08,42807.6,29412.55,13395.05,31.29,Credit Card,5.0,No,2026-05
ORD104204,2026-05-04,CUST10004,Smartwatch,Wearables,Central,Retail Store,Rep_20,2,24422,0.15,41517.4,30868.91,10648.49,25.65,UPI,4.5,No,2026-05
ORD103675,2026-05-04,CUST10319,Mouse,Accessories,West,Online,Rep_06,8,1407,0.1,10130.4,7596.79,2533.61,25.01,UPI,3.4,No,2026-05
ORD104451,2026-05-04,CUST10143,Monitor,Accessories,West,Online,Rep_05,4,22680,0.02,88905.6,61723.62,27181.98,30.57,Net Banking,3.9,Yes,2026-05
ORD101583,2026-05-04,CUST10727,Keyboard,Accessories,South,Partner,Rep_12,1,2811,0.0,2811.0,1879.61,931.39,33.13,Credit Card,4.6,No,2026-05
ORD103719,2026-05-05,CUST10366,Monitor,Accessories,West,Retail Store,Rep_13,3,12973,0.0,38919.0,25691.99,13227.01,33.99,Cash,4.5,No,2026-05
ORD102691,2026-05-05,CUST10191,Keyboard,Accessories,South,Online,Rep_17,3,860,0.15,2193.0,1868.61,324.39,14.79,Net Banking,2.9,No,2026-05
ORD103212,2026-05-05,CUST10567,Mouse,Accessories,North,Online,Rep_10,6,1132,0.2,5433.6,5722.81,-289.21,-5.32,Debit Card,3.6,No,2026-05
ORD102443,2026-05-05,CUST10160,Headphones,Audio,West,Online,Rep_10,2,11077,0.05,21046.3,17941.97,3104.33,14.75,Debit Card,4.0,No,2026-05
ORD102690,2026-05-05,CUST10151,Monitor,Accessories,South,Online,Rep_04,8,27682,0.05,210383.2,175468.62,34914.58,16.6,UPI,4.9,No,2026-05
ORD104783,2026-05-05,CUST10347,Keyboard,Accessories,West,Partner,Rep_06,1,911,0.08,838.12,735.1,103.02,12.29,UPI,3.7,No,2026-05
ORD104460,2026-05-05,CUST10621,Keyboard,Accessories,Central,Online,Rep_04,7,3167,0.1,19952.1,18424.93,1527.17,7.65,Credit Card,3.1,No,2026-05
ORD101320,2026-05-05,CUST10139,Laptop,Computers,South,Retail Store,Rep_13,3,78306,0.02,230219.64,184340.18,45879.46,19.93,Credit Card,4.9,No,2026-05
ORD103364,2026-05-06,CUST10299,Smartphone,Mobile,South,Partner,Rep_02,5,61179,0.1,275305.5,257276.79,18028.71,6.55,Credit Card,4.3,No,2026-05
ORD100926,2026-05-06,CUST10522,Laptop,Computers,East,Retail Store,Rep_17,7,81993,0.05,545253.45,372596.21,172657.24,31.67,Debit Card,4.2,No,2026-05
ORD104151,2026-05-06,CUST10601,Smartphone,Mobile,West,Retail Store,Rep_01,6,56245,0.15,286849.5,268258.14,18591.36,6.48,Debit Card,2.8,No,2026-05
ORD103025,2026-05-06,CUST10046,Laptop,Computers,North,Retail Store,Rep_03,7,104689,0.0,732823.0,565476.78,167346.22,22.84,Credit Card,4.9,No,2026-05
ORD103036,2026-05-06,CUST10714,Smartphone,Mobile,West,Retail Store,Rep_03,1,60411,0.08,55578.12,45326.76,10251.36,18.44,Cash,4.4,Yes,2026-05
ORD104411,2026-05-06,CUST10475,Laptop,Computers,South,Online,Rep_18,8,78763,0.0,630104.0,505701.7,124402.3,19.74,Credit Card,3.8,No,2026-05
ORD100750,2026-05-07,CUST10274,Mouse,Accessories,Central,Online,Rep_08,4,2368,0.1,8524.8,7048.86,1475.94,17.31,Cash,3.1,No,2026-05
ORD100644,2026-05-07,CUST10108,Tablet,Mobile,South,Online,Rep_20,8,41877,0.08,308214.72,290748.0,17466.72,5.67,Cash,4.1,No,2026-05
ORD103594,2026-05-07,CUST10497,Keyboard,Accessories,South,Online,Rep_07,4,2279,0.08,8386.72,7213.03,1173.69,13.99,Credit Card,3.9,No,2026-05
ORD103497,2026-05-07,CUST10228,Webcam,Accessories,West,Online,Rep_10,8,6466,0.0,51728.0,33194.99,18533.01,35.83,Credit Card,4.3,No,2026-05
ORD104205,2026-05-07,CUST10109,Laptop,Computers,West,Retail Store,Rep_17,2,58941,0.0,117882.0,79311.56,38570.44,32.72,UPI,3.2,No,2026-05
ORD103197,2026-05-07,CUST10228,Smartwatch,Wearables,Central,Partner,Rep_13,5,10749,0.0,53745.0,45121.23,8623.77,16.05,Credit Card,3.2,No,2026-05
ORD103803,2026-05-07,CUST10318,Printer,Office,West,Partner,Rep_08,1,9264,0.0,9264.0,7921.11,1342.89,14.5,UPI,5.0,No,2026-05
ORD102167,2026-05-07,CUST10660,Mouse,Accessories,West,Partner,Rep_09,3,1856,0.1,5011.2,3592.37,1418.83,28.31,Credit Card,3.5,No,2026-05
ORD103511,2026-05-07,CUST10513,Tablet,Mobile,West,Online,Rep_17,5,31109,0.05,147767.75,108053.66,39714.09,26.88,UPI,4.0,No,2026-05
ORD102777,2026-05-07,CUST10453,Laptop,Computers,East,Retail Store,Rep_04,8,59451,0.08,437559.36,414551.6,23007.76,5.26,Credit Card,4.7,No,2026-05
ORD102576,2026-05-07,CUST10348,Mouse,Accessories,South,Partner,Rep_05,6,980,0.1,5292.0,5084.35,207.65,3.92,UPI,4.3,No,2026-05
ORD102328,2026-05-07,CUST10522,Laptop,Computers,North,Retail Store,Rep_15,5,93819,0.05,445640.25,292446.41,153193.84,34.38,Credit Card,4.6,No,2026-05
ORD102909,2026-05-07,CUST10174,Tablet,Mobile,South,Online,Rep_07,8,38361,0.08,282336.96,233582.59,48754.37,17.27,Credit Card,2.5,No,2026-05
ORD102705,2026-05-08,CUST10590,Headphones,Audio,East,Online,Rep_19,4,10677,0.15,36301.8,28851.15,7450.65,20.52,Net Banking,3.7,No,2026-05
ORD104640,2026-05-08,CUST10337,Printer,Office,East,Retail Store,Rep_04,5,19989,0.08,91949.4,67850.89,24098.51,26.21,UPI,3.3,No,2026-05
ORD100603,2026-05-08,CUST10696,Smartphone,Mobile,Central,Partner,Rep_18,5,62377,0.02,305647.3,225650.54,79996.76,26.17,Credit Card,3.9,No,2026-05
ORD104795,2026-05-08,CUST10428,Tablet,Mobile,North,Retail Store,Rep_14,5,50579,0.0,252895.0,171426.65,81468.35,32.21,Debit Card,3.9,No,2026-05
ORD102493,2026-05-08,CUST10198,Headphones,Audio,East,Online,Rep_14,8,3363,0.08,24751.68,23384.29,1367.39,5.52,UPI,3.6,No,2026-05
ORD100543,2026-05-08,CUST10060,Smartphone,Mobile,North,Online,Rep_10,3,20346,0.0,61038.0,49707.24,11330.76,18.56,Net Banking,3.9,No,2026-05
ORD102635,2026-05-08,CUST10223,Headphones,Audio,East,Partner,Rep_13,4,8762,0.02,34347.04,26882.71,7464.33,21.73,Debit Card,4.1,No,2026-05
ORD104486,2026-05-09,CUST10264,Headphones,Audio,South,Online,Rep_04,4,11627,0.0,46508.0,36957.28,9550.72,20.54,UPI,4.1,No,2026-05
ORD102540,2026-05-09,CUST10312,Headphones,Audio,South,Online,Rep_20,2,5303,0.08,9757.52,8671.15,1086.37,11.13,Cash,4.2,No,2026-05
ORD103122,2026-05-09,CUST10347,Smartphone,Mobile,West,Partner,Rep_14,8,47509,0.05,361068.4,328855.65,32212.75,8.92,Net Banking,3.2,No,2026-05
ORD104926,2026-05-09,CUST10699,Smartphone,Mobile,West,Partner,Rep_02,5,28969,0.05,137602.75,94343.61,43259.14,31.44,Credit Card,3.2,No,2026-05
ORD103216,2026-05-09,CUST10044,Smartphone,Mobile,North,Retail Store,Rep_14,3,22983,0.05,65501.55,42987.93,22513.62,34.37,Credit Card,4.6,No,2026-05
ORD100438,2026-05-09,CUST10073,Printer,Office,East,Retail Store,Rep_15,1,22503,0.08,20702.76,15304.06,5398.7,26.08,Net Banking,4.8,No,2026-05
ORD104976,2026-05-10,CUST10272,Monitor,Accessories,North,Retail Store,Rep_19,7,14157,0.0,99099.0,82350.12,16748.88,16.9,Net Banking,4.6,No,2026-05
ORD101923,2026-05-10,CUST10074,Mouse,Accessories,North,Retail Store,Rep_04,1,1395,0.1,1255.5,1099.58,155.92,12.42,Debit Card,4.0,No,2026-05
ORD102760,2026-05-10,CUST10485,Laptop,Computers,South,Partner,Rep_17,3,45389,0.1,122550.3,99697.17,22853.13,18.65,Credit Card,4.1,No,2026-05
ORD103798,2026-05-10,CUST10569,Laptop,Computers,North,Retail Store,Rep_05,2,85528,0.0,171056.0,122336.1,48719.9,28.48,Debit Card,5.0,No,2026-05
ORD100825,2026-05-10,CUST10504,Keyboard,Accessories,West,Retail Store,Rep_11,7,3652,0.1,23007.6,15850.3,7157.3,31.11,Credit Card,4.5,No,2026-05
ORD102123,2026-05-10,CUST10498,Smartwatch,Wearables,South,Online,Rep_08,4,21039,0.2,67324.8,71942.04,-4617.24,-6.86,Net Banking,5.0,No,2026-05
ORD100657,2026-05-10,CUST10177,Smartphone,Mobile,West,Online,Rep_20,1,51767,0.08,47625.64,43924.94,3700.7,7.77,UPI,4.0,No,2026-05
ORD100746,2026-05-10,CUST10736,Webcam,Accessories,North,Retail Store,Rep_17,8,8271,0.05,62859.6,45064.85,17794.75,28.31,UPI,4.1,No,2026-05
ORD100180,2026-05-11,CUST10652,Smartphone,Mobile,East,Online,Rep_04,7,21708,0.05,144358.2,122813.08,21545.12,14.92,Credit Card,3.5,No,2026-05
ORD102256,2026-05-11,CUST10231,Keyboard,Accessories,West,Online,Rep_15,3,1269,0.2,3045.6,2399.04,646.56,21.23,Credit Card,3.5,No,2026-05
ORD104198,2026-05-11,CUST10554,Smartphone,Mobile,South,Online,Rep_20,8,49030,0.0,392240.0,340946.51,51293.49,13.08,UPI,3.6,No,2026-05
ORD101207,2026-05-11,CUST10264,Mouse,Accessories,South,Partner,Rep_16,8,2364,0.08,17399.04,16327.46,1071.58,6.16,UPI,3.9,No,2026-05
ORD101018,2026-05-11,CUST10366,Keyboard,Accessories,South,Online,Rep_06,2,934,0.05,1774.6,1502.49,272.11,15.33,Credit Card,4.5,No,2026-05
ORD102732,2026-05-11,CUST10498,Monitor,Accessories,West,Retail Store,Rep_01,4,16084,0.15,54685.6,49078.12,5607.48,10.25,Debit Card,3.9,No,2026-05
ORD101917,2026-05-11,CUST10565,Webcam,Accessories,West,Partner,Rep_19,5,5957,0.05,28295.75,20773.89,7521.86,26.58,Credit Card,3.6,No,2026-05
ORD104233,2026-05-11,CUST10386,Tablet,Mobile,North,Retail Store,Rep_08,1,34089,0.05,32384.55,29727.32,2657.23,8.21,Debit Card,4.4,No,2026-05
ORD101188,2026-05-11,CUST10051,Laptop,Computers,North,Partner,Rep_06,6,90937,0.0,545622.0,386503.3,159118.7,29.16,Credit Card,3.0,No,2026-05
ORD104939,2026-05-12,CUST10488,Headphones,Audio,South,Online,Rep_14,7,2241,0.02,15373.26,11986.64,3386.62,22.03,UPI,4.4,No,2026-05
ORD102613,2026-05-12,CUST10046,Smartphone,Mobile,South,Online,Rep_14,6,23770,0.02,139767.6,119436.16,20331.44,14.55,Credit Card,3.6,No,2026-05
ORD103118,2026-05-12,CUST10438,Laptop,Computers,East,Retail Store,Rep_13,7,91698,0.08,590535.12,554023.34,36511.78,6.18,Credit Card,3.6,No,2026-05
ORD103644,2026-05-12,CUST10156,Monitor,Accessories,West,Online,Rep_18,6,21180,0.08,116913.6,99655.48,17258.12,14.76,Credit Card,4.5,No,2026-05
ORD100991,2026-05-12,CUST10342,Printer,Office,North,Retail Store,Rep_01,6,16990,0.08,93784.8,84465.74,9319.06,9.94,UPI,3.7,No,2026-05
ORD100373,2026-05-12,CUST10162,Laptop,Computers,Central,Online,Rep_14,5,101521,0.15,431464.25,372651.04,58813.21,13.63,Credit Card,4.9,No,2026-05
ORD102212,2026-05-12,CUST10100,Printer,Office,South,Online,Rep_18,4,13098,0.0,52392.0,44998.72,7393.28,14.11,UPI,4.1,No,2026-05
ORD102848,2026-05-12,CUST10494,Smartphone,Mobile,West,Partner,Rep_14,2,64685,0.05,122901.5,95205.12,27696.38,22.54,Net Banking,3.1,No,2026-05
ORD104234,2026-05-12,CUST10542,Webcam,Accessories,Central,Online,Rep_08,3,3239,0.05,9231.15,6465.67,2765.48,29.96,Debit Card,4.4,No,2026-05
ORD101798,2026-05-12,CUST10315,Laptop,Computers,South,Online,Rep_12,2,70920,0.05,134748.0,109020.66,25727.34,19.09,Credit Card,3.6,No,2026-05
ORD101108,2026-05-13,CUST10137,Headphones,Audio,Central,Online,Rep_08,7,5331,0.1,33585.3,25791.2,7794.1,23.21,Credit Card,5.0,Yes,2026-05
ORD103177,2026-05-13,CUST10071,Mouse,Accessories,South,Partner,Rep_16,1,503,0.0,503.0,335.13,167.87,33.37,UPI,4.2,No,2026-05
ORD101104,2026-05-13,CUST10259,Smartwatch,Wearables,East,Partner,Rep_07,4,9075,0.1,32670.0,27769.73,4900.27,15.0,Net Banking,3.8,No,2026-05
ORD100695,2026-05-13,CUST10455,Smartphone,Mobile,South,Online,Rep_10,5,23740,0.05,112765.0,80595.78,32169.22,28.53,Debit Card,4.5,No,2026-05
ORD100784,2026-05-13,CUST10090,Tablet,Mobile,West,Retail Store,Rep_14,5,46478,0.08,213798.8,202255.46,11543.34,5.4,Debit Card,4.2,No,2026-05
ORD102420,2026-05-13,CUST10171,Tablet,Mobile,East,Online,Rep_14,1,44357,0.02,43469.86,37044.05,6425.81,14.78,Debit Card,4.2,No,2026-05
ORD104713,2026-05-13,CUST10329,Smartphone,Mobile,North,Online,Rep_02,1,19242,0.1,17317.8,13250.46,4067.34,23.49,Cash,4.2,No,2026-05
ORD100482,2026-05-13,CUST10328,Mouse,Accessories,South,Online,Rep_12,5,2444,0.05,11609.0,9611.31,1997.69,17.21,UPI,3.9,No,2026-05
ORD101590,2026-05-14,CUST10664,Headphones,Audio,South,Partner,Rep_04,5,11889,0.05,56472.75,38181.8,18290.95,32.39,Net Banking,3.9,No,2026-05
ORD102037,2026-05-14,CUST10453,Smartphone,Mobile,Central,Retail Store,Rep_13,6,47169,0.15,240561.9,214239.06,26322.84,10.94,Debit Card,4.0,No,2026-05
ORD103470,2026-05-14,CUST10507,Smartphone,Mobile,South,Online,Rep_01,8,13136,0.05,89324.8,77976.59,11348.21,12.7,UPI,3.9,No,2026-05
ORD102933,2026-05-14,CUST10458,Laptop,Computers,Central,Retail Store,Rep_03,2,93959,0.05,178522.1,155400.18,23121.92,12.95,Credit Card,3.9,No,2026-05
ORD103225,2026-05-14,CUST10524,Smartphone,Mobile,West,Partner,Rep_11,7,16437,0.05,109306.05,94061.86,15244.19,13.95,Net Banking,4.3,No,2026-05
ORD102661,2026-05-15,CUST10087,Monitor,Accessories,South,Retail Store,Rep_09,6,26020,0.0,156120.0,105033.29,51086.71,32.72,Cash,4.7,No,2026-05
ORD101674,2026-05-15,CUST10214,Printer,Office,North,Partner,Rep_18,8,24685,0.0,197480.0,131024.16,66455.84,33.65,Credit Card,3.8,No,2026-05
ORD103591,2026-05-15,CUST10128,Smartwatch,Wearables,North,Online,Rep_12,7,3383,0.15,20128.85,19877.96,250.89,1.25,Credit Card,4.6,No,2026-05
ORD101380,2026-05-15,CUST10020,Keyboard,Accessories,North,Online,Rep_03,3,4479,0.02,13168.26,10266.13,2902.13,22.04,Net Banking,3.8,No,2026-05
ORD104751,2026-05-15,CUST10581,Tablet,Mobile,East,Online,Rep_08,2,51704,0.05,98237.6,68827.14,29410.46,29.94,Debit Card,3.8,Yes,2026-05
ORD104444,2026-05-16,CUST10736,Monitor,Accessories,Central,Online,Rep_10,8,23821,0.02,186756.64,151450.42,35306.22,18.9,Credit Card,4.5,No,2026-05
ORD100979,2026-05-16,CUST10295,Monitor,Accessories,North,Retail Store,Rep_05,6,26086,0.05,148690.2,124596.45,24093.75,16.2,Debit Card,4.1,No,2026-05
ORD102573,2026-05-16,CUST10293,Tablet,Mobile,Central,Retail Store,Rep_07,2,49134,0.02,96302.64,83728.22,12574.42,13.06,UPI,4.5,Yes,2026-05
ORD103148,2026-05-16,CUST10047,Mouse,Accessories,South,Retail Store,Rep_06,3,1359,0.02,3995.46,2751.4,1244.06,31.14,UPI,5.0,No,2026-05
ORD103818,2026-05-16,CUST10433,Printer,Office,North,Online,Rep_03,6,25207,0.05,143679.9,111851.04,31828.86,22.15,Credit Card,3.7,No,2026-05
ORD101543,2026-05-16,CUST10516,Keyboard,Accessories,East,Online,Rep_17,3,1391,0.08,3839.16,3398.48,440.68,11.48,UPI,3.9,No,2026-05
ORD102606,2026-05-17,CUST10058,Keyboard,Accessories,West,Online,Rep_20,7,1070,0.08,6890.8,6344.72,546.08,7.92,UPI,2.7,No,2026-05
ORD103056,2026-05-17,CUST10582,Smartwatch,Wearables,West,Retail Store,Rep_17,4,6958,0.0,27832.0,23060.08,4771.92,17.15,Cash,4.8,No,2026-05
ORD103064,2026-05-17,CUST10214,Mouse,Accessories,West,Retail Store,Rep_11,4,543,0.02,2128.56,1656.84,471.72,22.16,UPI,3.1,No,2026-05
ORD104543,2026-05-17,CUST10254,Smartphone,Mobile,South,Online,Rep_19,2,24381,0.05,46323.9,32712.66,13611.24,29.38,Credit Card,4.3,No,2026-05
ORD104781,2026-05-17,CUST10043,Laptop,Computers,North,Online,Rep_20,3,105462,0.05,300566.7,227810.69,72756.01,24.21,UPI,4.3,No,2026-05
ORD101034,2026-05-17,CUST10584,Smartphone,Mobile,North,Partner,Rep_05,6,38485,0.05,219364.5,163038.72,56325.78,25.68,Debit Card,3.6,No,2026-05
ORD100654,2026-05-17,CUST10106,Headphones,Audio,West,Online,Rep_07,2,8209,0.05,15597.1,10690.34,4906.76,31.46,UPI,3.2,No,2026-05
ORD100699,2026-05-17,CUST10086,Smartphone,Mobile,South,Retail Store,Rep_01,2,21371,0.1,38467.8,31325.92,7141.88,18.57,Debit Card,4.3,No,2026-05
ORD102999,2026-05-17,CUST10361,Tablet,Mobile,West,Online,Rep_13,5,52661,0.1,236974.5,181264.1,55710.4,23.51,Net Banking,5.0,No,2026-05
ORD103196,2026-05-17,CUST10023,Monitor,Accessories,East,Retail Store,Rep_04,1,16122,0.05,15315.9,13616.88,1699.02,11.09,Credit Card,3.5,No,2026-05
ORD103766,2026-05-17,CUST10401,Tablet,Mobile,South,Online,Rep_15,1,22595,0.08,20787.4,15136.79,5650.61,27.18,Credit Card,5.0,Yes,2026-05
ORD104189,2026-05-17,CUST10083,Mouse,Accessories,East,Retail Store,Rep_09,6,2412,0.15,12301.2,11280.11,1021.09,8.3,UPI,4.4,No,2026-05
ORD103232,2026-05-17,CUST10054,Mouse,Accessories,South,Retail Store,Rep_11,6,1031,0.05,5876.7,5282.46,594.24,10.11,Cash,3.4,No,2026-05
ORD104294,2026-05-17,CUST10515,Webcam,Accessories,East,Online,Rep_04,6,7301,0.1,39425.4,32833.22,6592.18,16.72,Credit Card,4.9,No,2026-05
ORD103964,2026-05-17,CUST10002,Keyboard,Accessories,South,Partner,Rep_13,3,3009,0.0,9027.0,6455.78,2571.22,28.48,UPI,3.9,No,2026-05
ORD104859,2026-05-17,CUST10624,Webcam,Accessories,South,Online,Rep_16,7,2099,0.08,13517.56,11162.16,2355.4,17.42,Debit Card,2.8,Yes,2026-05
ORD101191,2026-05-17,CUST10648,Laptop,Computers,South,Online,Rep_12,4,51534,0.05,195829.2,135940.85,59888.35,30.58,Credit Card,3.4,No,2026-05
ORD104847,2026-05-17,CUST10259,Smartwatch,Wearables,South,Partner,Rep_04,4,20961,0.05,79651.8,72697.58,6954.22,8.73,Net Banking,4.4,No,2026-05
ORD104635,2026-05-18,CUST10262,Smartphone,Mobile,East,Partner,Rep_04,4,17523,0.0,70092.0,48990.53,21101.47,30.11,Net Banking,4.3,No,2026-05
ORD102941,2026-05-18,CUST10380,Smartphone,Mobile,South,Partner,Rep_01,4,16365,0.05,62187.0,48701.49,13485.51,21.69,Credit Card,3.3,No,2026-05
ORD103193,2026-05-18,CUST10079,Smartwatch,Wearables,South,Online,Rep_20,5,5205,0.0,26025.0,22611.82,3413.18,13.12,Debit Card,4.3,No,2026-05
ORD100480,2026-05-18,CUST10445,Keyboard,Accessories,South,Online,Rep_03,7,4489,0.08,28909.16,20091.81,8817.35,30.5,UPI,3.1,No,2026-05
ORD100029,2026-05-18,CUST10451,Keyboard,Accessories,West,Online,Rep_07,7,2690,0.15,16005.5,13602.2,2403.3,15.02,Debit Card,4.7,No,2026-05
ORD104730,2026-05-18,CUST10116,Smartphone,Mobile,West,Retail Store,Rep_14,8,13186,0.0,105488.0,70569.67,34918.33,33.1,UPI,4.4,No,2026-05
ORD103026,2026-05-18,CUST10280,Tablet,Mobile,South,Retail Store,Rep_15,7,20375,0.1,128362.5,110957.27,17405.23,13.56,Credit Card,4.7,No,2026-05
ORD101672,2026-05-18,CUST10322,Webcam,Accessories,South,Online,Rep_05,3,1916,0.0,5748.0,4114.66,1633.34,28.42,UPI,4.8,No,2026-05
ORD102874,2026-05-18,CUST10285,Monitor,Accessories,South,Online,Rep_10,4,14080,0.05,53504.0,35379.56,18124.44,33.87,UPI,4.7,No,2026-05
ORD104061,2026-05-18,CUST10646,Tablet,Mobile,South,Online,Rep_20,6,37703,0.1,203596.2,180346.79,23249.41,11.42,UPI,4.3,No,2026-05
ORD103987,2026-05-18,CUST10591,Laptop,Computers,East,Online,Rep_06,7,59033,0.2,330584.8,349613.93,-19029.13,-5.76,Credit Card,4.0,No,2026-05
ORD103645,2026-05-18,CUST10056,Headphones,Audio,West,Retail Store,Rep_09,6,2021,0.08,11155.92,10208.24,947.68,8.49,Debit Card,5.0,No,2026-05
ORD103077,2026-05-18,CUST10548,Smartwatch,Wearables,South,Online,Rep_03,3,5154,0.05,14688.9,9608.45,5080.45,34.59,Credit Card,4.0,No,2026-05
ORD101015,2026-05-18,CUST10143,Headphones,Audio,West,Online,Rep_02,7,9399,0.02,64477.14,55198.1,9279.04,14.39,UPI,4.5,No,2026-05
ORD102346,2026-05-18,CUST10337,Mouse,Accessories,East,Online,Rep_16,2,1223,0.02,2397.08,2133.99,263.09,10.98,Credit Card,4.0,Yes,2026-05
ORD100276,2026-05-18,CUST10358,Monitor,Accessories,South,Retail Store,Rep_05,5,23765,0.0,118825.0,86972.62,31852.38,26.81,UPI,3.5,No,2026-05
ORD101521,2026-05-18,CUST10232,Laptop,Computers,South,Retail Store,Rep_02,7,93548,0.0,654836.0,546654.73,108181.27,16.52,UPI,4.6,No,2026-05
ORD102654,2026-05-18,CUST10009,Laptop,Computers,Central,Online,Rep_17,6,109307,0.1,590257.8,508860.73,81397.07,13.79,UPI,3.6,Yes,2026-05
ORD101855,2026-05-19,CUST10355,Webcam,Accessories,Central,Retail Store,Rep_03,2,7445,0.05,14145.5,9977.73,4167.77,29.46,UPI,3.6,No,2026-05
ORD102377,2026-05-19,CUST10422,Tablet,Mobile,North,Retail Store,Rep_17,1,44798,0.05,42558.1,31374.49,11183.61,26.28,Net Banking,4.4,No,2026-05
ORD101516,2026-05-19,CUST10513,Laptop,Computers,East,Retail Store,Rep_18,1,101156,0.08,93063.52,83951.48,9112.04,9.79,Credit Card,4.1,No,2026-05
ORD104598,2026-05-19,CUST10106,Smartphone,Mobile,South,Partner,Rep_09,8,30920,0.05,234992.0,184207.68,50784.32,21.61,UPI,4.4,No,2026-05
ORD100379,2026-05-19,CUST10210,Printer,Office,East,Partner,Rep_18,7,25607,0.1,161324.1,137726.37,23597.73,14.63,Net Banking,5.0,No,2026-05
ORD102506,2026-05-19,CUST10710,Laptop,Computers,South,Retail Store,Rep_03,7,96194,0.02,659890.84,475585.78,184305.06,27.93,Debit Card,3.6,No,2026-05
ORD101224,2026-05-19,CUST10557,Smartwatch,Wearables,West,Online,Rep_03,2,7143,0.2,11428.8,12212.99,-784.19,-6.86,UPI,3.1,No,2026-05
ORD100712,2026-05-20,CUST10183,Keyboard,Accessories,Central,Partner,Rep_10,2,1249,0.0,2498.0,1893.47,604.53,24.2,Debit Card,3.1,No,2026-05
ORD103189,2026-05-20,CUST10540,Printer,Office,East,Partner,Rep_18,4,6215,0.05,23617.0,16359.63,7257.37,30.73,Debit Card,4.8,No,2026-05
ORD103958,2026-05-20,CUST10100,Monitor,Accessories,East,Retail Store,Rep_17,8,15526,0.15,105576.8,93499.65,12077.15,11.44,UPI,4.6,No,2026-05
ORD104959,2026-05-20,CUST10294,Smartphone,Mobile,North,Online,Rep_13,3,21539,0.15,54924.45,50606.77,4317.68,7.86,Credit Card,3.6,No,2026-05
ORD104235,2026-05-20,CUST10324,Laptop,Computers,West,Retail Store,Rep_01,4,73835,0.0,295340.0,231726.86,63613.14,21.54,UPI,3.0,No,2026-05
ORD101853,2026-05-20,CUST10024,Webcam,Accessories,Central,Online,Rep_14,8,6192,0.0,49536.0,32989.77,16546.23,33.4,Debit Card,4.1,No,2026-05
ORD104148,2026-05-20,CUST10113,Monitor,Accessories,South,Retail Store,Rep_09,3,24734,0.0,74202.0,58439.41,15762.59,21.24,UPI,4.2,No,2026-05
ORD101867,2026-05-21,CUST10707,Laptop,Computers,East,Retail Store,Rep_12,1,71920,0.15,61132.0,50511.1,10620.9,17.37,Credit Card,4.2,No,2026-05
ORD101047,2026-05-21,CUST10036,Smartphone,Mobile,South,Online,Rep_01,3,35933,0.15,91629.15,90796.87,832.28,0.91,UPI,3.7,No,2026-05
ORD102753,2026-05-21,CUST10670,Smartphone,Mobile,East,Online,Rep_10,8,49955,0.2,319712.0,256783.31,62928.69,19.68,Net Banking,4.5,No,2026-05
ORD104512,2026-05-21,CUST10258,Monitor,Accessories,South,Online,Rep_02,8,24826,0.08,182719.36,150015.88,32703.48,17.9,Net Banking,3.4,No,2026-05
ORD102565,2026-05-21,CUST10499,Monitor,Accessories,West,Online,Rep_06,1,29978,0.1,26980.2,23802.42,3177.78,11.78,UPI,3.6,No,2026-05
ORD100839,2026-05-21,CUST10320,Keyboard,Accessories,North,Online,Rep_13,5,3431,0.02,16811.9,14471.73,2340.17,13.92,Debit Card,4.8,No,2026-05
ORD104177,2026-05-21,CUST10693,Keyboard,Accessories,South,Partner,Rep_10,1,2394,0.02,2346.12,1733.32,612.8,26.12,Cash,3.2,No,2026-05
ORD101180,2026-05-21,CUST10430,Keyboard,Accessories,East,Online,Rep_19,1,1665,0.0,1665.0,1250.65,414.35,24.89,Credit Card,4.8,No,2026-05
ORD100733,2026-05-21,CUST10350,Mouse,Accessories,South,Partner,Rep_19,5,776,0.1,3492.0,3132.18,359.82,10.3,Net Banking,3.8,No,2026-05
ORD101029,2026-05-21,CUST10110,Tablet,Mobile,West,Online,Rep_08,3,45296,0.08,125016.96,98387.41,26629.55,21.3,Credit Card,4.9,No,2026-05
ORD104948,2026-05-22,CUST10262,Headphones,Audio,North,Online,Rep_18,5,3954,0.08,18188.4,15367.84,2820.56,15.51,UPI,3.8,No,2026-05
ORD101111,2026-05-22,CUST10238,Printer,Office,Central,Online,Rep_08,1,20368,0.05,19349.6,16951.38,2398.22,12.39,Debit Card,4.8,No,2026-05
ORD103261,2026-05-22,CUST10250,Smartphone,Mobile,South,Online,Rep_15,7,25173,0.02,172686.78,122425.39,50261.39,29.11,Credit Card,4.3,No,2026-05
ORD104937,2026-05-22,CUST10317,Webcam,Accessories,East,Online,Rep_11,5,3347,0.05,15898.25,11203.23,4695.02,29.53,UPI,4.3,Yes,2026-05
ORD100304,2026-05-22,CUST10446,Mouse,Accessories,West,Online,Rep_08,2,518,0.1,932.4,651.02,281.38,30.18,UPI,5.0,No,2026-05
ORD101504,2026-05-23,CUST10162,Tablet,Mobile,South,Partner,Rep_15,1,26489,0.0,26489.0,20256.53,6232.47,23.53,UPI,4.5,No,2026-05
ORD103441,2026-05-23,CUST10204,Tablet,Mobile,South,Online,Rep_16,7,52351,0.02,359127.86,297665.4,61462.46,17.11,Credit Card,4.7,No,2026-05
ORD101198,2026-05-23,CUST10419,Smartwatch,Wearables,East,Retail Store,Rep_13,2,13838,0.08,25461.92,23477.42,1984.5,7.79,Debit Card,4.2,No,2026-05
ORD100434,2026-05-23,CUST10518,Laptop,Computers,South,Online,Rep_01,1,79283,0.02,77697.34,69002.89,8694.45,11.19,Cash,3.6,No,2026-05
ORD103226,2026-05-23,CUST10557,Webcam,Accessories,East,Partner,Rep_01,3,4550,0.08,12558.0,9672.97,2885.03,22.97,Debit Card,4.5,No,2026-05
ORD102049,2026-05-23,CUST10440,Keyboard,Accessories,West,Online,Rep_09,4,1365,0.1,4914.0,4624.84,289.16,5.88,Debit Card,3.5,No,2026-05
ORD101102,2026-05-23,CUST10199,Smartwatch,Wearables,West,Online,Rep_20,2,3202,0.05,6083.8,5051.7,1032.1,16.96,Net Banking,3.9,No,2026-05
ORD104089,2026-05-23,CUST10185,Printer,Office,Central,Online,Rep_11,5,10969,0.1,49360.5,46883.78,2476.72,5.02,UPI,4.2,No,2026-05
ORD100645,2026-05-24,CUST10152,Smartphone,Mobile,South,Retail Store,Rep_14,4,20759,0.2,66428.8,67211.39,-782.59,-1.18,Debit Card,5.0,No,2026-05
ORD100495,2026-05-24,CUST10478,Monitor,Accessories,East,Online,Rep_15,6,10213,0.02,60052.44,39272.17,20780.27,34.6,Credit Card,4.3,Yes,2026-05
ORD103935,2026-05-24,CUST10312,Tablet,Mobile,West,Online,Rep_06,6,24159,0.0,144954.0,101284.53,43669.47,30.13,Net Banking,4.8,No,2026-05
ORD104219,2026-05-24,CUST10262,Mouse,Accessories,South,Online,Rep_03,3,1935,0.08,5340.6,4338.81,1001.79,18.76,Debit Card,3.9,No,2026-05
ORD104724,2026-05-24,CUST10547,Monitor,Accessories,Central,Online,Rep_05,6,12171,0.05,69374.7,56555.15,12819.55,18.48,Debit Card,4.5,No,2026-05
ORD100375,2026-05-24,CUST10122,Laptop,Computers,South,Partner,Rep_02,5,84900,0.02,416010.0,324155.58,91854.42,22.08,Credit Card,3.8,Yes,2026-05
ORD101669,2026-05-24,CUST10741,Smartphone,Mobile,West,Online,Rep_16,6,61480,0.1,331992.0,300537.04,31454.96,9.47,Debit Card,3.6,No,2026-05
ORD103410,2026-05-24,CUST10423,Laptop,Computers,East,Retail Store,Rep_10,3,72220,0.08,199327.2,136777.68,62549.52,31.38,UPI,3.3,No,2026-05
ORD104185,2026-05-24,CUST10389,Smartphone,Mobile,East,Online,Rep_04,2,56634,0.08,104206.56,73781.39,30425.17,29.2,Credit Card,4.2,No,2026-05
ORD101974,2026-05-24,CUST10365,Keyboard,Accessories,North,Online,Rep_10,1,3324,0.05,3157.8,2861.1,296.7,9.4,UPI,5.0,No,2026-05
ORD104546,2026-05-24,CUST10393,Printer,Office,South,Online,Rep_16,2,23489,0.1,42280.2,39338.8,2941.4,6.96,UPI,5.0,No,2026-05
ORD101382,2026-05-25,CUST10244,Monitor,Accessories,Central,Online,Rep_04,2,26199,0.1,47158.2,38207.54,8950.66,18.98,UPI,3.8,No,2026-05
ORD103138,2026-05-25,CUST10273,Headphones,Audio,Central,Partner,Rep_16,2,8238,0.0,16476.0,11546.6,4929.4,29.92,Debit Card,3.5,No,2026-05
ORD102095,2026-05-25,CUST10189,Smartphone,Mobile,South,Retail Store,Rep_01,5,13626,0.05,64723.5,42678.38,22045.12,34.06,UPI,4.0,No,2026-05
ORD100230,2026-05-25,CUST10168,Mouse,Accessories,East,Online,Rep_02,3,1010,0.05,2878.5,2116.6,761.9,26.47,UPI,3.3,No,2026-05
ORD101644,2026-05-25,CUST10742,Mouse,Accessories,North,Online,Rep_01,4,628,0.05,2386.4,1926.1,460.3,19.29,UPI,3.6,No,2026-05
ORD102294,2026-05-25,CUST10398,Keyboard,Accessories,South,Retail Store,Rep_08,2,1885,0.0,3770.0,2465.53,1304.47,34.6,Credit Card,3.6,No,2026-05
ORD100753,2026-05-26,CUST10092,Mouse,Accessories,East,Online,Rep_03,5,1656,0.15,7038.0,7113.96,-75.96,-1.08,UPI,2.6,No,2026-05
ORD104754,2026-05-26,CUST10570,Monitor,Accessories,North,Partner,Rep_04,3,11370,0.05,32404.5,26257.94,6146.56,18.97,Credit Card,4.7,No,2026-05
ORD102811,2026-05-26,CUST10167,Smartphone,Mobile,East,Retail Store,Rep_09,6,33266,0.2,159676.8,135480.01,24196.79,15.15,UPI,3.9,No,2026-05
ORD101316,2026-05-26,CUST10447,Mouse,Accessories,East,Online,Rep_02,4,1741,0.05,6615.8,4848.07,1767.73,26.72,Cash,3.0,Yes,2026-05
ORD104095,2026-05-26,CUST10134,Tablet,Mobile,North,Online,Rep_14,7,53687,0.15,319437.65,319437.25,0.4,0.0,Debit Card,4.2,No,2026-05
ORD103517,2026-05-26,CUST10064,Laptop,Computers,West,Online,Rep_09,6,71305,0.05,406438.5,297150.17,109288.33,26.89,Debit Card,4.0,Yes,2026-05
ORD100715,2026-05-26,CUST10093,Tablet,Mobile,South,Retail Store,Rep_18,8,29412,0.05,223531.2,186732.42,36798.78,16.46,Debit Card,3.0,No,2026-05
ORD102176,2026-05-26,CUST10162,Printer,Office,East,Retail Store,Rep_16,7,10501,0.02,72036.86,56278.27,15758.59,21.88,Cash,4.2,No,2026-05
ORD100436,2026-05-26,CUST10645,Headphones,Audio,South,Online,Rep_03,2,9758,0.0,19516.0,16162.84,3353.16,17.18,UPI,4.6,No,2026-05
ORD101573,2026-05-27,CUST10240,Headphones,Audio,South,Partner,Rep_10,7,6448,0.15,38365.6,33650.16,4715.44,12.29,UPI,4.6,No,2026-05
ORD102648,2026-05-27,CUST10457,Monitor,Accessories,Central,Online,Rep_18,3,24693,0.05,70375.05,60470.06,9904.99,14.07,Cash,3.8,No,2026-05
ORD102679,2026-05-27,CUST10550,Smartphone,Mobile,East,Partner,Rep_01,1,51604,0.0,51604.0,40527.2,11076.8,21.47,Debit Card,3.6,Yes,2026-05
ORD101256,2026-05-27,CUST10061,Monitor,Accessories,South,Online,Rep_12,8,21708,0.1,156297.6,136088.08,20209.52,12.93,UPI,4.1,No,2026-05
ORD104430,2026-05-27,CUST10438,Printer,Office,South,Retail Store,Rep_04,4,19580,0.0,78320.0,49569.25,28750.75,36.71,UPI,3.5,No,2026-05
ORD101598,2026-05-27,CUST10244,Laptop,Computers,West,Partner,Rep_10,5,78108,0.15,331959.0,319182.47,12776.53,3.85,Cash,3.8,No,2026-05
ORD102577,2026-05-28,CUST10578,Smartwatch,Wearables,Central,Online,Rep_08,1,9850,0.05,9357.5,8169.37,1188.13,12.7,Credit Card,3.8,No,2026-05
ORD101085,2026-05-28,CUST10430,Smartwatch,Wearables,North,Partner,Rep_06,3,7700,0.1,20790.0,14556.9,6233.1,29.98,UPI,4.8,No,2026-05
ORD104014,2026-05-28,CUST10119,Smartphone,Mobile,South,Partner,Rep_14,1,18876,0.1,16988.4,12304.12,4684.28,27.57,Credit Card,3.4,No,2026-05
ORD101913,2026-05-28,CUST10292,Smartwatch,Wearables,North,Online,Rep_07,8,20239,0.15,137625.2,115276.36,22348.84,16.24,UPI,3.5,Yes,2026-05
ORD103394,2026-05-28,CUST10394,Tablet,Mobile,East,Partner,Rep_19,2,23632,0.02,46318.72,37345.17,8973.55,19.37,Credit Card,4.4,No,2026-05
ORD100242,2026-05-28,CUST10543,Smartwatch,Wearables,North,Retail Store,Rep_11,1,3927,0.1,3534.3,2960.87,573.43,16.22,Debit Card,3.2,No,2026-05
ORD102742,2026-05-28,CUST10048,Smartphone,Mobile,West,Online,Rep_12,1,39742,0.05,37754.9,31239.07,6515.83,17.26,Credit Card,4.2,No,2026-05
ORD104568,2026-05-28,CUST10560,Smartphone,Mobile,West,Online,Rep_07,4,49736,0.05,188996.8,163713.54,25283.26,13.38,Debit Card,4.5,No,2026-05
ORD100594,2026-05-29,CUST10727,Tablet,Mobile,South,Retail Store,Rep_13,5,32193,0.1,144868.5,119136.83,25731.67,17.76,Net Banking,4.8,No,2026-05
ORD101766,2026-05-29,CUST10731,Tablet,Mobile,East,Retail Store,Rep_19,8,46289,0.05,351796.4,305320.25,46476.15,13.21,UPI,3.8,No,2026-05
ORD103170,2026-05-29,CUST10125,Monitor,Accessories,South,Online,Rep_12,2,13665,0.02,26783.4,22245.87,4537.53,16.94,Credit Card,4.3,No,2026-05
ORD103768,2026-05-29,CUST10142,Monitor,Accessories,Central,Retail Store,Rep_03,8,20033,0.05,152250.8,120819.08,31431.72,20.64,UPI,4.0,No,2026-05
ORD103187,2026-05-29,CUST10275,Tablet,Mobile,West,Online,Rep_01,4,32349,0.02,126808.08,82058.23,44749.85,35.29,UPI,4.3,No,2026-05
ORD104335,2026-05-29,CUST10110,Tablet,Mobile,East,Retail Store,Rep_10,8,26300,0.1,189360.0,141662.97,47697.03,25.19,Net Banking,5.0,No,2026-05
ORD100826,2026-05-29,CUST10134,Webcam,Accessories,East,Retail Store,Rep_07,4,3709,0.2,11868.8,9480.93,2387.87,20.12,Credit Card,4.9,No,2026-05
ORD100820,2026-05-29,CUST10687,Tablet,Mobile,North,Retail Store,Rep_18,8,36828,0.05,279892.8,185807.14,94085.66,33.61,UPI,4.4,No,2026-05
ORD101671,2026-05-29,CUST10513,Tablet,Mobile,Central,Online,Rep_09,4,29265,0.08,107695.2,94081.28,13613.92,12.64,Cash,3.7,No,2026-05
ORD103962,2026-05-29,CUST10125,Monitor,Accessories,South,Partner,Rep_02,5,21928,0.02,107447.2,93961.83,13485.37,12.55,UPI,3.6,No,2026-05
ORD100913,2026-05-30,CUST10347,Mouse,Accessories,Central,Partner,Rep_09,7,2343,0.05,15580.95,11844.25,3736.7,23.98,Debit Card,4.4,No,2026-05
ORD102962,2026-05-30,CUST10236,Tablet,Mobile,South,Partner,Rep_05,3,17109,0.0,51327.0,44347.98,6979.02,13.6,UPI,3.9,No,2026-05
ORD104420,2026-05-30,CUST10462,Smartphone,Mobile,East,Retail Store,Rep_20,2,60867,0.15,103473.9,84576.72,18897.18,18.26,UPI,3.7,No,2026-05
ORD100492,2026-05-30,CUST10020,Mouse,Accessories,Central,Online,Rep_18,8,1975,0.08,14536.0,12514.85,2021.15,13.9,Debit Card,3.5,No,2026-05
ORD100890,2026-05-30,CUST10483,Smartphone,Mobile,South,Retail Store,Rep_11,7,55429,0.1,349202.7,310733.77,38468.93,11.02,Cash,4.0,No,2026-05
ORD103886,2026-05-31,CUST10627,Smartwatch,Wearables,South,Online,Rep_18,4,13669,0.1,49208.4,46146.36,3062.04,6.22,Credit Card,3.5,No,2026-05
ORD101121,2026-05-31,CUST10209,Webcam,Accessories,East,Retail Store,Rep_03,7,7525,0.05,50041.25,38394.22,11647.03,23.27,UPI,3.6,No,2026-05
ORD102397,2026-05-31,CUST10722,Smartphone,Mobile,West,Online,Rep_04,1,14473,0.02,14183.54,9161.73,5021.81,35.41,Net Banking,4.2,No,2026-05
ORD102053,2026-05-31,CUST10446,Smartphone,Mobile,Central,Partner,Rep_02,7,15163,0.02,104018.18,90900.96,13117.22,12.61,Credit Card,4.3,No,2026-05
ORD104647,2026-05-31,CUST10686,Mouse,Accessories,South,Partner,Rep_09,1,1233,0.0,1233.0,986.11,246.89,20.02,UPI,2.9,No,2026-05
ORD100037,2026-05-31,CUST10373,Tablet,Mobile,West,Online,Rep_20,4,28582,0.1,102895.2,85067.1,17828.1,17.33,Debit Card,4.4,No,2026-05
ORD103721,2026-05-31,CUST10078,Tablet,Mobile,South,Retail Store,Rep_02,5,51194,0.05,243171.5,180933.93,62237.57,25.59,Debit Card,3.7,No,2026-05
ORD100510,2026-05-31,CUST10486,Headphones,Audio,East,Retail Store,Rep_10,4,7179,0.2,22972.8,23675.69,-702.89,-3.06,Net Banking,4.9,No,2026-05
ORD103246,2026-05-31,CUST10735,Smartphone,Mobile,Central,Partner,Rep_17,3,28511,0.08,78690.36,69609.62,9080.74,11.54,Net Banking,3.7,No,2026-05
ORD102745,2026-06-01,CUST10202,Mouse,Accessories,South,Partner,Rep_05,3,2269,0.05,6466.65,5133.05,1333.6,20.62,UPI,3.4,No,2026-06
ORD103316,2026-06-01,CUST10419,Mouse,Accessories,West,Online,Rep_05,4,2259,0.15,7680.6,6504.43,1176.17,15.31,Debit Card,3.8,No,2026-06
ORD104071,2026-06-01,CUST10292,Tablet,Mobile,Central,Retail Store,Rep_04,7,25941,0.08,167060.04,146485.53,20574.51,12.32,Credit Card,4.3,No,2026-06
ORD100164,2026-06-01,CUST10279,Keyboard,Accessories,South,Online,Rep_04,3,4114,0.1,11107.8,10106.71,1001.09,9.01,Net Banking,4.4,No,2026-06
ORD100553,2026-06-01,CUST10178,Keyboard,Accessories,North,Retail Store,Rep_09,6,2891,0.1,15611.4,12645.87,2965.53,19.0,Credit Card,2.8,No,2026-06
ORD100351,2026-06-01,CUST10409,Monitor,Accessories,North,Retail Store,Rep_01,6,21502,0.02,126431.76,99590.36,26841.4,21.23,Credit Card,4.4,No,2026-06
ORD102940,2026-06-01,CUST10543,Laptop,Computers,Central,Online,Rep_19,7,55626,0.05,369912.9,281617.34,88295.56,23.87,UPI,3.9,No,2026-06
ORD104823,2026-06-01,CUST10538,Tablet,Mobile,South,Online,Rep_13,8,26254,0.1,189028.8,156221.04,32807.76,17.36,Debit Card,4.5,No,2026-06
ORD102863,2026-06-01,CUST10311,Smartwatch,Wearables,North,Retail Store,Rep_09,8,6742,0.05,51239.2,34392.09,16847.11,32.88,Debit Card,4.3,Yes,2026-06
ORD101259,2026-06-02,CUST10238,Laptop,Computers,West,Online,Rep_06,4,62886,0.0,251544.0,221254.81,30289.19,12.04,Credit Card,3.5,No,2026-06
ORD101527,2026-06-02,CUST10294,Smartphone,Mobile,South,Online,Rep_13,3,58873,0.0,176619.0,117052.68,59566.32,33.73,Credit Card,3.2,No,2026-06
ORD104933,2026-06-02,CUST10749,Smartwatch,Wearables,West,Online,Rep_13,7,8920,0.15,53074.0,42880.99,10193.01,19.21,Credit Card,4.5,No,2026-06
ORD102744,2026-06-02,CUST10139,Smartphone,Mobile,East,Online,Rep_08,8,18085,0.1,130212.0,114871.23,15340.77,11.78,Cash,4.0,No,2026-06
ORD104244,2026-06-02,CUST10008,Monitor,Accessories,South,Online,Rep_14,4,16061,0.15,54607.4,43212.07,11395.33,20.87,Net Banking,3.7,No,2026-06
ORD102950,2026-06-03,CUST10681,Smartwatch,Wearables,East,Partner,Rep_18,2,18675,0.02,36603.0,26543.7,10059.3,27.48,UPI,4.1,No,2026-06
ORD104769,2026-06-03,CUST10004,Headphones,Audio,South,Online,Rep_20,3,6339,0.08,17495.64,15025.42,2470.22,14.12,Cash,3.4,No,2026-06
ORD100605,2026-06-03,CUST10523,Smartphone,Mobile,West,Retail Store,Rep_20,2,59645,0.05,113325.5,97893.28,15432.22,13.62,Debit Card,4.7,No,2026-06
ORD104637,2026-06-03,CUST10413,Tablet,Mobile,North,Online,Rep_10,5,31603,0.1,142213.5,128010.53,14202.97,9.99,Net Banking,4.7,No,2026-06
ORD100498,2026-06-03,CUST10470,Laptop,Computers,South,Partner,Rep_04,5,93279,0.05,443075.25,289674.92,153400.33,34.62,Credit Card,3.6,No,2026-06
ORD102114,2026-06-04,CUST10347,Webcam,Accessories,Central,Retail Store,Rep_12,1,5950,0.05,5652.5,3938.35,1714.15,30.33,Credit Card,4.3,No,2026-06
ORD101550,2026-06-04,CUST10743,Mouse,Accessories,West,Retail Store,Rep_08,3,992,0.05,2827.2,2263.53,563.67,19.94,UPI,3.1,No,2026-06
ORD103447,2026-06-04,CUST10041,Printer,Office,East,Retail Store,Rep_08,7,27121,0.0,189847.0,138006.3,51840.7,27.31,UPI,3.9,No,2026-06
ORD101886,2026-06-04,CUST10368,Monitor,Accessories,North,Online,Rep_17,4,27992,0.05,106369.6,77169.82,29199.78,27.45,Debit Card,4.4,No,2026-06
ORD100875,2026-06-04,CUST10576,Laptop,Computers,North,Online,Rep_16,1,85024,0.0,85024.0,62148.42,22875.58,26.9,Net Banking,4.6,No,2026-06
ORD104833,2026-06-04,CUST10346,Mouse,Accessories,East,Online,Rep_14,8,1425,0.05,10830.0,9135.66,1694.34,15.64,Credit Card,3.1,Yes,2026-06
ORD101952,2026-06-04,CUST10746,Smartphone,Mobile,South,Retail Store,Rep_18,3,56689,0.1,153060.3,140212.71,12847.59,8.39,Net Banking,4.1,No,2026-06
ORD104160,2026-06-04,CUST10695,Keyboard,Accessories,East,Partner,Rep_07,2,3472,0.08,6388.48,5973.06,415.42,6.5,Debit Card,4.9,No,2026-06
ORD103951,2026-06-04,CUST10452,Laptop,Computers,Central,Retail Store,Rep_14,8,76614,0.08,563879.04,497021.67,66857.37,11.86,UPI,4.3,No,2026-06
ORD101926,2026-06-04,CUST10585,Laptop,Computers,West,Online,Rep_04,1,72620,0.02,71167.6,52106.27,19061.33,26.78,UPI,3.1,No,2026-06
ORD101687,2026-06-04,CUST10360,Smartwatch,Wearables,Central,Retail Store,Rep_09,3,19273,0.05,54928.05,44387.22,10540.83,19.19,Credit Card,4.7,No,2026-06
ORD100055,2026-06-04,CUST10276,Keyboard,Accessories,South,Retail Store,Rep_09,8,1876,0.08,13807.36,12511.02,1296.34,9.39,UPI,3.9,No,2026-06
ORD104627,2026-06-04,CUST10590,Tablet,Mobile,Central,Online,Rep_01,4,16506,0.2,52819.2,55543.81,-2724.61,-5.16,Debit Card,4.2,No,2026-06
ORD102348,2026-06-04,CUST10214,Tablet,Mobile,Central,Online,Rep_17,4,50182,0.1,180655.2,159790.48,20864.72,11.55,Cash,2.5,No,2026-06
ORD101336,2026-06-05,CUST10431,Mouse,Accessories,South,Partner,Rep_17,5,2435,0.15,10348.75,8763.19,1585.56,15.32,Cash,3.4,No,2026-06
ORD100228,2026-06-05,CUST10225,Monitor,Accessories,East,Online,Rep_17,8,12273,0.08,90329.28,64263.01,26066.27,28.86,Credit Card,3.5,No,2026-06
ORD101251,2026-06-05,CUST10209,Printer,Office,North,Online,Rep_10,3,17999,0.05,51297.15,35673.98,15623.17,30.46,Cash,3.6,No,2026-06
ORD104122,2026-06-05,CUST10582,Keyboard,Accessories,North,Online,Rep_11,6,1447,0.15,7379.7,6815.0,564.7,7.65,Credit Card,4.2,No,2026-06
ORD102685,2026-06-05,CUST10627,Tablet,Mobile,East,Online,Rep_12,7,42077,0.08,270975.88,191880.18,79095.7,29.19,UPI,3.5,No,2026-06
ORD103504,2026-06-05,CUST10538,Laptop,Computers,South,Retail Store,Rep_16,5,92323,0.05,438534.25,296525.0,142009.25,32.38,Credit Card,4.3,No,2026-06
ORD102038,2026-06-05,CUST10191,Smartphone,Mobile,South,Online,Rep_07,3,46042,0.0,138126.0,111026.32,27099.68,19.62,UPI,5.0,No,2026-06
ORD104719,2026-06-05,CUST10432,Monitor,Accessories,Central,Partner,Rep_05,4,29029,0.2,92892.8,87672.06,5220.74,5.62,UPI,4.8,No,2026-06
ORD102189,2026-06-05,CUST10278,Headphones,Audio,Central,Online,Rep_20,7,3645,0.0,25515.0,17617.88,7897.12,30.95,UPI,5.0,No,2026-06
ORD103667,2026-06-05,CUST10266,Printer,Office,West,Online,Rep_18,1,23771,0.05,22582.45,19285.06,3297.39,14.6,Debit Card,5.0,No,2026-06
ORD103793,2026-06-05,CUST10213,Keyboard,Accessories,East,Online,Rep_16,6,3731,0.1,20147.4,16727.88,3419.52,16.97,UPI,3.5,No,2026-06
ORD100981,2026-06-05,CUST10014,Tablet,Mobile,South,Partner,Rep_04,1,19214,0.08,17676.88,16009.84,1667.04,9.43,Credit Card,3.1,No,2026-06
ORD100196,2026-06-05,CUST10322,Tablet,Mobile,South,Online,Rep_09,4,30349,0.05,115326.2,103772.93,11553.27,10.02,Debit Card,3.6,No,2026-06
ORD102831,2026-06-06,CUST10226,Monitor,Accessories,North,Online,Rep_16,6,18859,0.05,107496.3,75118.85,32377.45,30.12,UPI,4.1,No,2026-06
ORD100221,2026-06-06,CUST10566,Mouse,Accessories,West,Partner,Rep_08,8,1927,0.08,14182.72,13287.08,895.64,6.32,Debit Card,4.9,No,2026-06
ORD101424,2026-06-06,CUST10390,Smartphone,Mobile,North,Partner,Rep_13,3,34398,0.15,87714.9,68154.28,19560.62,22.3,Debit Card,4.0,No,2026-06
ORD103875,2026-06-06,CUST10720,Laptop,Computers,East,Online,Rep_02,7,81489,0.08,524789.16,397122.09,127667.07,24.33,Debit Card,2.9,No,2026-06
ORD104777,2026-06-06,CUST10318,Laptop,Computers,West,Retail Store,Rep_03,3,61977,0.0,185931.0,126135.9,59795.1,32.16,Credit Card,3.7,No,2026-06
ORD100313,2026-06-06,CUST10387,Laptop,Computers,Central,Partner,Rep_14,5,58074,0.08,267140.4,185996.71,81143.69,30.37,UPI,4.4,No,2026-06
ORD104927,2026-06-06,CUST10148,Monitor,Accessories,South,Online,Rep_14,8,25762,0.02,201974.08,140645.63,61328.45,30.36,Cash,4.3,No,2026-06
ORD101895,2026-06-06,CUST10666,Keyboard,Accessories,South,Retail Store,Rep_02,6,3434,0.02,20191.92,15350.97,4840.95,23.97,Net Banking,3.6,No,2026-06
ORD103218,2026-06-06,CUST10355,Laptop,Computers,Central,Online,Rep_16,4,55230,0.1,198828.0,144727.75,54100.25,27.21,Debit Card,4.2,No,2026-06
ORD104271,2026-06-06,CUST10326,Mouse,Accessories,South,Partner,Rep_01,5,1723,0.05,8184.25,6612.25,1572.0,19.21,UPI,4.8,No,2026-06
ORD100421,2026-06-06,CUST10734,Printer,Office,Central,Partner,Rep_13,5,27925,0.1,125662.5,111106.66,14555.84,11.58,UPI,3.7,No,2026-06
ORD104450,2026-06-06,CUST10556,Headphones,Audio,Central,Retail Store,Rep_16,1,3547,0.02,3476.06,2905.34,570.72,16.42,Net Banking,5.0,No,2026-06
ORD100057,2026-06-06,CUST10455,Laptop,Computers,South,Partner,Rep_07,3,94493,0.15,240957.15,178013.43,62943.72,26.12,Net Banking,2.9,No,2026-06
ORD102161,2026-06-06,CUST10105,Mouse,Accessories,East,Retail Store,Rep_09,7,2130,0.2,11928.0,10362.12,1565.88,13.13,UPI,4.7,No,2026-06
ORD101925,2026-06-06,CUST10084,Printer,Office,East,Online,Rep_02,1,6956,0.08,6399.52,5645.33,754.19,11.79,Credit Card,3.5,No,2026-06
ORD100036,2026-06-06,CUST10166,Printer,Office,North,Retail Store,Rep_05,2,17158,0.1,30884.4,24216.96,6667.44,21.59,Debit Card,4.0,No,2026-06
ORD102255,2026-06-06,CUST10358,Webcam,Accessories,North,Online,Rep_11,3,7744,0.1,20908.8,18586.32,2322.48,11.11,Debit Card,3.5,No,2026-06
ORD104432,2026-06-06,CUST10153,Keyboard,Accessories,West,Retail Store,Rep_08,2,2930,0.08,5391.2,4547.55,843.65,15.65,Credit Card,4.1,Yes,2026-06
ORD100010,2026-06-07,CUST10730,Headphones,Audio,Central,Partner,Rep_20,1,6643,0.15,5646.55,5806.25,-159.7,-2.83,Credit Card,4.8,No,2026-06
ORD100622,2026-06-07,CUST10221,Smartphone,Mobile,West,Online,Rep_13,7,26299,0.0,184093.0,155139.13,28953.87,15.73,UPI,4.0,No,2026-06
ORD101152,2026-06-07,CUST10508,Printer,Office,West,Partner,Rep_18,4,20910,0.15,71094.0,63411.04,7682.96,10.81,Credit Card,4.2,No,2026-06
ORD100922,2026-06-07,CUST10733,Monitor,Accessories,East,Online,Rep_09,1,8579,0.0,8579.0,6216.47,2362.53,27.54,Debit Card,2.4,No,2026-06
ORD102535,2026-06-07,CUST10291,Headphones,Audio,East,Online,Rep_08,8,8867,0.05,67389.2,51578.99,15810.21,23.46,Credit Card,5.0,No,2026-06
ORD100554,2026-06-07,CUST10257,Keyboard,Accessories,East,Retail Store,Rep_20,6,1860,0.1,10044.0,7928.37,2115.63,21.06,Net Banking,4.3,No,2026-06
ORD101065,2026-06-07,CUST10219,Monitor,Accessories,South,Retail Store,Rep_15,6,15735,0.08,86857.2,76009.62,10847.58,12.49,UPI,3.1,No,2026-06
ORD104509,2026-06-07,CUST10620,Keyboard,Accessories,East,Retail Store,Rep_09,8,1402,0.2,8972.8,9676.68,-703.88,-7.84,Credit Card,4.0,No,2026-06
ORD104843,2026-06-07,CUST10361,Tablet,Mobile,North,Online,Rep_09,4,31441,0.15,106899.4,88802.48,18096.92,16.93,UPI,4.8,Yes,2026-06
ORD103986,2026-06-08,CUST10145,Smartwatch,Wearables,Central,Partner,Rep_15,7,10314,0.08,66422.16,44772.67,21649.49,32.59,Credit Card,4.3,No,2026-06
ORD100197,2026-06-08,CUST10306,Headphones,Audio,Central,Retail Store,Rep_20,3,2263,0.1,6110.1,4904.31,1205.79,19.73,Credit Card,2.6,No,2026-06
ORD101004,2026-06-08,CUST10205,Headphones,Audio,North,Online,Rep_13,1,3762,0.02,3686.76,2376.31,1310.45,35.54,Debit Card,5.0,No,2026-06
ORD100949,2026-06-08,CUST10096,Webcam,Accessories,South,Online,Rep_09,3,6546,0.1,17674.2,13210.63,4463.57,25.25,Net Banking,4.7,No,2026-06
ORD101162,2026-06-08,CUST10601,Smartphone,Mobile,South,Online,Rep_09,2,61724,0.15,104930.8,97144.91,7785.89,7.42,Credit Card,3.3,No,2026-06
ORD103941,2026-06-08,CUST10719,Headphones,Audio,North,Online,Rep_02,1,2082,0.08,1915.44,1701.13,214.31,11.19,Net Banking,3.4,No,2026-06
ORD104428,2026-06-09,CUST10257,Laptop,Computers,Central,Retail Store,Rep_15,3,99148,0.1,267699.6,206493.09,61206.51,22.86,UPI,3.2,No,2026-06
ORD103670,2026-06-09,CUST10176,Monitor,Accessories,South,Retail Store,Rep_13,4,13072,0.0,52288.0,36357.14,15930.86,30.47,Cash,3.8,No,2026-06
ORD103472,2026-06-09,CUST10578,Headphones,Audio,West,Partner,Rep_20,3,2951,0.05,8410.35,7531.3,879.05,10.45,Credit Card,4.8,No,2026-06
ORD103389,2026-06-09,CUST10555,Laptop,Computers,North,Partner,Rep_08,6,85476,0.08,471827.52,379231.84,92595.68,19.62,UPI,3.8,No,2026-06
ORD100673,2026-06-09,CUST10008,Laptop,Computers,Central,Online,Rep_19,6,46680,0.0,280080.0,187776.3,92303.7,32.96,Net Banking,1.9,No,2026-06
ORD100545,2026-06-09,CUST10588,Mouse,Accessories,South,Online,Rep_18,5,473,0.15,2010.25,1666.66,343.59,17.09,Debit Card,4.6,No,2026-06
ORD103009,2026-06-09,CUST10444,Mouse,Accessories,South,Online,Rep_01,4,1998,0.02,7832.16,5533.0,2299.16,29.36,UPI,2.4,No,2026-06
ORD104175,2026-06-09,CUST10689,Webcam,Accessories,South,Online,Rep_09,8,3801,0.05,28887.6,25491.3,3396.3,11.76,Net Banking,4.2,Yes,2026-06
ORD100129,2026-06-09,CUST10098,Laptop,Computers,Central,Retail Store,Rep_16,7,105147,0.02,721308.42,604072.42,117236.0,16.25,UPI,3.5,No,2026-06
ORD104894,2026-06-09,CUST10094,Smartphone,Mobile,North,Online,Rep_19,8,40691,0.08,299485.76,202558.74,96927.02,32.36,UPI,3.6,No,2026-06
ORD101989,2026-06-09,CUST10570,Monitor,Accessories,North,Retail Store,Rep_05,3,29351,0.05,83650.35,73651.79,9998.56,11.95,Debit Card,4.9,No,2026-06
ORD104513,2026-06-10,CUST10622,Laptop,Computers,West,Partner,Rep_09,2,75613,0.02,148201.48,115701.36,32500.12,21.93,UPI,4.4,No,2026-06
ORD104489,2026-06-10,CUST10263,Headphones,Audio,Central,Online,Rep_09,7,7217,0.0,50519.0,39321.51,11197.49,22.16,UPI,3.9,No,2026-06
ORD104696,2026-06-10,CUST10106,Webcam,Accessories,West,Partner,Rep_20,4,3908,0.05,14850.4,13184.78,1665.62,11.22,Credit Card,3.1,No,2026-06
ORD103289,2026-06-10,CUST10505,Webcam,Accessories,South,Retail Store,Rep_11,8,7745,0.02,60720.8,43121.03,17599.77,28.98,Credit Card,3.9,No,2026-06
ORD104997,2026-06-10,CUST10245,Smartphone,Mobile,West,Retail Store,Rep_17,6,49223,0.05,280571.1,197962.45,82608.65,29.44,Credit Card,2.5,Yes,2026-06
ORD104090,2026-06-10,CUST10037,Laptop,Computers,East,Retail Store,Rep_20,3,85472,0.08,235902.72,221908.32,13994.4,5.93,UPI,4.6,No,2026-06
ORD100028,2026-06-10,CUST10657,Keyboard,Accessories,Central,Retail Store,Rep_05,6,1455,0.05,8293.5,6717.49,1576.01,19.0,Cash,3.1,Yes,2026-06
ORD100065,2026-06-10,CUST10205,Smartphone,Mobile,West,Partner,Rep_05,8,26417,0.1,190202.4,138183.62,52018.78,27.35,UPI,4.6,No,2026-06
ORD103955,2026-06-11,CUST10401,Smartphone,Mobile,West,Retail Store,Rep_14,1,26366,0.08,24256.72,20744.49,3512.23,14.48,UPI,3.8,No,2026-06
ORD102926,2026-06-11,CUST10643,Webcam,Accessories,South,Online,Rep_10,2,4516,0.02,8851.36,7499.96,1351.4,15.27,UPI,4.2,No,2026-06
ORD104190,2026-06-11,CUST10006,Headphones,Audio,North,Online,Rep_06,3,11165,0.05,33495.0,28537.07,4957.93,14.8,Credit Card,3.9,No,2026-06
ORD102093,2026-06-11,CUST10476,Smartphone,Mobile,West,Retail Store,Rep_10,1,23070,0.05,21916.5,17691.86,4224.64,19.28,Debit Card,4.1,No,2026-06
ORD101950,2026-06-11,CUST10350,Monitor,Accessories,West,Retail Store,Rep_13,2,26408,0.02,51759.68,40148.7,11610.98,22.43,Credit Card,4.0,No,2026-06
ORD101211,2026-06-11,CUST10477,Monitor,Accessories,East,Online,Rep_05,5,22834,0.08,105036.4,86535.57,18500.83,17.61,UPI,3.4,No,2026-06
ORD103711,2026-06-11,CUST10183,Laptop,Computers,South,Retail Store,Rep_02,1,100823,0.02,98806.54,72712.84,26093.7,26.41,Net Banking,4.1,No,2026-06
ORD103638,2026-06-11,CUST10191,Laptop,Computers,South,Online,Rep_02,4,64478,0.08,237279.04,186524.57,50754.47,21.39,UPI,3.4,No,2026-06
ORD101631,2026-06-11,CUST10014,Headphones,Audio,South,Partner,Rep_15,5,10987,0.02,53836.3,44126.29,9710.01,18.04,UPI,3.2,Yes,2026-06
ORD103084,2026-06-11,CUST10505,Keyboard,Accessories,East,Retail Store,Rep_15,6,1161,0.2,5572.8,5344.54,228.26,4.1,Cash,4.2,No,2026-06
ORD101112,2026-06-11,CUST10284,Smartphone,Mobile,East,Retail Store,Rep_07,8,51260,0.1,369072.0,334261.07,34810.93,9.43,Debit Card,4.3,No,2026-06
ORD103751,2026-06-11,CUST10247,Webcam,Accessories,South,Retail Store,Rep_07,4,1505,0.08,5538.4,5039.08,499.32,9.02,Cash,4.0,No,2026-06
ORD104005,2026-06-12,CUST10585,Smartphone,Mobile,South,Online,Rep_03,3,20173,0.08,55677.48,52267.59,3409.89,6.12,Debit Card,3.9,No,2026-06
ORD102653,2026-06-12,CUST10460,Tablet,Mobile,Central,Retail Store,Rep_20,6,44027,0.08,243029.04,215535.81,27493.23,11.31,Debit Card,4.2,No,2026-06
ORD100285,2026-06-12,CUST10409,Keyboard,Accessories,Central,Online,Rep_01,6,4413,0.05,25154.1,21880.75,3273.35,13.01,UPI,4.5,No,2026-06
ORD102277,2026-06-12,CUST10694,Headphones,Audio,North,Online,Rep_15,1,6801,0.1,6120.9,4234.98,1885.92,30.81,UPI,3.2,No,2026-06
ORD102667,2026-06-12,CUST10260,Smartphone,Mobile,West,Retail Store,Rep_09,4,15144,0.05,57547.2,49649.79,7897.41,13.72,UPI,4.0,No,2026-06
ORD101511,2026-06-12,CUST10601,Printer,Office,West,Online,Rep_13,8,19096,0.08,140546.56,109253.85,31292.71,22.27,UPI,5.0,No,2026-06
ORD101126,2026-06-12,CUST10255,Keyboard,Accessories,West,Online,Rep_13,1,1813,0.1,1631.7,1479.16,152.54,9.35,Credit Card,4.9,No,2026-06
ORD100947,2026-06-12,CUST10199,Smartphone,Mobile,South,Online,Rep_09,6,39157,0.15,199700.7,151944.65,47756.05,23.91,UPI,4.0,No,2026-06
ORD103252,2026-06-12,CUST10110,Smartphone,Mobile,West,Online,Rep_09,7,38937,0.1,245303.1,185551.8,59751.3,24.36,Cash,3.5,No,2026-06
ORD103290,2026-06-12,CUST10595,Smartphone,Mobile,Central,Retail Store,Rep_08,2,50514,0.08,92945.76,64042.09,28903.67,31.1,Debit Card,4.7,No,2026-06
ORD100021,2026-06-13,CUST10705,Mouse,Accessories,East,Partner,Rep_15,5,2277,0.15,9677.25,9994.63,-317.38,-3.28,UPI,3.6,No,2026-06
ORD103374,2026-06-13,CUST10209,Mouse,Accessories,West,Online,Rep_10,3,1836,0.02,5397.84,4068.96,1328.88,24.62,Credit Card,4.1,No,2026-06
ORD104563,2026-06-13,CUST10415,Webcam,Accessories,West,Online,Rep_04,6,8326,0.05,47458.2,41219.91,6238.29,13.14,UPI,3.9,No,2026-06
ORD100405,2026-06-13,CUST10528,Tablet,Mobile,West,Partner,Rep_13,1,54082,0.08,49755.44,40010.64,9744.8,19.59,UPI,4.4,No,2026-06
ORD102930,2026-06-13,CUST10293,Monitor,Accessories,North,Retail Store,Rep_19,7,23454,0.0,164178.0,122958.63,41219.37,25.11,Net Banking,3.8,No,2026-06
ORD102693,2026-06-13,CUST10214,Laptop,Computers,North,Online,Rep_07,6,51275,0.08,283038.0,210959.71,72078.29,25.47,Debit Card,3.5,No,2026-06
ORD103262,2026-06-13,CUST10730,Monitor,Accessories,Central,Online,Rep_15,7,24003,0.08,154579.32,109476.01,45103.31,29.18,Debit Card,4.6,No,2026-06
ORD100388,2026-06-13,CUST10586,Smartphone,Mobile,East,Online,Rep_16,6,42384,0.05,241588.8,212057.42,29531.38,12.22,Cash,4.2,No,2026-06
ORD103520,2026-06-13,CUST10599,Smartphone,Mobile,North,Online,Rep_06,8,23383,0.0,187064.0,124775.52,62288.48,33.3,Cash,3.6,No,2026-06
ORD100504,2026-06-13,CUST10099,Printer,Office,East,Online,Rep_19,3,12658,0.05,36075.3,32438.94,3636.36,10.08,UPI,4.9,No,2026-06
ORD100352,2026-06-14,CUST10440,Printer,Office,South,Online,Rep_05,3,21083,0.05,60086.55,42029.2,18057.35,30.05,Debit Card,4.3,No,2026-06
ORD100112,2026-06-14,CUST10645,Smartphone,Mobile,Central,Online,Rep_09,3,38580,0.05,109953.0,98596.73,11356.27,10.33,Cash,4.1,No,2026-06
ORD103593,2026-06-14,CUST10696,Keyboard,Accessories,North,Retail Store,Rep_10,2,926,0.1,1666.8,1320.06,346.74,20.8,UPI,4.1,No,2026-06
ORD103564,2026-06-14,CUST10304,Monitor,Accessories,West,Online,Rep_07,5,8665,0.08,39859.0,31061.46,8797.54,22.07,UPI,3.8,No,2026-06
ORD100428,2026-06-14,CUST10252,Webcam,Accessories,East,Online,Rep_18,8,3021,0.0,24168.0,18933.32,5234.68,21.66,UPI,3.4,No,2026-06
ORD101144,2026-06-14,CUST10644,Keyboard,Accessories,North,Partner,Rep_01,1,2922,0.05,2775.9,1922.42,853.48,30.75,UPI,4.8,No,2026-06
ORD101656,2026-06-14,CUST10284,Smartwatch,Wearables,West,Partner,Rep_08,8,6694,0.05,50874.4,45736.18,5138.22,10.1,Credit Card,4.5,No,2026-06
ORD104858,2026-06-14,CUST10393,Smartwatch,Wearables,North,Partner,Rep_17,4,21305,0.15,72437.0,73108.28,-671.28,-0.93,Cash,5.0,No,2026-06
ORD102989,2026-06-14,CUST10414,Headphones,Audio,South,Partner,Rep_19,3,11813,0.02,34730.22,30016.57,4713.65,13.57,UPI,4.5,No,2026-06
ORD100138,2026-06-14,CUST10716,Headphones,Audio,South,Online,Rep_05,5,3343,0.05,15879.25,10912.72,4966.53,31.28,Credit Card,4.0,No,2026-06
ORD104989,2026-06-14,CUST10586,Headphones,Audio,West,Retail Store,Rep_08,4,4833,0.15,16432.2,12957.72,3474.48,21.14,UPI,5.0,No,2026-06
ORD104816,2026-06-15,CUST10253,Smartwatch,Wearables,West,Online,Rep_17,1,23396,0.15,19886.6,18742.58,1144.02,5.75,Debit Card,4.1,No,2026-06
ORD104072,2026-06-15,CUST10156,Mouse,Accessories,North,Online,Rep_12,2,1444,0.1,2599.2,1810.11,789.09,30.36,Debit Card,2.9,Yes,2026-06
ORD104086,2026-06-15,CUST10220,Laptop,Computers,South,Online,Rep_07,4,98920,0.02,387766.4,330533.26,57233.14,14.76,Debit Card,3.6,No,2026-06
ORD101983,2026-06-15,CUST10345,Monitor,Accessories,South,Retail Store,Rep_02,5,19736,0.05,93746.0,81268.19,12477.81,13.31,Net Banking,5.0,No,2026-06
ORD104263,2026-06-15,CUST10088,Monitor,Accessories,West,Online,Rep_05,4,17872,0.0,71488.0,54386.93,17101.07,23.92,Debit Card,4.2,No,2026-06
ORD103106,2026-06-15,CUST10254,Monitor,Accessories,West,Partner,Rep_06,8,13647,0.1,98258.4,87859.53,10398.87,10.58,UPI,4.0,No,2026-06
ORD101147,2026-06-15,CUST10468,Printer,Office,Central,Online,Rep_20,4,19460,0.1,70056.0,63246.8,6809.2,9.72,Net Banking,3.9,No,2026-06
ORD101514,2026-06-15,CUST10215,Laptop,Computers,East,Online,Rep_02,1,46023,0.02,45102.54,35859.64,9242.9,20.49,UPI,2.7,No,2026-06
ORD101640,2026-06-15,CUST10238,Smartwatch,Wearables,North,Online,Rep_06,4,9957,0.08,36641.76,28115.09,8526.67,23.27,UPI,3.9,No,2026-06
ORD103892,2026-06-15,CUST10728,Keyboard,Accessories,Central,Online,Rep_02,3,3902,0.0,11706.0,7288.89,4417.11,37.73,UPI,3.2,No,2026-06
ORD101850,2026-06-16,CUST10329,Mouse,Accessories,West,Partner,Rep_19,4,1043,0.05,3963.4,2885.7,1077.7,27.19,Credit Card,3.2,No,2026-06
ORD100868,2026-06-16,CUST10719,Smartphone,Mobile,East,Retail Store,Rep_14,8,22158,0.15,150674.4,120088.18,30586.22,20.3,UPI,4.3,No,2026-06
ORD100565,2026-06-16,CUST10273,Tablet,Mobile,North,Online,Rep_09,6,27464,0.05,156544.8,124463.42,32081.38,20.49,Credit Card,4.4,No,2026-06
ORD104265,2026-06-16,CUST10043,Mouse,Accessories,Central,Online,Rep_15,4,2293,0.05,8713.4,7692.08,1021.32,11.72,UPI,3.7,Yes,2026-06
ORD104202,2026-06-16,CUST10395,Smartphone,Mobile,West,Retail Store,Rep_04,2,44016,0.15,74827.2,59459.22,15367.98,20.54,UPI,3.1,No,2026-06
ORD104236,2026-06-16,CUST10601,Tablet,Mobile,South,Online,Rep_14,1,47871,0.02,46913.58,30709.9,16203.68,34.54,UPI,4.6,No,2026-06
ORD103476,2026-06-16,CUST10275,Printer,Office,North,Online,Rep_06,1,20220,0.1,18198.0,17759.9,438.1,2.41,Debit Card,5.0,No,2026-06
ORD102140,2026-06-16,CUST10364,Printer,Office,West,Partner,Rep_18,2,23039,0.05,43774.1,38083.91,5690.19,13.0,UPI,4.7,No,2026-06
ORD104320,2026-06-17,CUST10646,Keyboard,Accessories,East,Partner,Rep_01,1,3900,0.0,3900.0,3127.97,772.03,19.8,Credit Card,4.8,No,2026-06
ORD103068,2026-06-17,CUST10025,Smartwatch,Wearables,East,Online,Rep_11,2,21421,0.08,39414.64,35125.72,4288.92,10.88,Credit Card,4.3,No,2026-06
ORD102405,2026-06-17,CUST10611,Mouse,Accessories,East,Online,Rep_10,6,1187,0.0,7122.0,5460.09,1661.91,23.33,Credit Card,3.3,No,2026-06
ORD103215,2026-06-17,CUST10433,Smartphone,Mobile,West,Retail Store,Rep_13,3,16937,0.05,48270.45,34890.36,13380.09,27.72,UPI,2.8,No,2026-06
ORD102557,2026-06-17,CUST10093,Keyboard,Accessories,Central,Retail Store,Rep_02,1,1178,0.08,1083.76,979.25,104.51,9.64,Cash,4.9,No,2026-06
ORD103974,2026-06-17,CUST10622,Headphones,Audio,East,Online,Rep_18,3,6374,0.0,19122.0,15258.85,3863.15,20.2,Cash,3.8,No,2026-06
ORD100686,2026-06-17,CUST10051,Keyboard,Accessories,North,Online,Rep_01,5,3649,0.02,17880.1,13839.0,4041.1,22.6,Debit Card,4.2,No,2026-06
ORD103722,2026-06-17,CUST10698,Printer,Office,North,Partner,Rep_20,5,22863,0.1,102883.5,84575.36,18308.14,17.8,Debit Card,4.0,No,2026-06
ORD104376,2026-06-17,CUST10017,Monitor,Accessories,Central,Partner,Rep_02,8,12831,0.05,97515.6,87301.58,10214.02,10.47,UPI,3.8,No,2026-06
ORD101072,2026-06-17,CUST10715,Smartphone,Mobile,South,Retail Store,Rep_02,1,59934,0.2,47947.2,43233.16,4714.04,9.83,Credit Card,4.4,No,2026-06
ORD102956,2026-06-17,CUST10458,Mouse,Accessories,Central,Online,Rep_17,1,2307,0.0,2307.0,1809.58,497.42,21.56,UPI,3.5,No,2026-06
ORD102556,2026-06-17,CUST10471,Smartwatch,Wearables,West,Partner,Rep_11,2,8103,0.1,14585.4,13513.9,1071.5,7.35,UPI,3.3,No,2026-06
ORD100342,2026-06-17,CUST10413,Monitor,Accessories,West,Online,Rep_05,2,9305,0.02,18237.8,11710.75,6527.05,35.79,Credit Card,4.5,No,2026-06
ORD104728,2026-06-18,CUST10432,Printer,Office,North,Online,Rep_10,7,20373,0.08,131202.12,91122.14,40079.98,30.55,Debit Card,4.0,No,2026-06
ORD100808,2026-06-18,CUST10735,Smartwatch,Wearables,North,Partner,Rep_20,8,18815,0.2,120416.0,100540.18,19875.82,16.51,Credit Card,3.8,No,2026-06
ORD100533,2026-06-18,CUST10139,Smartwatch,Wearables,West,Partner,Rep_18,6,23077,0.05,131538.9,97576.22,33962.68,25.82,UPI,3.5,No,2026-06
ORD100954,2026-06-18,CUST10376,Webcam,Accessories,South,Partner,Rep_07,7,7635,0.05,50772.75,43195.74,7577.01,14.92,Credit Card,3.9,No,2026-06
ORD100796,2026-06-18,CUST10515,Webcam,Accessories,Central,Partner,Rep_05,3,3134,0.0,9402.0,6779.07,2622.93,27.9,UPI,3.7,No,2026-06
ORD101823,2026-06-18,CUST10209,Mouse,Accessories,South,Online,Rep_15,3,698,0.1,1884.6,1786.25,98.35,5.22,Net Banking,4.6,No,2026-06
ORD103904,2026-06-18,CUST10556,Smartphone,Mobile,West,Partner,Rep_01,4,64592,0.05,245449.6,202364.34,43085.26,17.55,UPI,2.8,No,2026-06
ORD102214,2026-06-19,CUST10724,Smartwatch,Wearables,West,Online,Rep_07,4,24763,0.05,94099.4,83911.86,10187.54,10.83,Debit Card,2.8,Yes,2026-06
ORD101620,2026-06-19,CUST10596,Headphones,Audio,East,Retail Store,Rep_05,6,11644,0.02,68466.72,60972.04,7494.68,10.95,Debit Card,4.5,No,2026-06
ORD104726,2026-06-19,CUST10599,Laptop,Computers,Central,Partner,Rep_10,3,101060,0.02,297116.4,190189.08,106927.32,35.99,UPI,3.6,No,2026-06
ORD101916,2026-06-19,CUST10328,Headphones,Audio,West,Partner,Rep_05,7,4158,0.05,27650.7,20364.5,7286.2,26.35,UPI,3.7,No,2026-06
ORD103878,2026-06-19,CUST10110,Webcam,Accessories,West,Online,Rep_09,6,4075,0.0,24450.0,15599.59,8850.41,36.2,Credit Card,4.0,No,2026-06
ORD100015,2026-06-19,CUST10441,Smartphone,Mobile,East,Retail Store,Rep_12,7,15571,0.1,98097.3,73586.17,24511.13,24.99,UPI,3.4,No,2026-06
ORD103953,2026-06-19,CUST10071,Smartwatch,Wearables,West,Retail Store,Rep_03,3,22250,0.05,63412.5,42663.47,20749.03,32.72,UPI,4.1,No,2026-06
ORD103134,2026-06-20,CUST10261,Keyboard,Accessories,East,Retail Store,Rep_03,5,2436,0.08,11205.6,10531.24,674.36,6.02,Credit Card,4.2,No,2026-06
ORD100508,2026-06-20,CUST10332,Printer,Office,South,Online,Rep_15,7,12138,0.05,80717.7,72701.56,8016.14,9.93,Debit Card,4.1,No,2026-06
ORD104039,2026-06-20,CUST10600,Mouse,Accessories,West,Retail Store,Rep_19,3,1460,0.1,3942.0,3296.9,645.1,16.36,Net Banking,3.0,No,2026-06
ORD104616,2026-06-20,CUST10676,Tablet,Mobile,North,Online,Rep_01,4,47557,0.05,180716.6,150837.38,29879.22,16.53,Credit Card,4.8,No,2026-06
ORD100755,2026-06-20,CUST10270,Smartphone,Mobile,South,Online,Rep_03,4,44821,0.15,152391.4,130907.53,21483.87,14.1,Net Banking,3.6,Yes,2026-06
ORD100739,2026-06-20,CUST10400,Monitor,Accessories,East,Retail Store,Rep_19,7,15054,0.05,100109.1,86191.12,13917.98,13.9,Debit Card,3.5,No,2026-06
ORD101604,2026-06-20,CUST10065,Tablet,Mobile,West,Retail Store,Rep_14,7,27180,0.15,161721.0,166942.28,-5221.28,-3.23,Net Banking,4.8,No,2026-06
ORD102389,2026-06-20,CUST10079,Headphones,Audio,West,Online,Rep_04,2,9030,0.15,15351.0,13701.8,1649.2,10.74,UPI,3.8,No,2026-06
ORD100752,2026-06-20,CUST10306,Smartwatch,Wearables,South,Retail Store,Rep_15,4,4203,0.05,15971.4,12007.83,3963.57,24.82,Net Banking,3.2,No,2026-06
ORD104456,2026-06-20,CUST10279,Laptop,Computers,West,Online,Rep_20,2,92539,0.02,181376.44,136463.93,44912.51,24.76,Debit Card,3.4,No,2026-06
ORD103415,2026-06-21,CUST10545,Headphones,Audio,South,Online,Rep_12,5,9578,0.15,40706.5,39042.95,1663.55,4.09,UPI,4.6,No,2026-06
ORD104069,2026-06-21,CUST10740,Mouse,Accessories,West,Partner,Rep_19,2,1754,0.05,3332.6,2201.85,1130.75,33.93,Credit Card,3.5,No,2026-06
ORD100724,2026-06-21,CUST10218,Headphones,Audio,South,Online,Rep_18,2,8074,0.15,13725.8,13581.57,144.23,1.05,Credit Card,4.0,No,2026-06
ORD101606,2026-06-21,CUST10597,Keyboard,Accessories,West,Partner,Rep_12,1,1896,0.05,1801.2,1570.87,230.33,12.79,Credit Card,4.9,No,2026-06
ORD100892,2026-06-21,CUST10342,Printer,Office,East,Partner,Rep_13,2,15559,0.08,28628.56,21358.95,7269.61,25.39,Net Banking,4.5,No,2026-06
ORD102169,2026-06-21,CUST10412,Mouse,Accessories,South,Retail Store,Rep_15,2,2021,0.08,3718.64,3450.74,267.9,7.2,Credit Card,3.8,No,2026-06
ORD101080,2026-06-21,CUST10139,Smartwatch,Wearables,East,Partner,Rep_10,6,6242,0.08,34455.84,29885.97,4569.87,13.26,Credit Card,4.9,No,2026-06
ORD101645,2026-06-22,CUST10404,Laptop,Computers,East,Partner,Rep_17,4,108471,0.05,412189.8,320577.14,91612.66,22.23,Cash,3.1,No,2026-06
ORD101794,2026-06-22,CUST10677,Mouse,Accessories,South,Online,Rep_04,5,1053,0.05,5001.75,4086.13,915.62,18.31,Credit Card,4.4,No,2026-06
ORD103775,2026-06-22,CUST10167,Mouse,Accessories,West,Online,Rep_08,4,833,0.08,3065.44,2449.39,616.05,20.1,Cash,3.7,No,2026-06
ORD100948,2026-06-22,CUST10154,Webcam,Accessories,East,Partner,Rep_04,4,6479,0.05,24620.2,21837.19,2783.01,11.3,Credit Card,4.5,No,2026-06
ORD102309,2026-06-22,CUST10256,Smartphone,Mobile,Central,Partner,Rep_10,1,15079,0.02,14777.42,9735.73,5041.69,34.12,UPI,4.2,No,2026-06
ORD100778,2026-06-22,CUST10575,Headphones,Audio,West,Partner,Rep_02,3,2383,0.05,6434.1,4474.52,1959.58,30.46,UPI,5.0,No,2026-06
ORD102323,2026-06-22,CUST10301,Mouse,Accessories,West,Retail Store,Rep_18,2,1250,0.05,2375.0,1871.03,503.97,21.22,Net Banking,4.1,No,2026-06
ORD100972,2026-06-22,CUST10519,Smartwatch,Wearables,West,Online,Rep_09,5,4204,0.02,20599.6,16258.74,4340.86,21.07,UPI,4.8,No,2026-06
ORD101985,2026-06-22,CUST10378,Smartphone,Mobile,East,Online,Rep_05,4,51865,0.05,197087.0,167125.36,29961.64,15.2,Credit Card,4.3,No,2026-06
ORD103088,2026-06-22,CUST10409,Laptop,Computers,West,Partner,Rep_07,5,88877,0.08,408834.2,305034.65,103799.55,25.39,Debit Card,4.4,No,2026-06
ORD103997,2026-06-22,CUST10171,Tablet,Mobile,Central,Online,Rep_12,4,30037,0.1,108133.2,85920.61,22212.59,20.54,Debit Card,4.0,No,2026-06
ORD100268,2026-06-23,CUST10008,Headphones,Audio,North,Retail Store,Rep_04,7,11486,0.05,76381.9,58537.43,17844.47,23.36,UPI,3.7,No,2026-06
ORD102473,2026-06-23,CUST10631,Webcam,Accessories,Central,Online,Rep_06,2,5562,0.02,10901.52,7094.66,3806.86,34.92,Credit Card,3.4,No,2026-06
ORD101069,2026-06-23,CUST10251,Tablet,Mobile,South,Retail Store,Rep_01,4,18690,0.05,71022.0,55198.55,15823.45,22.28,Credit Card,4.2,No,2026-06
ORD102341,2026-06-23,CUST10499,Headphones,Audio,North,Online,Rep_20,3,11110,0.08,30663.6,25332.45,5331.15,17.39,Credit Card,4.2,No,2026-06
ORD104574,2026-06-23,CUST10404,Headphones,Audio,South,Online,Rep_19,5,5462,0.05,25944.5,17866.62,8077.88,31.14,UPI,2.4,Yes,2026-06
ORD101348,2026-06-23,CUST10237,Tablet,Mobile,East,Online,Rep_17,6,19140,0.1,103356.0,80874.59,22481.41,21.75,UPI,4.8,No,2026-06
ORD104499,2026-06-23,CUST10259,Smartphone,Mobile,South,Online,Rep_20,8,24468,0.08,180084.48,147288.49,32795.99,18.21,Credit Card,3.5,No,2026-06
ORD102064,2026-06-24,CUST10263,Monitor,Accessories,West,Retail Store,Rep_05,1,15973,0.15,13577.05,11390.28,2186.77,16.11,Net Banking,2.6,No,2026-06
ORD101862,2026-06-24,CUST10321,Mouse,Accessories,West,Retail Store,Rep_19,4,1298,0.1,4672.8,4389.68,283.12,6.06,Net Banking,3.8,Yes,2026-06
ORD101043,2026-06-24,CUST10444,Tablet,Mobile,South,Partner,Rep_12,5,29747,0.05,141298.25,121940.86,19357.39,13.7,Credit Card,4.8,Yes,2026-06
ORD103882,2026-06-24,CUST10553,Headphones,Audio,North,Online,Rep_02,2,9993,0.0,19986.0,15637.32,4348.68,21.76,UPI,3.8,No,2026-06
ORD101915,2026-06-24,CUST10705,Monitor,Accessories,West,Online,Rep_15,6,9650,0.15,49215.0,45226.52,3988.48,8.1,Credit Card,4.6,No,2026-06
ORD103617,2026-06-24,CUST10189,Keyboard,Accessories,South,Online,Rep_03,2,4004,0.05,7607.6,6472.91,1134.69,14.92,Debit Card,3.7,No,2026-06
ORD103360,2026-06-24,CUST10298,Mouse,Accessories,Central,Online,Rep_05,6,555,0.05,3163.5,2255.4,908.1,28.71,UPI,4.8,No,2026-06
ORD100756,2026-06-24,CUST10052,Printer,Office,East,Online,Rep_05,8,23075,0.1,166140.0,116763.87,49376.13,29.72,Debit Card,2.9,No,2026-06
ORD102900,2026-06-24,CUST10003,Laptop,Computers,East,Partner,Rep_20,5,72441,0.1,325984.5,236660.34,89324.16,27.4,Credit Card,4.0,No,2026-06
ORD104176,2026-06-24,CUST10588,Smartwatch,Wearables,South,Retail Store,Rep_09,5,6438,0.08,29614.8,26473.1,3141.7,10.61,UPI,3.4,No,2026-06
ORD104409,2026-06-24,CUST10256,Tablet,Mobile,East,Retail Store,Rep_07,8,41043,0.08,302076.48,220059.85,82016.63,27.15,Debit Card,5.0,No,2026-06
ORD102767,2026-06-25,CUST10509,Keyboard,Accessories,East,Online,Rep_02,5,4059,0.1,18265.5,13188.42,5077.08,27.8,Debit Card,3.5,No,2026-06
ORD101894,2026-06-25,CUST10106,Smartphone,Mobile,Central,Online,Rep_05,1,50421,0.15,42857.85,31660.83,11197.02,26.13,Credit Card,3.9,No,2026-06
ORD101027,2026-06-25,CUST10679,Webcam,Accessories,East,Online,Rep_17,2,2732,0.02,5354.72,3689.45,1665.27,31.1,Net Banking,5.0,No,2026-06
ORD101214,2026-06-25,CUST10062,Printer,Office,North,Partner,Rep_03,5,18736,0.02,91806.4,79784.39,12022.01,13.09,Net Banking,3.0,No,2026-06
ORD103876,2026-06-25,CUST10691,Monitor,Accessories,South,Retail Store,Rep_08,7,11107,0.0,77749.0,57536.04,20212.96,26.0,UPI,4.1,No,2026-06
ORD102602,2026-06-25,CUST10017,Laptop,Computers,West,Retail Store,Rep_11,8,63398,0.02,497040.32,351244.26,145796.06,29.33,UPI,4.9,No,2026-06
ORD104663,2026-06-25,CUST10510,Monitor,Accessories,East,Online,Rep_03,4,25448,0.05,96702.4,82205.92,14496.48,14.99,Credit Card,4.4,No,2026-06
ORD100717,2026-06-25,CUST10159,Printer,Office,North,Partner,Rep_19,4,24015,0.08,88375.2,82696.18,5679.02,6.43,UPI,3.4,No,2026-06
ORD103998,2026-06-25,CUST10538,Monitor,Accessories,North,Retail Store,Rep_15,8,25924,0.15,176283.2,178942.93,-2659.73,-1.51,UPI,4.3,No,2026-06
ORD103139,2026-06-25,CUST10697,Keyboard,Accessories,Central,Retail Store,Rep_09,5,1312,0.02,6428.8,5231.52,1197.28,18.62,Credit Card,3.9,No,2026-06
ORD101800,2026-06-25,CUST10146,Laptop,Computers,East,Online,Rep_12,2,77636,0.1,139744.8,116465.02,23279.78,16.66,Credit Card,3.3,No,2026-06
ORD101129,2026-06-25,CUST10425,Tablet,Mobile,East,Online,Rep_06,4,38065,0.15,129421.0,118694.35,10726.65,8.29,UPI,3.2,No,2026-06
ORD103664,2026-06-25,CUST10545,Laptop,Computers,Central,Online,Rep_16,1,71964,0.15,61169.4,51402.77,9766.63,15.97,Net Banking,3.0,No,2026-06
ORD100833,2026-06-25,CUST10645,Smartphone,Mobile,North,Retail Store,Rep_20,3,38035,0.08,104976.6,95747.31,9229.29,8.79,Credit Card,3.7,No,2026-06
ORD102938,2026-06-25,CUST10060,Keyboard,Accessories,South,Online,Rep_16,3,3339,0.08,9215.64,8812.17,403.47,4.38,Credit Card,4.7,No,2026-06
ORD104129,2026-06-26,CUST10187,Tablet,Mobile,West,Retail Store,Rep_10,5,54972,0.05,261117.0,200564.5,60552.5,23.19,Credit Card,4.1,No,2026-06
ORD100118,2026-06-26,CUST10577,Smartphone,Mobile,Central,Partner,Rep_11,4,49529,0.02,194153.68,143986.71,50166.97,25.84,Net Banking,3.6,No,2026-06
ORD104495,2026-06-26,CUST10432,Headphones,Audio,East,Online,Rep_12,8,8828,0.08,64974.08,59911.08,5063.0,7.79,Cash,3.9,No,2026-06
ORD102814,2026-06-26,CUST10210,Smartphone,Mobile,North,Online,Rep_14,7,59377,0.08,382387.88,337746.43,44641.45,11.67,UPI,5.0,No,2026-06
ORD100882,2026-06-26,CUST10090,Mouse,Accessories,South,Online,Rep_12,8,2177,0.05,16545.2,10901.41,5643.79,34.11,UPI,3.9,No,2026-06
ORD101928,2026-06-26,CUST10290,Monitor,Accessories,South,Partner,Rep_10,7,28330,0.0,198310.0,151001.12,47308.88,23.86,Debit Card,4.6,No,2026-06
ORD100929,2026-06-26,CUST10593,Mouse,Accessories,South,Online,Rep_12,8,2238,0.1,16113.6,12712.78,3400.82,21.11,Debit Card,5.0,No,2026-06
ORD102844,2026-06-26,CUST10706,Smartwatch,Wearables,Central,Partner,Rep_17,6,4058,0.08,22400.16,15406.14,6994.02,31.22,Net Banking,3.4,No,2026-06
ORD102477,2026-06-27,CUST10128,Smartphone,Mobile,Central,Partner,Rep_03,5,54083,0.05,256894.25,216790.78,40103.47,15.61,Debit Card,3.8,No,2026-06
ORD102384,2026-06-27,CUST10372,Monitor,Accessories,South,Online,Rep_03,1,16370,0.15,13914.5,11736.53,2177.97,15.65,Net Banking,5.0,No,2026-06
ORD103054,2026-06-27,CUST10283,Smartphone,Mobile,North,Partner,Rep_06,3,42202,0.1,113945.4,97713.55,16231.85,14.25,Debit Card,3.6,No,2026-06
ORD102532,2026-06-27,CUST10305,Printer,Office,North,Retail Store,Rep_20,1,19622,0.0,19622.0,12465.96,7156.04,36.47,UPI,3.3,No,2026-06
ORD100559,2026-06-27,CUST10346,Headphones,Audio,Central,Retail Store,Rep_07,6,3317,0.15,16916.7,14211.47,2705.23,15.99,Debit Card,4.2,No,2026-06
ORD101182,2026-06-27,CUST10127,Tablet,Mobile,East,Online,Rep_13,2,37016,0.05,70330.4,54247.0,16083.4,22.87,Debit Card,3.5,No,2026-06
ORD103891,2026-06-27,CUST10097,Headphones,Audio,Central,Online,Rep_07,2,5964,0.05,11331.6,10020.75,1310.85,11.57,Debit Card,4.3,No,2026-06
ORD101025,2026-06-27,CUST10646,Smartwatch,Wearables,West,Partner,Rep_06,4,24916,0.08,91690.88,79328.4,12362.48,13.48,UPI,4.4,Yes,2026-06
ORD104712,2026-06-27,CUST10322,Monitor,Accessories,West,Online,Rep_12,1,8721,0.02,8546.58,6791.87,1754.71,20.53,Net Banking,3.9,No,2026-06
ORD103195,2026-06-27,CUST10680,Tablet,Mobile,South,Online,Rep_02,3,35495,0.02,104355.3,73765.07,30590.23,29.31,Credit Card,4.1,No,2026-06
ORD101629,2026-06-27,CUST10742,Laptop,Computers,North,Retail Store,Rep_01,7,78025,0.02,535251.5,454697.36,80554.14,15.05,Debit Card,5.0,No,2026-06
ORD100100,2026-06-28,CUST10577,Laptop,Computers,Central,Partner,Rep_10,1,60942,0.2,48753.6,38199.29,10554.31,21.65,UPI,4.4,No,2026-06
ORD104120,2026-06-28,CUST10511,Headphones,Audio,Central,Online,Rep_12,3,5195,0.05,14805.75,11565.46,3240.29,21.89,Cash,3.9,No,2026-06
ORD104672,2026-06-28,CUST10342,Webcam,Accessories,West,Partner,Rep_03,6,1762,0.08,9726.24,6777.14,2949.1,30.32,Credit Card,4.5,No,2026-06
ORD101945,2026-06-28,CUST10170,Headphones,Audio,West,Online,Rep_05,5,1914,0.08,8804.4,6658.7,2145.7,24.37,Cash,3.3,No,2026-06
ORD103159,2026-06-28,CUST10037,Printer,Office,East,Retail Store,Rep_20,4,25092,0.15,85312.8,75334.74,9978.06,11.7,Cash,3.9,No,2026-06
ORD102717,2026-06-28,CUST10401,Mouse,Accessories,South,Partner,Rep_17,7,1300,0.05,8645.0,6034.67,2610.33,30.19,Debit Card,5.0,No,2026-06
ORD100162,2026-06-28,CUST10564,Mouse,Accessories,South,Partner,Rep_06,6,2488,0.1,13435.2,12542.4,892.8,6.65,Cash,4.2,No,2026-06
ORD102723,2026-06-29,CUST10519,Headphones,Audio,North,Online,Rep_03,7,8594,0.08,55345.36,45945.93,9399.43,16.98,Credit Card,4.2,No,2026-06
ORD101473,2026-06-29,CUST10691,Webcam,Accessories,North,Partner,Rep_12,8,3102,0.08,22830.72,19209.63,3621.09,15.86,Cash,5.0,No,2026-06
ORD103227,2026-06-29,CUST10392,Smartphone,Mobile,North,Online,Rep_10,1,15920,0.05,15124.0,12203.52,2920.48,19.31,Debit Card,3.7,Yes,2026-06
ORD102757,2026-06-29,CUST10175,Monitor,Accessories,East,Online,Rep_20,8,28654,0.02,224647.36,192764.21,31883.15,14.19,UPI,4.0,No,2026-06
ORD101907,2026-06-29,CUST10674,Smartwatch,Wearables,East,Online,Rep_05,2,23798,0.2,38076.8,36714.08,1362.72,3.58,UPI,4.0,No,2026-06
ORD102072,2026-06-29,CUST10230,Keyboard,Accessories,East,Online,Rep_03,8,1597,0.05,12137.2,9879.69,2257.51,18.6,UPI,5.0,No,2026-06
ORD104033,2026-06-29,CUST10683,Laptop,Computers,North,Partner,Rep_20,3,82696,0.08,228240.96,200797.45,27443.51,12.02,UPI,2.9,No,2026-06
ORD103933,2026-06-29,CUST10214,Mouse,Accessories,East,Online,Rep_20,2,2450,0.02,4802.0,3854.57,947.43,19.73,Debit Card,4.3,No,2026-06
ORD101859,2026-06-29,CUST10333,Printer,Office,East,Partner,Rep_02,7,16013,0.08,103123.72,85911.25,17212.47,16.69,Credit Card,4.0,No,2026-06
ORD100210,2026-06-29,CUST10187,Smartphone,Mobile,Central,Partner,Rep_07,7,32893,0.05,218738.45,186518.35,32220.1,14.73,Net Banking,3.7,No,2026-06
ORD104463,2026-06-29,CUST10672,Smartwatch,Wearables,West,Retail Store,Rep_09,3,21579,0.08,59558.04,56469.16,3088.88,5.19,Credit Card,4.5,No,2026-06
ORD101904,2026-06-30,CUST10180,Laptop,Computers,East,Online,Rep_17,6,92356,0.05,526429.2,370898.18,155531.02,29.54,Net Banking,3.9,No,2026-06
ORD101405,2026-06-30,CUST10051,Mouse,Accessories,West,Retail Store,Rep_12,7,690,0.05,4588.5,3866.1,722.4,15.74,Debit Card,4.1,No,2026-06
ORD104231,2026-06-30,CUST10618,Headphones,Audio,North,Retail Store,Rep_19,5,11383,0.2,45532.0,41135.32,4396.68,9.66,Debit Card,2.8,No,2026-06
ORD103825,2026-06-30,CUST10321,Smartphone,Mobile,North,Retail Store,Rep_06,8,43647,0.1,314258.4,275452.94,38805.46,12.35,UPI,4.9,Yes,2026-06
ORD101634,2026-06-30,CUST10207,Printer,Office,North,Partner,Rep_08,4,22432,0.2,71782.4,67128.74,4653.66,6.48,Credit Card,2.9,No,2026-06
ORD104161,2026-06-30,CUST10485,Keyboard,Accessories,West,Online,Rep_06,2,2952,0.08,5431.68,4914.52,517.16,9.52,Credit Card,3.9,No,2026-06
ORD100305,2026-06-30,CUST10518,Headphones,Audio,South,Online,Rep_14,7,7614,0.1,47968.2,34455.3,13512.9,28.17,Credit Card,4.1,No,2026-06
ORD100137,2026-06-30,CUST10382,Keyboard,Accessories,North,Partner,Rep_05,5,1470,0.1,6615.0,4924.52,1690.48,25.56,UPI,2.8,No,2026-06
ORD103733,2026-06-30,CUST10340,Monitor,Accessories,North,Online,Rep_10,8,11159,0.02,87486.56,55908.71,31577.85,36.09,Debit Card,5.0,No,2026-06
ORD100034,2026-06-30,CUST10437,Smartwatch,Wearables,South,Online,Rep_13,2,20266,0.05,38505.4,32033.0,6472.4,16.81,UPI,3.6,No,2026-06
ORD103411,2026-06-30,CUST10121,Monitor,Accessories,North,Online,Rep_05,8,26244,0.05,199454.4,173785.12,25669.28,12.87,UPI,3.3,No,2026-06
ORD101149,2026-06-30,CUST10029,Printer,Office,West,Partner,Rep_20,5,13852,0.02,67874.8,54903.15,12971.65,19.11,Credit Card,4.0,No,2026-06
